time,MP2.5,temperature_2m,relative_humidity_2m,precipitation,wind_speed_10m,month_sin,month_cos,weekday_sin,weekday_cos,hour_sin,hour_cos,temperature_2m_lag1,temperature_2m_lag3,temperature_2m_lag6,temperature_2m_lag12,temperature_2m_lag24,relative_humidity_2m_lag1,relative_humidity_2m_lag3,relative_humidity_2m_lag6,relative_humidity_2m_lag12,relative_humidity_2m_lag24,wind_speed_10m_lag1,wind_speed_10m_lag3,wind_speed_10m_lag6,wind_speed_10m_lag12,wind_speed_10m_lag24,pm25_lag1,pm25_lag2,pm25_lag3,pm25_lag6,pm25_lag12,pm25_lag24,pm25_lag48,pm25_lag168,is_winter,pm25_mean_6h,pm25_std_6h,pm25_max_6h,pm25_mean_12h,pm25_std_12h,pm25_max_12h,pm25_mean_24h,pm25_std_24h,pm25_max_24h,pm25_mean_48h,pm25_std_48h,pm25_max_48h
2026-05-24 01:00:00+00:00,43.0,16.1,97.16548,0.4,3.2846913,0.49999999999999994,-0.8660254037844387,-0.7818314824680299,0.6234898018587334,0.25881904510252074,0.9659258262890683,,,,,,,,,,,,,,,,,,,,,,,,0,,,,,,,,,,,,
2026-05-24 02:00:00+00:00,45.0,16.0,98.7304,0.9,5.3999996,0.49999999999999994,-0.8660254037844387,-0.7818314824680299,0.6234898018587334,0.49999999999999994,0.8660254037844387,16.1,,,,,97.16548,,,,,3.2846913,,,,,43.0,,,,,,,,0,,,,,,,,,,,,
2026-05-24 03:00:00+00:00,39.4,15.85,97.78497,0.2,7.8954163,0.49999999999999994,-0.8660254037844387,-0.7818314824680299,0.6234898018587334,0.7071067811865475,0.7071067811865476,16.0,,,,,98.7304,,,,,5.3999996,,,,,45.0,43.0,,,,,,,0,,,,,,,,,,,,
2026-05-24 04:00:00+00:00,43.3,15.4,98.724525,0.2,3.4949677,0.49999999999999994,-0.8660254037844387,-0.7818314824680299,0.6234898018587334,0.8660254037844386,0.5000000000000001,15.85,16.1,,,,97.78497,97.16548,,,,7.8954163,3.2846913,,,,39.4,45.0,43.0,,,,,,0,,,,,,,,,,,,
2026-05-24 05:00:00+00:00,49.2,15.4,98.724525,0.6,2.0991426,0.49999999999999994,-0.8660254037844387,-0.7818314824680299,0.6234898018587334,0.9659258262890683,0.25881904510252074,15.4,16.0,,,,98.724525,98.7304,,,,3.4949677,5.3999996,,,,43.3,39.4,45.0,,,,,,0,,,,,,,,,,,,
2026-05-24 06:00:00+00:00,46.3,16.5,98.735245,1.3,5.692099,0.49999999999999994,-0.8660254037844387,-0.7818314824680299,0.6234898018587334,1.0,6.123233995736766e-17,15.4,15.85,,,,98.724525,97.78497,,,,2.0991426,7.8954163,,,,49.2,43.3,39.4,,,,,,0,,,,,,,,,,,,
2026-05-24 07:00:00+00:00,40.9,16.1,98.731346,1.2,3.710795,0.49999999999999994,-0.8660254037844387,-0.7818314824680299,0.6234898018587334,0.9659258262890683,-0.25881904510252063,16.5,15.4,16.1,,,98.735245,98.724525,97.16548,,,5.692099,3.4949677,3.2846913,,,46.3,49.2,43.3,43.0,,,,,0,44.36666666666667,3.3218468758608797,49.2,,,,,,,,,
2026-05-24 08:00:00+00:00,35.2,15.75,96.22648,5.7,2.6999998,0.49999999999999994,-0.8660254037844387,-0.7818314824680299,0.6234898018587334,0.8660254037844387,-0.4999999999999998,16.1,15.4,16.0,,,98.731346,98.724525,98.7304,,,3.710795,2.0991426,5.3999996,,,40.9,46.3,49.2,45.0,,,,,0,44.01666666666667,3.594115561117461,49.2,,,,,,,,,
2026-05-24 09:00:00+00:00,39.2,15.6,97.15466,2.7,4.6938252,0.49999999999999994,-0.8660254037844387,-0.7818314824680299,0.6234898018587334,0.7071067811865476,-0.7071067811865475,15.75,16.5,15.85,,,96.22648,98.735245,97.78497,,,2.6999998,5.692099,7.8954163,,,35.2,40.9,46.3,39.4,,,,,0,42.38333333333333,5.006961819972932,49.2,,,,,,,,,
2026-05-24 10:00:00+00:00,36.8,15.85,95.613205,6.3,0.9693296,0.49999999999999994,-0.8660254037844387,-0.7818314824680299,0.6234898018587334,0.49999999999999994,-0.8660254037844387,15.6,16.1,15.4,,,97.15466,98.731346,98.724525,,,4.6938252,3.710795,3.4949677,,,39.2,35.2,40.9,43.3,,,,,0,42.35,5.03140139523771,49.2,,,,,,,,,
2026-05-24 11:00:00+00:00,34.7,16.4,95.937805,5.8,0.9,0.49999999999999994,-0.8660254037844387,-0.7818314824680299,0.6234898018587334,0.258819045102521,-0.9659258262890682,15.85,15.75,15.4,,,95.613205,96.22648,98.724525,,,0.9693296,2.6999998,2.0991426,,,36.8,39.2,35.2,49.2,,,,,0,41.26666666666667,5.466869914920845,49.2,,,,,,,,,
2026-05-24 12:00:00+00:00,35.2,17.95,93.88226,2.6,3.244996,0.49999999999999994,-0.8660254037844387,-0.7818314824680299,0.6234898018587334,1.2246467991473532e-16,-1.0,16.4,15.6,16.5,,,95.937805,97.15466,98.735245,,,0.9,4.6938252,5.692099,,,34.7,36.8,39.2,46.3,,,,,0,38.85,4.349137845596522,46.3,,,,,,,,,
2026-05-24 13:00:00+00:00,40.0,19.95,82.865974,0.0,3.710795,0.49999999999999994,-0.8660254037844387,-0.7818314824680299,0.6234898018587334,-0.2588190451025208,-0.9659258262890683,17.95,15.85,16.1,16.1,,93.88226,95.613205,98.731346,97.16548,,3.244996,0.9693296,3.710795,3.2846913,,35.2,34.7,36.8,40.9,43.0,,,,0,37.0,2.52428207615551,40.9,40.68333333333333,4.765755369553102,49.2,,,,,,
2026-05-24 14:00:00+00:00,21.7,21.55,75.57036,0.0,3.3043609,0.49999999999999994,-0.8660254037844387,-0.7818314824680299,0.6234898018587334,-0.4999999999999997,-0.8660254037844388,19.95,16.4,15.75,16.0,,82.865974,95.937805,96.22648,98.7304,,3.710795,0.9,2.6999998,5.3999996,,40.0,35.2,34.7,35.2,45.0,,,,0,36.85,2.2589820716419977,40.0,40.43333333333333,4.711558964800065,49.2,,,,,,
2026-05-24 15:00:00+00:00,16.5,22.35,72.88748,0.1,7.0038276,0.49999999999999994,-0.8660254037844387,-0.7818314824680299,0.6234898018587334,-0.7071067811865471,-0.7071067811865479,21.55,17.95,15.6,15.85,,75.57036,93.88226,97.15466,97.78497,,3.3043609,3.244996,4.6938252,7.8954163,,21.7,40.0,35.2,39.2,39.4,,,,0,34.6,6.662431988395828,40.0,38.49166666666667,6.9349520983248745,49.2,,,,,,
2026-05-24 16:00:00+00:00,11.5,22.85,72.06081,0.2,9.473541,0.49999999999999994,-0.8660254037844387,-0.7818314824680299,0.6234898018587334,-0.8660254037844384,-0.5000000000000004,22.35,19.95,15.85,15.4,,72.88748,82.865974,95.613205,98.724525,,7.0038276,3.710795,0.9693296,3.4949677,,16.5,21.7,40.0,36.8,43.3,,,,0,30.816666666666666,9.407532443030247,40.0,36.583333333333336,9.38149371062115,49.2,,,,,,
2026-05-24 17:00:00+00:00,15.0,21.2,79.68716,1.0,7.674842,0.49999999999999994,-0.8660254037844387,-0.7818314824680299,0.6234898018587334,-0.9659258262890683,-0.25881904510252063,22.85,21.55,16.4,15.4,,72.06081,75.57036,95.937805,98.724525,,9.473541,3.3043609,0.9,2.0991426,,11.5,16.5,21.7,34.7,49.2,,,,0,26.600000000000005,11.603103033240721,40.0,33.93333333333333,11.55196428266114,49.2,,,,,,
2026-05-24 18:00:00+00:00,11.6,20.8,81.92786,0.5,5.771239,0.49999999999999994,-0.8660254037844387,-0.7818314824680299,0.6234898018587334,-1.0,-1.8369701987210297e-16,21.2,22.35,17.95,16.5,,79.68716,72.88748,93.88226,98.735245,,7.674842,7.0038276,3.244996,5.692099,,15.0,11.5,16.5,35.2,46.3,,,,0,23.316666666666666,11.639831041156338,40.0,31.083333333333332,11.661345106674855,46.3,,,,,,
2026-05-24 19:00:00+00:00,22.5,20.5,82.931305,0.3,2.7416782,0.49999999999999994,-0.8660254037844387,-0.7818314824680299,0.6234898018587334,-0.9659258262890684,0.2588190451025203,20.8,22.85,19.95,16.1,,81.92786,72.06081,82.865974,98.731346,,5.771239,9.473541,3.710795,3.710795,,11.6,15.0,11.5,40.0,40.9,,,,0,19.383333333333333,10.776533146920052,40.0,28.191666666666666,11.845862978144291,40.9,,,,,,
2026-05-24 20:00:00+00:00,28.7,19.7,87.69031,0.4,4.503598,0.49999999999999994,-0.8660254037844387,-0.7818314824680299,0.6234898018587334,-0.8660254037844386,0.5000000000000001,20.5,21.2,21.55,15.75,,82.931305,79.68716,75.57036,96.22648,,2.7416782,7.674842,3.3043609,2.6999998,,22.5,11.6,15.0,21.7,35.2,,,,0,16.466666666666665,4.7810737984961715,22.5,26.65833333333333,11.225981093657309,40.0,,,,,,
2026-05-24 21:00:00+00:00,22.1,18.65,91.86212,0.3,6.1305785,0.49999999999999994,-0.8660254037844387,-0.7818314824680299,0.6234898018587334,-0.7071067811865477,0.7071067811865474,19.7,20.8,22.35,15.6,,87.69031,81.92786,72.88748,97.15466,,4.503598,5.771239,7.0038276,4.6938252,,28.7,22.5,11.6,16.5,39.2,,,,0,17.633333333333333,6.758599460440499,28.7,26.116666666666664,10.92926291562188,40.0,,,,,,
2026-05-24 22:00:00+00:00,20.6,18.0,94.480934,0.1,2.4149535,0.49999999999999994,-0.8660254037844387,-0.7818314824680299,0.6234898018587334,-0.5000000000000004,0.8660254037844384,18.65,20.5,22.85,15.85,,91.86212,82.931305,72.06081,95.613205,,6.1305785,2.7416782,9.473541,0.9693296,,22.1,28.7,22.5,11.5,36.8,,,,0,18.566666666666666,6.954614774857527,28.7,24.691666666666666,10.155738040709545,40.0,,,,,,
2026-05-24 23:00:00+00:00,33.2,17.8,95.073296,0.3,2.16,0.49999999999999994,-0.8660254037844387,-0.7818314824680299,0.6234898018587334,-0.25881904510252157,0.9659258262890681,18.0,19.7,21.2,16.4,,94.480934,87.69031,79.68716,95.937805,,2.4149535,4.503598,7.674842,0.9,,20.6,22.1,28.7,15.0,34.7,,,,0,20.083333333333332,6.037024653475138,28.7,23.341666666666665,9.452220358041252,40.0,,,,,,
2026-05-25 00:00:00+00:00,34.3,17.35,96.271904,0.3,2.6999998,0.49999999999999994,-0.8660254037844387,0.0,1.0,0.0,1.0,17.8,18.65,20.8,17.95,,95.073296,91.86212,81.92786,93.88226,,2.16,6.1305785,5.771239,3.244996,,33.2,20.6,22.1,11.6,35.2,,,,0,23.116666666666664,7.392270738187733,33.2,23.21666666666667,9.29700179758196,40.0,,,,,,
2026-05-25 01:00:00+00:00,21.4,17.3,96.88346,2.1,5.5916004,0.49999999999999994,-0.8660254037844387,0.0,1.0,0.25881904510252074,0.9659258262890683,17.35,18.0,20.5,19.95,16.1,96.271904,94.480934,82.931305,82.865974,97.16548,2.6999998,2.4149535,2.7416782,3.710795,3.2846913,34.3,33.2,20.6,22.5,40.0,43.0,,,0,26.900000000000002,5.996332212277762,34.3,23.14166666666667,9.194608927699596,40.0,31.912499999999998,11.470275858098164,49.2,,,
2026-05-25 02:00:00+00:00,0.3,16.7,97.1784,0.2,11.328566,0.49999999999999994,-0.8660254037844387,0.0,1.0,0.49999999999999994,0.8660254037844387,17.3,17.8,19.7,21.55,16.0,96.88346,95.073296,87.69031,75.57036,98.7304,5.5916004,2.16,4.503598,3.3043609,5.3999996,21.4,34.3,33.2,28.7,21.7,45.0,,,0,26.71666666666667,6.1720066969071405,34.3,21.59166666666667,7.50726415890069,34.3,31.0125,11.409733163819617,49.2,,,
2026-05-25 03:00:00+00:00,0.0,15.55,97.153595,0.0,8.557102,0.49999999999999994,-0.8660254037844387,0.0,1.0,0.7071067811865475,0.7071067811865476,16.7,17.35,18.65,22.35,15.85,97.1784,96.271904,91.86212,72.88748,97.78497,11.328566,2.6999998,6.1305785,7.0038276,7.8954163,0.3,21.4,34.3,22.1,16.5,39.4,,,0,21.983333333333334,12.247026850083518,34.3,19.808333333333334,9.70055840317108,34.3,29.150000000000002,12.612174932252529,49.2,,,
2026-05-25 04:00:00+00:00,0.0,15.35,95.59658,0.0,6.489992,0.49999999999999994,-0.8660254037844387,0.0,1.0,0.8660254037844386,0.5000000000000001,15.55,17.3,18.0,22.85,15.4,97.153595,96.88346,94.480934,72.06081,98.724525,8.557102,5.5916004,2.4149535,9.473541,3.4949677,0.0,0.3,21.4,20.6,11.5,43.3,,,0,18.3,15.177615095923336,34.3,18.433333333333334,11.256701707575493,34.3,27.508333333333336,13.734308569566139,49.2,,,
2026-05-25 05:00:00+00:00,0.0,15.25,94.97787,0.0,7.056826,0.49999999999999994,-0.8660254037844387,0.0,1.0,0.9659258262890683,0.25881904510252074,15.35,16.7,17.8,21.2,15.4,95.59658,97.1784,95.073296,79.68716,98.724525,6.489992,11.328566,2.16,7.674842,2.0991426,0.0,0.0,0.3,33.2,15.0,49.2,,,0,14.866666666666667,16.7968647868186,34.3,17.474999999999998,12.338198262454533,34.3,25.704166666666666,14.397659204874591,49.2,,,
2026-05-25 06:00:00+00:00,0.0,15.5,95.60158,0.0,5.5596404,0.49999999999999994,-0.8660254037844387,0.0,1.0,1.0,6.123233995736766e-17,15.25,15.55,17.35,20.8,16.5,94.97787,97.153595,96.271904,81.92786,98.735245,7.056826,8.557102,2.6999998,5.771239,5.692099,0.0,0.0,0.0,34.3,11.6,46.3,,,0,9.333333333333332,14.912232115503924,34.3,16.224999999999998,13.331584165568472,34.3,23.65416666666667,14.40941658193988,46.3,,,
2026-05-25 07:00:00+00:00,0.0,15.45,95.292244,0.0,5.6492476,0.49999999999999994,-0.8660254037844387,0.0,1.0,0.9659258262890683,-0.25881904510252063,15.5,15.35,17.3,20.5,16.1,95.60158,95.59658,96.88346,82.931305,98.731346,5.5596404,6.489992,5.5916004,2.7416782,3.710795,0.0,0.0,0.0,21.4,22.5,40.9,,,0,3.6166666666666667,8.712844923827504,21.4,15.258333333333333,14.096063817658983,34.3,21.724999999999998,14.344950634130885,40.9,,,
2026-05-25 08:00:00+00:00,0.0,15.45,94.67952,0.0,5.2323985,0.49999999999999994,-0.8660254037844387,0.0,1.0,0.8660254037844387,-0.4999999999999998,15.45,15.25,16.7,19.7,15.75,95.292244,94.97787,97.1784,87.69031,96.22648,5.6492476,7.056826,11.328566,4.503598,2.6999998,0.0,0.0,0.0,0.3,28.7,35.2,,,0,0.049999999999999996,0.12247448713948633,0.3,13.383333333333333,14.534837981605255,34.3,20.020833333333332,14.397281723106367,40.0,,,
2026-05-25 09:00:00+00:00,4.4,15.5,93.46689,0.0,4.5891175,0.49999999999999994,-0.8660254037844387,0.0,1.0,0.7071067811865476,-0.7071067811865475,15.45,15.5,15.55,18.65,15.6,94.67952,95.60158,97.153595,91.86212,97.15466,5.2323985,5.5596404,8.557102,6.1305785,4.6938252,0.0,0.0,0.0,0.0,22.1,39.2,,,0,0.0,0.0,0.0,10.991666666666667,14.141329391881674,34.3,18.554166666666667,14.575559625818729,40.0,,,
2026-05-25 10:00:00+00:00,4.8,15.4,94.37235,0.0,2.7416782,0.49999999999999994,-0.8660254037844387,0.0,1.0,0.49999999999999994,-0.8660254037844387,15.5,15.45,15.35,18.0,15.85,93.46689,95.292244,95.59658,94.480934,95.613205,4.5891175,5.6492476,6.489992,2.4149535,0.9693296,4.4,0.0,0.0,0.0,20.6,36.8,,,0,0.7333333333333334,1.7962924780410183,4.4,9.516666666666667,13.79623356594328,34.3,17.104166666666668,14.15736032773325,40.0,,,
2026-05-25 11:00:00+00:00,17.4,15.95,91.10834,0.0,3.189608,0.49999999999999994,-0.8660254037844387,0.0,1.0,0.258819045102521,-0.9659258262890682,15.4,15.45,15.25,17.8,16.4,94.37235,94.67952,94.97787,95.073296,95.937805,2.7416782,5.2323985,7.056826,2.16,0.9,4.8,4.4,0.0,0.0,33.2,34.7,,,0,1.5333333333333332,2.378795213267997,4.8,8.200000000000001,13.390294993016376,34.3,15.770833333333334,13.721943048070585,40.0,,,
2026-05-25 12:00:00+00:00,30.2,17.1,86.61789,0.0,4.91634,0.49999999999999994,-0.8660254037844387,0.0,1.0,1.2246467991473532e-16,-1.0,15.95,15.5,15.5,17.35,17.95,91.10834,93.46689,95.60158,96.271904,93.88226,3.189608,4.5891175,5.5596404,2.6999998,3.244996,17.4,4.8,4.4,0.0,34.3,35.2,,,0,4.433333333333333,6.74141429276281,17.4,6.883333333333333,11.326303523884166,34.3,15.049999999999999,13.125779479959338,40.0,,,
2026-05-25 13:00:00+00:00,36.6,18.4,80.58264,0.2,5.3699164,0.49999999999999994,-0.8660254037844387,0.0,1.0,-0.2588190451025208,-0.9659258262890683,17.1,15.4,15.45,17.3,19.95,86.61789,94.37235,95.292244,96.88346,82.865974,4.91634,2.7416782,5.6492476,5.5916004,3.710795,30.2,17.4,4.8,0.0,21.4,40.0,,,0,9.466666666666667,11.995777034717953,30.2,6.541666666666667,10.45218188038294,30.2,14.841666666666667,12.828362485444934,40.0,,,
2026-05-25 14:00:00+00:00,34.3,20.05,74.84542,0.0,5.12289,0.49999999999999994,-0.8660254037844387,0.0,1.0,-0.4999999999999997,-0.8660254037844388,18.4,15.95,15.45,16.7,21.55,80.58264,91.10834,94.67952,97.1784,75.57036,5.3699164,3.189608,5.2323985,11.328566,3.3043609,36.6,30.2,17.4,0.0,0.3,21.7,,,0,15.566666666666668,15.118421434351758,36.6,7.808333333333333,13.021692274699518,36.6,14.700000000000001,12.554299454075826,36.6,,,
2026-05-25 15:00:00+00:00,33.0,21.7,68.49493,0.0,5.402999,0.49999999999999994,-0.8660254037844387,0.0,1.0,-0.7071067811865471,-0.7071067811865479,20.05,17.1,15.5,15.55,22.35,74.84542,86.61789,93.46689,97.153595,72.88748,5.12289,4.91634,4.5891175,8.557102,7.0038276,34.3,36.6,30.2,4.4,0.0,16.5,,,0,21.28333333333333,14.528374536288172,36.6,10.641666666666666,14.814946895454975,36.6,15.225000000000001,13.110873350009904,36.6,,,
2026-05-25 16:00:00+00:00,38.3,23.0,63.08568,0.0,3.671294,0.49999999999999994,-0.8660254037844387,0.0,1.0,-0.8660254037844384,-0.5000000000000004,21.7,18.4,15.4,15.35,22.85,68.49493,80.58264,94.37235,95.59658,72.06081,5.402999,5.3699164,2.7416782,6.489992,9.473541,33.0,34.3,36.6,4.8,0.0,11.5,,,0,26.049999999999997,12.419943639163582,36.6,13.391666666666666,15.696580886140493,36.6,15.912500000000001,13.603973604285141,36.6,,,
2026-05-25 17:00:00+00:00,39.9,23.15,62.917328,0.0,4.1046314,0.49999999999999994,-0.8660254037844387,0.0,1.0,-0.9659258262890683,-0.25881904510252063,23.0,20.05,15.95,15.25,21.2,63.08568,74.84542,91.10834,94.97787,79.68716,3.671294,5.12289,3.189608,7.056826,7.674842,38.3,33.0,34.3,17.4,0.0,15.0,,,0,31.633333333333336,7.5197517689526565,38.3,16.583333333333332,16.594239599294315,38.3,17.02916666666667,14.307750382729377,38.3,,,
2026-05-25 18:00:00+00:00,44.4,22.15,69.24291,0.1,6.522361,0.49999999999999994,-0.8660254037844387,0.0,1.0,-1.0,-1.8369701987210297e-16,23.15,21.7,17.1,15.5,20.8,62.917328,68.49493,86.61789,95.60158,81.92786,4.1046314,5.402999,4.91634,5.5596404,5.771239,39.9,38.3,33.0,30.2,0.0,11.6,,,0,35.38333333333333,3.5807354924186474,39.9,19.90833333333333,16.96265729254241,39.9,18.066666666666666,15.038347118548996,39.9,,,
2026-05-25 19:00:00+00:00,39.6,20.45,81.11084,0.1,10.4493065,0.49999999999999994,-0.8660254037844387,0.0,1.0,-0.9659258262890684,0.2588190451025203,22.15,23.0,18.4,15.45,20.5,69.24291,63.08568,80.58264,95.292244,82.931305,6.522361,3.671294,5.3699164,5.6492476,2.7416782,44.4,39.9,38.3,36.6,0.0,22.5,,,0,37.75,4.121528842553444,44.4,23.608333333333334,17.067430883694733,44.4,19.433333333333334,15.891333888431866,44.4,,,
2026-05-25 20:00:00+00:00,37.2,18.5,88.70504,0.0,10.766949,0.49999999999999994,-0.8660254037844387,0.0,1.0,-0.8660254037844386,0.5000000000000001,20.45,23.15,20.05,15.45,19.7,81.11084,62.917328,74.84542,94.67952,87.69031,10.4493065,4.1046314,5.12289,5.2323985,4.503598,39.6,44.4,39.9,34.3,0.0,28.7,,,0,38.25,4.136060927984492,44.4,26.90833333333333,15.874419578986087,44.4,20.145833333333332,16.40969965458305,44.4,,,
2026-05-25 21:00:00+00:00,38.9,17.2,93.549324,0.0,7.538541,0.49999999999999994,-0.8660254037844387,0.0,1.0,-0.7071067811865477,0.7071067811865474,18.5,22.15,21.7,15.5,18.65,88.70504,69.24291,68.49493,93.46689,91.86212,10.766949,6.522361,5.402999,4.5891175,6.1305785,37.2,39.6,44.4,33.0,4.4,22.1,,,0,38.733333333333334,3.731844941401854,44.4,30.008333333333336,13.613192687665707,44.4,20.5,16.691653733163353,44.4,,,
2026-05-25 22:00:00+00:00,30.1,16.8,94.733284,0.0,7.596341,0.49999999999999994,-0.8660254037844387,0.0,1.0,-0.5000000000000004,0.8660254037844384,17.2,20.45,23.0,15.4,18.0,93.549324,81.11084,63.08568,94.37235,94.480934,7.538541,10.4493065,3.671294,2.7416782,2.4149535,38.9,37.2,39.6,38.3,4.8,20.6,,,0,39.71666666666667,2.489511330897412,44.4,32.88333333333333,11.129798930907251,44.4,21.2,17.10873156175448,44.4,,,
2026-05-25 23:00:00+00:00,25.7,16.4,96.55316,0.0,8.067936,0.49999999999999994,-0.8660254037844387,0.0,1.0,-0.25881904510252157,0.9659258262890681,16.8,18.5,23.15,15.95,17.8,94.733284,88.70504,62.917328,91.10834,95.073296,7.596341,10.766949,4.1046314,3.189608,2.16,30.1,38.9,37.2,39.9,17.4,33.2,,,0,38.35,4.695849230969829,44.4,34.99166666666667,6.930362489972961,44.4,21.595833333333335,17.203879217924296,44.4,,,
2026-05-26 00:00:00+00:00,36.7,16.6,95.33294,0.0,4.510787,0.49999999999999994,-0.8660254037844387,0.7818314824680298,0.6234898018587336,0.0,1.0,16.4,17.2,22.15,17.1,17.35,96.55316,93.549324,69.24291,86.61789,96.271904,8.067936,7.538541,6.522361,4.91634,2.6999998,25.7,30.1,38.9,44.4,30.2,34.3,,,0,35.98333333333333,6.844973825126478,44.4,35.68333333333333,5.217598425840504,44.4,21.28333333333333,17.051371656330726,44.4,,,
2026-05-26 01:00:00+00:00,23.6,16.6,94.72536,0.0,4.5536795,0.49999999999999994,-0.8660254037844387,0.7818314824680298,0.6234898018587336,0.25881904510252074,0.9659258262890683,16.6,16.8,20.45,18.4,17.3,95.33294,94.733284,81.11084,80.58264,96.88346,4.510787,7.596341,10.4493065,5.3699164,5.5916004,36.7,25.7,30.1,39.6,36.6,21.4,43.0,,0,34.7,5.550855789876004,39.6,36.225,4.925836338771682,44.4,21.383333333333336,17.137846921403202,44.4,26.647916666666664,15.375885922697314,49.2
2026-05-26 02:00:00+00:00,28.2,16.55,95.026855,0.0,4.412754,0.49999999999999994,-0.8660254037844387,0.7818314824680298,0.6234898018587336,0.49999999999999994,0.8660254037844387,16.6,16.4,18.5,20.05,16.7,94.72536,96.55316,88.70504,74.84542,97.1784,4.5536795,8.067936,10.766949,5.12289,11.328566,23.6,36.7,25.7,37.2,34.3,0.3,45.0,,0,32.03333333333334,6.489889572763673,38.9,35.14166666666667,6.12052557656067,44.4,21.474999999999998,17.14382256598315,44.4,26.243750000000002,15.190771362062826,49.2
2026-05-26 03:00:00+00:00,34.2,16.6,95.637985,0.0,4.3832865,0.49999999999999994,-0.8660254037844387,0.7818314824680298,0.6234898018587336,0.7071067811865475,0.7071067811865476,16.55,16.6,17.2,21.7,15.55,95.026855,95.33294,93.549324,68.49493,97.153595,4.412754,4.510787,7.538541,5.402999,8.557102,28.2,23.6,36.7,38.9,33.0,0.0,39.4,,0,30.533333333333335,6.084296727368469,38.9,34.63333333333333,6.441673036964195,44.4,22.637500000000003,16.582280026267956,44.4,25.89375,14.94091065397999,49.2
2026-05-26 04:00:00+00:00,33.7,16.4,96.862114,0.0,3.3043609,0.49999999999999994,-0.8660254037844387,0.7818314824680298,0.6234898018587336,0.8660254037844386,0.5000000000000001,16.6,16.6,16.8,23.0,15.35,95.637985,94.72536,94.733284,63.08568,95.59658,4.3832865,4.5536795,7.596341,3.671294,6.489992,34.2,28.2,23.6,30.1,38.3,0.0,43.3,,0,29.75,4.997099158511867,36.7,34.733333333333334,6.4233003883352575,44.4,24.0625,16.012028427024045,44.4,25.785416666666663,14.859526489167465,49.2
2026-05-26 05:00:00+00:00,29.2,16.25,97.16873,0.0,3.4388947,0.49999999999999994,-0.8660254037844387,0.7818314824680298,0.6234898018587336,0.9659258262890683,0.25881904510252074,16.4,16.55,16.4,23.15,15.25,96.862114,95.026855,96.55316,62.917328,94.97787,3.3043609,4.412754,8.067936,4.1046314,7.056826,33.7,34.2,28.2,25.7,39.9,0.0,49.2,,0,30.350000000000005,5.256900227320279,36.7,34.35,6.327644973376028,44.4,25.46666666666667,15.270621600248335,44.4,25.585416666666664,14.682323857797455,49.2
2026-05-26 06:00:00+00:00,31.8,16.7,96.56096,0.0,4.3832865,0.49999999999999994,-0.8660254037844387,0.7818314824680298,0.6234898018587336,1.0,6.123233995736766e-17,16.25,16.6,16.6,22.15,15.5,97.16873,95.637985,95.33294,69.24291,95.60158,3.4388947,4.3832865,4.510787,6.522361,5.5596404,29.2,33.7,34.2,36.7,44.4,0.0,46.3,,0,30.933333333333337,4.813176359397883,36.7,33.458333333333336,6.227571879565224,44.4,26.683333333333334,14.284794794425313,44.4,25.16875,14.276079625306282,46.3
2026-05-26 07:00:00+00:00,31.5,16.95,95.345215,0.0,5.020677,0.49999999999999994,-0.8660254037844387,0.7818314824680298,0.6234898018587336,0.9659258262890683,-0.25881904510252063,16.7,16.4,16.6,20.45,15.45,96.56096,96.862114,94.72536,81.11084,95.292244,4.3832865,3.3043609,4.5536795,10.4493065,5.6492476,31.8,29.2,33.7,23.6,39.6,0.0,40.9,,0,30.116666666666664,3.9831729395880693,34.2,32.40833333333333,5.19098139842438,39.6,28.008333333333336,13.130313969114988,44.4,24.866666666666664,13.96954641176136,44.4
2026-05-26 08:00:00+00:00,33.5,16.9,95.95312,0.0,6.77575,0.49999999999999994,-0.8660254037844387,0.7818314824680298,0.6234898018587336,0.8660254037844387,-0.4999999999999998,16.95,16.25,16.55,18.5,15.45,95.345215,97.16873,95.026855,88.70504,94.67952,5.020677,3.4388947,4.412754,10.766949,5.2323985,31.5,31.8,29.2,28.2,37.2,0.0,35.2,,0,31.433333333333337,2.3821558863069083,34.2,31.733333333333334,4.671447767279894,38.9,29.320833333333336,11.705999174212623,44.4,24.670833333333334,13.804916767237488,44.4
2026-05-26 09:00:00+00:00,28.0,16.85,95.951584,0.0,7.0407386,0.49999999999999994,-0.8660254037844387,0.7818314824680298,0.6234898018587336,0.7071067811865476,-0.7071067811865475,16.9,16.7,16.6,17.2,15.5,95.95312,96.56096,95.637985,93.549324,93.46689,6.77575,4.3832865,4.3832865,7.538541,4.5891175,33.5,31.5,31.8,34.2,38.9,4.4,39.2,,0,32.31666666666666,1.8712740757747492,34.2,31.424999999999997,4.391546631675666,38.9,30.71666666666667,9.918566983919234,44.4,24.635416666666668,13.779486597349152,44.4
2026-05-26 10:00:00+00:00,27.0,16.75,95.948524,0.0,6.090812,0.49999999999999994,-0.8660254037844387,0.7818314824680298,0.6234898018587336,0.49999999999999994,-0.8660254037844387,16.85,16.95,16.4,16.8,15.4,95.951584,95.345215,96.862114,94.733284,94.37235,7.0407386,5.020677,3.3043609,7.596341,2.7416782,28.0,33.5,31.5,33.7,30.1,4.8,36.8,,0,31.28333333333333,2.288594911002524,33.7,30.516666666666666,3.791098025958223,36.7,31.7,8.220599787701937,44.4,24.402083333333334,13.621533165548653,44.4
2026-05-26 11:00:00+00:00,26.9,17.2,92.95448,0.0,7.029225,0.49999999999999994,-0.8660254037844387,0.7818314824680298,0.6234898018587336,0.258819045102521,-0.9659258262890682,16.75,16.9,16.25,16.4,15.95,95.948524,95.95312,97.16873,96.55316,91.10834,6.090812,6.77575,3.4388947,8.067936,3.189608,27.0,28.0,33.5,29.2,25.7,17.4,34.7,,0,30.166666666666668,2.498532902858527,33.5,30.25833333333333,3.9253160459517344,36.7,32.625,6.015360772006216,44.4,24.197916666666668,13.504695630706166,44.4
2026-05-26 12:00:00+00:00,28.3,18.05,92.41082,0.0,6.804381,0.49999999999999994,-0.8660254037844387,0.7818314824680298,0.6234898018587336,1.2246467991473532e-16,-1.0,17.2,16.85,16.7,16.6,17.1,92.95448,95.951584,96.56096,95.33294,86.61789,7.029225,7.0407386,4.3832865,4.510787,4.91634,26.9,27.0,28.0,31.8,36.7,30.2,35.2,,0,29.78333333333333,2.8308420419844453,33.5,30.358333333333334,3.8122907294775805,36.7,33.020833333333336,5.231425042090768,44.4,24.035416666666666,13.422313742632966,44.4
2026-05-26 13:00:00+00:00,33.0,19.6,84.684296,0.1,6.889557,0.49999999999999994,-0.8660254037844387,0.7818314824680298,0.6234898018587336,-0.2588190451025208,-0.9659258262890683,18.05,16.75,16.95,16.6,18.4,92.41082,95.948524,95.345215,94.72536,80.58264,6.804381,6.090812,5.020677,4.5536795,5.3699164,28.3,26.9,27.0,31.5,23.6,36.6,40.0,,0,29.2,2.6892378102354586,33.5,29.65833333333333,3.2753787659759546,34.2,32.94166666666666,5.290016574862383,44.4,23.891666666666666,13.336876302326049,44.4
2026-05-26 14:00:00+00:00,29.7,21.95,73.5128,0.0,7.256032,0.49999999999999994,-0.8660254037844387,0.7818314824680298,0.6234898018587336,-0.4999999999999997,-0.8660254037844388,19.6,17.2,16.9,16.55,20.05,84.684296,92.95448,95.95312,95.026855,74.84542,6.889557,7.029225,6.77575,4.412754,5.12289,33.0,28.3,26.9,33.5,28.2,34.3,21.7,,0,29.45,2.997832550360343,33.5,30.441666666666663,2.7815817388128403,34.2,32.791666666666664,5.2325001644543105,44.4,23.745833333333334,13.194501729376704,44.4
2026-05-26 15:00:00+00:00,25.8,23.1,72.56083,0.0,7.072878,0.49999999999999994,-0.8660254037844387,0.7818314824680298,0.6234898018587336,-0.7071067811865471,-0.7071067811865479,21.95,18.05,16.85,16.6,21.7,73.5128,92.41082,95.951584,95.637985,68.49493,7.256032,6.804381,7.0407386,4.3832865,5.402999,29.7,33.0,28.3,28.0,34.2,33.0,16.5,,0,28.816666666666663,2.288594911002529,33.0,30.566666666666666,2.7043175355962594,34.2,32.6,5.259029502137036,44.4,23.912499999999998,13.218613971182792,44.4
2026-05-26 16:00:00+00:00,19.9,24.25,66.85893,0.0,7.2649574,0.49999999999999994,-0.8660254037844387,0.7818314824680298,0.6234898018587336,-0.8660254037844384,-0.5000000000000004,23.1,19.6,16.75,16.4,23.0,72.56083,84.684296,95.948524,96.862114,63.08568,7.072878,6.889557,6.090812,3.3043609,3.671294,25.8,29.7,33.0,27.0,33.7,38.3,11.5,,0,28.45,2.600576859083387,33.0,29.866666666666664,2.7648223133218752,33.7,32.300000000000004,5.437550599464711,44.4,24.10625,13.175741833852864,44.4
2026-05-26 17:00:00+00:00,7.0,23.25,67.07854,0.1,11.230904,0.49999999999999994,-0.8660254037844387,0.7818314824680298,0.6234898018587336,-0.9659258262890683,-0.25881904510252063,24.25,21.95,17.2,16.25,23.15,66.85893,73.5128,92.95448,97.16873,62.917328,7.2649574,7.256032,7.029225,3.4388947,4.1046314,19.9,25.8,29.7,26.9,29.2,39.9,15.0,,0,27.266666666666666,4.3912033278666005,33.0,28.71666666666667,3.727742025148834,33.5,31.533333333333335,5.8372616172659,44.4,24.28125,13.060019488597757,44.4
2026-05-26 18:00:00+00:00,7.7,25.65,54.690266,1.4,9.703319,0.49999999999999994,-0.8660254037844387,0.7818314824680298,0.6234898018587336,-1.0,-1.8369701987210297e-16,23.25,23.1,18.05,16.7,22.15,67.07854,72.56083,92.41082,96.56096,69.24291,11.230904,7.072878,6.804381,4.3832865,6.522361,7.0,19.9,25.8,28.3,31.8,44.4,11.6,,0,23.950000000000003,9.39164522328224,33.0,26.86666666666667,7.281150425252294,33.5,30.162500000000005,7.432233703677981,44.4,24.114583333333332,13.230911413956774,44.4
2026-05-26 19:00:00+00:00,4.8,24.45,61.23041,0.1,7.5213294,0.49999999999999994,-0.8660254037844387,0.7818314824680298,0.6234898018587336,-0.9659258262890684,0.2588190451025203,25.65,24.25,19.6,16.95,20.45,54.690266,66.85893,84.684296,95.345215,81.11084,9.703319,7.2649574,6.889557,5.020677,10.4493065,7.7,7.0,19.9,33.0,31.5,39.6,22.5,,0,20.516666666666666,11.094397985770422,33.0,24.858333333333334,8.933029449829174,33.5,28.63333333333333,8.119256052162642,39.6,24.03333333333333,13.321065278041543,44.4
2026-05-26 20:00:00+00:00,5.9,23.35,70.35667,0.0,3.7842832,0.49999999999999994,-0.8660254037844387,0.7818314824680298,0.6234898018587336,-0.8660254037844386,0.5000000000000001,24.45,23.25,21.95,16.9,18.5,61.23041,67.07854,73.5128,95.95312,88.70504,7.5213294,11.230904,7.256032,6.77575,10.766949,4.8,7.7,7.0,29.7,33.5,37.2,28.7,,0,15.816666666666668,10.715113936242902,29.7,22.633333333333336,10.342351880701152,33.5,27.183333333333337,9.121196844935318,38.9,23.664583333333336,13.60634222555295,44.4
2026-05-26 21:00:00+00:00,16.0,21.85,77.79555,0.0,2.9301877,0.49999999999999994,-0.8660254037844387,0.7818314824680298,0.6234898018587336,-0.7071067811865477,0.7071067811865474,23.35,25.65,23.1,16.85,17.2,70.35667,54.690266,72.56083,95.951584,93.549324,3.7842832,9.703319,7.072878,7.0407386,7.538541,5.9,4.8,7.7,25.8,28.0,38.9,22.1,,0,11.85,8.777869901063713,25.8,20.333333333333336,10.766305463497384,33.0,25.879166666666666,9.836355774753995,38.9,23.18958333333333,13.823064899903722,44.4
2026-05-26 22:00:00+00:00,17.6,21.1,81.707695,0.0,4.5820518,0.49999999999999994,-0.8660254037844387,0.7818314824680298,0.6234898018587336,-0.5000000000000004,0.8660254037844384,21.85,24.45,24.25,16.75,16.8,77.79555,61.23041,66.85893,95.948524,94.733284,2.9301877,7.5213294,7.2649574,6.090812,7.596341,16.0,5.9,4.8,19.9,27.0,30.1,20.6,,0,10.216666666666667,6.1946482278388455,19.9,19.333333333333332,10.544480101269142,33.0,24.925,9.626830712400496,36.7,23.0625,13.861282753571835,44.4
2026-05-26 23:00:00+00:00,28.8,20.5,85.31589,0.0,3.710795,0.49999999999999994,-0.8660254037844387,0.7818314824680298,0.6234898018587336,-0.25881904510252157,0.9659258262890681,21.1,23.35,23.25,17.2,16.4,81.707695,70.35667,67.07854,92.95448,96.55316,4.5820518,3.7842832,11.230904,7.029225,8.067936,17.6,16.0,5.9,7.0,26.9,25.7,33.2,,0,9.833333333333334,5.508780869363653,17.6,18.55,10.268707982816727,33.0,24.40416666666667,9.67270831938419,36.7,23.0,13.87937395117646,44.4
2026-05-27 00:00:00+00:00,35.2,20.0,84.72732,0.0,5.004518,0.49999999999999994,-0.8660254037844387,0.9749279121818236,-0.22252093395631434,0.0,1.0,20.5,21.85,25.65,18.05,16.6,85.31589,77.79555,54.690266,92.41082,95.33294,3.710795,2.9301877,9.703319,6.804381,4.510787,28.8,17.6,16.0,7.7,28.3,36.7,34.3,,0,13.466666666666667,9.211225036153818,28.8,18.708333333333332,10.422655248267725,33.0,24.53333333333333,9.711385817315348,36.7,22.908333333333335,13.824997915945103,44.4
2026-05-27 01:00:00+00:00,39.6,19.3,87.378204,0.0,3.7799997,0.49999999999999994,-0.8660254037844387,0.9749279121818236,-0.22252093395631434,0.25881904510252074,0.9659258262890683,20.0,21.1,24.45,19.6,16.6,84.72732,81.707695,61.23041,84.684296,94.72536,5.004518,4.5820518,7.5213294,6.889557,4.5536795,35.2,28.8,17.6,4.8,33.0,23.6,21.4,,0,18.05,12.143105039486409,35.2,19.283333333333335,11.163889297302466,35.2,24.470833333333335,9.63419991338225,35.2,22.927083333333332,13.841377061970068,44.4
2026-05-27 02:00:00+00:00,44.8,18.8,89.29357,0.0,2.4149535,0.49999999999999994,-0.8660254037844387,0.9749279121818236,-0.22252093395631434,0.49999999999999994,0.8660254037844387,19.3,20.5,23.35,21.95,16.55,87.378204,85.31589,70.35667,73.5128,95.026855,3.7799997,3.710795,3.7842832,7.256032,4.412754,39.6,35.2,28.8,5.9,29.7,28.2,0.3,,0,23.849999999999998,12.83958722077934,39.6,19.833333333333332,12.03006335155491,39.6,25.137500000000003,10.113005509480486,39.6,23.306250000000002,14.046418582685051,44.4
2026-05-27 03:00:00+00:00,27.9,18.15,91.83216,0.0,4.613762,0.49999999999999994,-0.8660254037844387,0.9749279121818236,-0.22252093395631434,0.7071067811865475,0.7071067811865476,18.8,20.0,21.85,23.1,16.6,89.29357,84.72732,77.79555,72.56083,95.637985,2.4149535,5.004518,2.9301877,7.072878,4.3832865,44.8,39.6,35.2,16.0,25.8,34.2,0.0,,0,30.333333333333332,11.736893399305742,44.8,21.09166666666667,13.813462361922252,44.8,25.829166666666666,10.87084170040951,44.8,24.233333333333334,13.963955626454439,44.8
2026-05-27 04:00:00+00:00,25.3,17.65,92.978004,0.0,3.8183763,0.49999999999999994,-0.8660254037844387,0.9749279121818236,-0.22252093395631434,0.8660254037844386,0.5000000000000001,18.15,19.3,21.1,24.25,16.4,91.83216,87.378204,81.707695,66.85893,96.862114,4.613762,3.7799997,4.5820518,7.2649574,3.3043609,27.9,44.8,39.6,17.6,19.9,33.7,0.0,,0,32.31666666666666,9.650371322735031,44.8,21.266666666666666,13.891615085977943,44.8,25.566666666666666,10.735138024534065,44.8,24.814583333333335,13.506972030759384,44.8
2026-05-27 05:00:00+00:00,32.4,17.1,94.4437,0.0,3.189608,0.49999999999999994,-0.8660254037844387,0.9749279121818236,-0.22252093395631434,0.9659258262890683,0.25881904510252074,17.65,18.8,20.5,23.25,16.25,92.978004,89.29357,85.31589,67.07854,97.16873,3.8183763,2.4149535,3.710795,11.230904,3.4388947,25.3,27.9,44.8,28.8,7.0,29.2,0.0,,0,33.6,7.5949983541802055,44.8,21.71666666666667,13.930726883948008,44.8,25.21666666666667,10.594447547681746,44.8,25.34166666666667,13.002239305225642,44.8
2026-05-27 06:00:00+00:00,32.0,17.6,92.97539,0.0,2.4149535,0.49999999999999994,-0.8660254037844387,0.9749279121818236,-0.22252093395631434,1.0,6.123233995736766e-17,17.1,18.15,20.0,25.65,16.7,94.4437,91.83216,84.72732,54.690266,96.56096,3.189608,4.613762,5.004518,9.703319,4.3832865,32.4,25.3,27.9,35.2,7.7,31.8,0.0,,0,34.199999999999996,7.275438131136848,44.8,23.833333333333332,13.411347524549598,44.8,25.350000000000005,10.666648550709256,44.8,26.01666666666667,12.489558759787489,44.8
2026-05-27 07:00:00+00:00,32.8,17.2,93.549324,0.0,0.742159,0.49999999999999994,-0.8660254037844387,0.9749279121818236,-0.22252093395631434,0.9659258262890683,-0.25881904510252063,17.6,17.65,19.3,24.45,16.95,92.97539,92.978004,87.378204,61.23041,95.345215,2.4149535,3.8183763,3.7799997,7.5213294,5.020677,32.0,32.4,25.3,39.6,4.8,31.5,0.0,,0,33.666666666666664,7.304701682250049,44.8,25.858333333333334,12.561518316837441,44.8,25.358333333333334,10.671983502801062,44.8,26.683333333333337,11.911988120918682,44.8
2026-05-27 08:00:00+00:00,35.2,17.0,95.651115,0.0,4.8733153,0.49999999999999994,-0.8660254037844387,0.9749279121818236,-0.22252093395631434,0.8660254037844387,-0.4999999999999998,17.2,17.1,18.8,23.35,16.9,93.549324,94.4437,89.29357,70.35667,95.95312,0.742159,3.189608,2.4149535,3.7842832,6.77575,32.8,32.0,32.4,44.8,5.9,33.5,0.0,,0,32.53333333333333,6.702735759871985,44.8,28.191666666666666,10.766569330641733,44.8,25.412499999999998,10.707750646753198,44.8,27.36666666666667,11.27234109485981,44.8
2026-05-27 09:00:00+00:00,38.3,16.5,96.555756,0.0,3.8141315,0.49999999999999994,-0.8660254037844387,0.9749279121818236,-0.22252093395631434,0.7071067811865476,-0.7071067811865475,17.0,17.6,18.15,21.85,16.85,95.651115,92.97539,91.83216,77.79555,95.951584,4.8733153,2.4149535,4.613762,2.9301877,7.0407386,35.2,32.8,32.0,27.9,16.0,28.0,4.4,,0,30.933333333333334,3.630794219818399,35.2,30.633333333333336,8.288911907244556,44.8,25.483333333333334,10.769024285327387,44.8,28.100000000000005,10.577676211841297,44.8
2026-05-27 10:00:00+00:00,40.0,16.4,97.171974,0.0,1.4058449,0.49999999999999994,-0.8660254037844387,0.9749279121818236,-0.22252093395631434,0.49999999999999994,-0.8660254037844387,16.5,17.2,17.65,21.1,16.75,96.555756,93.549324,92.978004,81.707695,95.948524,3.8141315,0.742159,3.8183763,4.5820518,6.090812,38.3,35.2,32.8,25.3,17.6,27.0,4.8,,0,32.666666666666664,4.311689537370088,38.3,32.49166666666667,7.128490638829422,44.8,25.912499999999998,11.074581648787108,44.8,28.806250000000002,10.081696206703283,44.8
2026-05-27 11:00:00+00:00,41.0,17.45,96.580414,0.0,2.5772076,0.49999999999999994,-0.8660254037844387,0.9749279121818236,-0.22252093395631434,0.258819045102521,-0.9659258262890682,16.4,17.0,17.1,20.5,17.2,97.171974,95.651115,94.4437,85.31589,92.95448,1.4058449,4.8733153,3.189608,3.710795,7.029225,40.0,38.3,35.2,32.4,28.8,26.9,17.4,,0,35.11666666666667,3.360009920620279,40.0,34.358333333333334,5.654999129223188,44.8,26.454166666666666,11.441913003882076,44.8,29.539583333333336,9.565335010612452,44.8
2026-05-27 12:00:00+00:00,38.8,19.2,89.89016,0.1,1.4512063,0.49999999999999994,-0.8660254037844387,0.9749279121818236,-0.22252093395631434,1.2246467991473532e-16,-1.0,17.45,16.5,17.6,20.0,18.05,96.580414,96.555756,92.97539,84.72732,92.41082,2.5772076,3.8141315,2.4149535,5.004518,6.804381,41.0,40.0,38.3,32.0,35.2,28.3,30.2,,0,36.550000000000004,3.777697711569841,41.0,35.375,5.661532879481879,44.8,27.041666666666668,11.821495405539368,44.8,30.03125,9.534554319097976,44.8
2026-05-27 13:00:00+00:00,18.3,21.15,79.93204,0.1,4.7657523,0.49999999999999994,-0.8660254037844387,0.9749279121818236,-0.22252093395631434,-0.2588190451025208,-0.9659258262890683,19.2,16.4,17.2,19.3,19.6,89.89016,97.171974,93.549324,87.378204,84.684296,1.4512063,1.4058449,0.742159,3.7799997,6.889557,38.8,41.0,40.0,32.8,39.6,33.0,36.6,,0,37.68333333333333,3.098655622470278,41.0,35.675000000000004,5.74616472883513,44.8,27.479166666666668,12.061940833326394,44.8,30.210416666666664,9.618228252454406,44.8
2026-05-27 14:00:00+00:00,6.9,22.1,74.47445,0.0,6.9527545,0.49999999999999994,-0.8660254037844387,0.9749279121818236,-0.22252093395631434,-0.4999999999999997,-0.8660254037844388,21.15,17.45,17.0,18.8,21.95,79.93204,96.580414,95.651115,89.29357,73.5128,4.7657523,2.5772076,4.8733153,2.4149535,7.256032,18.3,38.8,41.0,35.2,44.8,29.7,34.3,,0,35.26666666666667,8.54205283679905,41.0,33.9,7.458247417822393,44.8,26.86666666666667,12.142368033018737,44.8,29.829166666666666,9.721701066747823,44.8
2026-05-27 15:00:00+00:00,7.2,22.2,72.40123,0.1,8.027677,0.49999999999999994,-0.8660254037844387,0.9749279121818236,-0.22252093395631434,-0.7071067811865471,-0.7071067811865479,22.1,19.2,16.5,18.15,23.1,74.47445,89.89016,96.555756,91.83216,72.56083,6.9527545,1.4512063,3.8141315,4.613762,7.072878,6.9,18.3,38.8,38.3,27.9,25.8,33.0,,0,30.549999999999997,14.394547578857768,41.0,30.74166666666667,10.010763147127129,41.0,25.916666666666668,12.785918431811128,44.8,29.258333333333336,10.243998415955527,44.8
2026-05-27 16:00:00+00:00,6.5,20.75,78.872116,0.5,11.304229,0.49999999999999994,-0.8660254037844387,0.9749279121818236,-0.22252093395631434,-0.8660254037844384,-0.5000000000000004,22.2,21.15,16.4,17.65,24.25,72.40123,79.93204,97.171974,92.978004,66.85893,8.027677,4.7657523,1.4058449,3.8183763,7.2649574,7.2,6.9,18.3,40.0,25.3,19.9,38.3,,0,25.36666666666667,16.49226081126135,41.0,29.016666666666666,12.108586985601528,41.0,25.14166666666667,13.344789462449434,44.8,28.720833333333335,10.70976802763131,44.8
2026-05-27 17:00:00+00:00,4.1,19.85,82.330055,0.8,11.003581,0.49999999999999994,-0.8660254037844387,0.9749279121818236,-0.22252093395631434,-0.9659258262890683,-0.25881904510252063,20.75,22.1,17.45,17.1,23.25,78.872116,74.47445,96.580414,94.4437,67.07854,11.304229,6.9527545,2.5772076,3.189608,11.230904,6.5,7.2,6.9,41.0,32.4,7.0,39.9,,0,19.783333333333335,16.215722822824365,41.0,27.45,13.739558018562843,41.0,24.583333333333332,13.844592938154173,44.8,28.058333333333337,11.081704940899805,44.8
2026-05-27 18:00:00+00:00,1.2,19.35,80.45193,0.1,11.276968,0.49999999999999994,-0.8660254037844387,0.9749279121818236,-0.22252093395631434,-1.0,-1.8369701987210297e-16,19.85,22.2,19.2,17.6,25.65,82.330055,72.40123,89.89016,92.97539,54.690266,11.003581,8.027677,1.4512063,2.4149535,9.703319,4.1,6.5,7.2,38.8,32.0,7.7,44.4,,0,13.633333333333333,13.293858231027851,38.8,25.09166666666667,15.167276877501374,41.0,24.462500000000002,14.016320068436992,44.8,27.3125,11.465835004064273,44.8
2026-05-27 19:00:00+00:00,0.6,18.25,83.19397,0.0,10.209348,0.49999999999999994,-0.8660254037844387,0.9749279121818236,-0.22252093395631434,-0.9659258262890684,0.2588190451025203,19.35,20.75,21.15,17.2,24.45,80.45193,78.872116,79.93204,93.549324,61.23041,11.276968,11.304229,4.7657523,0.742159,7.5213294,1.2,4.1,6.5,18.3,32.8,4.8,39.6,,0,7.366666666666667,5.817788812484269,18.3,22.525000000000002,16.44423773075099,41.0,24.191666666666666,14.411526686970932,44.8,26.412499999999998,11.787003751878952,44.8
2026-05-27 20:00:00+00:00,0.1,17.35,85.53421,0.0,8.649369,0.49999999999999994,-0.8660254037844387,0.9749279121818236,-0.22252093395631434,-0.8660254037844386,0.5000000000000001,18.25,19.85,22.1,17.0,23.35,83.19397,82.330055,74.47445,95.651115,70.35667,10.209348,11.003581,6.9527545,4.8733153,3.7842832,0.6,1.2,4.1,6.9,35.2,5.9,37.2,,0,4.416666666666667,2.9417115199603043,7.2,19.841666666666665,17.22384490563397,41.0,24.016666666666666,14.680234172598162,44.8,25.599999999999998,12.195709046584218,44.8
2026-05-27 21:00:00+00:00,1.8,16.55,87.69115,0.0,7.989243,0.49999999999999994,-0.8660254037844387,0.9749279121818236,-0.22252093395631434,-0.7071067811865477,0.7071067811865474,17.35,19.35,22.2,16.5,21.85,85.53421,80.45193,72.40123,96.555756,77.79555,8.649369,11.276968,8.027677,3.8141315,2.9301877,0.1,0.6,1.2,7.2,38.3,16.0,38.9,,0,3.2833333333333337,3.0993009964614893,7.2,16.916666666666668,17.35840552655233,41.0,23.775000000000002,15.034894195778726,44.8,24.827083333333334,12.613379245583149,44.8
2026-05-27 22:00:00+00:00,2.6,16.1,87.93537,0.0,6.778141,0.49999999999999994,-0.8660254037844387,0.9749279121818236,-0.22252093395631434,-0.5000000000000004,0.8660254037844384,16.55,18.25,20.75,16.4,21.1,87.69115,83.19397,78.872116,97.171974,81.707695,7.989243,10.209348,11.304229,1.4058449,4.5820518,1.8,0.1,0.6,6.5,40.0,17.6,30.1,,0,2.3833333333333333,2.4506461732912794,6.5,13.874999999999998,16.444679990805536,41.0,23.183333333333334,15.622104369371502,44.8,24.05416666666667,12.8668295014133,44.8
2026-05-27 23:00:00+00:00,0.0,15.6,88.177666,0.0,5.8298883,0.49999999999999994,-0.8660254037844387,0.9749279121818236,-0.22252093395631434,-0.25881904510252157,0.9659258262890681,16.1,17.35,19.85,17.45,20.5,87.93537,85.53421,82.330055,96.580414,85.31589,6.778141,8.649369,11.003581,2.5772076,3.710795,2.6,1.8,0.1,4.1,41.0,28.8,25.7,,0,1.7333333333333332,1.455564037295233,4.1,10.758333333333333,14.46861546013762,41.0,22.558333333333334,16.14644708978382,44.8,23.48125,13.199833271835487,44.8
2026-05-28 00:00:00+00:00,0.6,15.6,89.33078,0.0,6.8541956,0.49999999999999994,-0.8660254037844387,0.43388373911755823,-0.900968867902419,0.0,1.0,15.6,16.55,19.35,19.2,20.0,88.177666,87.69115,80.45193,89.89016,84.72732,5.8298883,7.989243,11.276968,1.4512063,5.004518,0.0,2.6,1.8,1.2,38.8,35.2,36.7,,0,1.05,1.0193134944660263,2.6,7.341666666666666,11.134913016220105,38.8,21.358333333333334,16.72233384654673,44.8,22.94583333333333,13.622383931295985,44.8
2026-05-28 01:00:00+00:00,0.2,14.9,91.93197,0.0,7.0774574,0.49999999999999994,-0.8660254037844387,0.43388373911755823,-0.900968867902419,0.25881904510252074,0.9659258262890683,15.6,16.1,18.25,21.15,19.3,89.33078,87.93537,83.19397,79.93204,87.378204,6.8541956,6.778141,10.209348,4.7657523,3.7799997,0.6,0.0,2.6,0.6,18.3,39.6,23.6,,0,0.9499999999999998,1.0310189135028238,2.6,4.158333333333333,5.205496803350961,18.3,19.916666666666664,16.96681330194885,44.8,22.193750000000005,13.841633255154992,44.8
2026-05-28 02:00:00+00:00,0.1,14.65,91.916916,0.0,5.9834766,0.49999999999999994,-0.8660254037844387,0.43388373911755823,-0.900968867902419,0.49999999999999994,0.8660254037844387,14.9,15.6,17.35,22.1,18.8,91.93197,88.177666,85.53421,74.47445,89.29357,7.0774574,5.8298883,8.649369,6.9527545,2.4149535,0.2,0.6,0.0,0.1,6.9,44.8,28.2,,0,0.8833333333333333,1.070358195496821,2.6,2.65,2.803407018092634,7.2,18.275000000000002,16.885425925799215,44.8,21.706249999999997,14.198522641907706,44.8
2026-05-28 03:00:00+00:00,0.9,14.75,90.43726,0.0,6.924738,0.49999999999999994,-0.8660254037844387,0.43388373911755823,-0.900968867902419,0.7071067811865475,0.7071067811865476,14.65,15.6,16.55,22.2,18.15,91.916916,89.33078,87.69115,72.40123,91.83216,5.9834766,6.8541956,7.989243,8.027677,4.613762,0.1,0.2,0.6,1.8,7.2,27.9,34.2,,0,0.8833333333333333,1.070358195496821,2.6,2.083333333333333,2.5412356812934367,7.2,16.412499999999998,16.287106463596345,41.0,21.120833333333334,14.501151213776874,44.8
2026-05-28 04:00:00+00:00,0.7,14.25,92.495155,0.0,5.0688457,0.49999999999999994,-0.8660254037844387,0.43388373911755823,-0.900968867902419,0.8660254037844386,0.5000000000000001,14.75,14.9,16.1,20.75,17.65,90.43726,91.93197,87.93537,78.872116,92.978004,6.924738,7.0774574,6.778141,11.304229,3.8183763,0.9,0.1,0.2,2.6,6.5,25.3,33.7,,0,0.7333333333333333,0.975021367287514,2.6,1.5583333333333333,1.9759731012768957,6.5,15.287500000000001,16.391283805199908,41.0,20.427083333333332,14.65782398850573,44.8
2026-05-28 05:00:00+00:00,0.0,13.45,94.90886,0.0,3.8183763,0.49999999999999994,-0.8660254037844387,0.43388373911755823,-0.900968867902419,0.9659258262890683,0.25881904510252074,14.25,14.65,15.6,19.85,17.1,92.495155,91.916916,88.177666,82.330055,94.4437,5.0688457,5.9834766,5.8298883,11.003581,3.189608,0.7,0.9,0.1,0.0,4.1,32.4,29.2,,0,0.4166666666666667,0.3656045222193209,0.9,1.075,1.223352324185903,4.1,14.262500000000001,16.506699891387978,41.0,19.739583333333332,14.795294530634623,44.8
2026-05-28 06:00:00+00:00,0.0,12.7,99.34693,0.0,4.6730714,0.49999999999999994,-0.8660254037844387,0.43388373911755823,-0.900968867902419,1.0,6.123233995736766e-17,13.45,14.75,15.6,19.35,17.6,94.90886,90.43726,89.33078,80.45193,92.97539,3.8183763,6.924738,6.8541956,11.276968,2.4149535,0.0,0.7,0.9,0.6,1.2,32.0,31.8,,0,0.4166666666666667,0.3656045222193209,0.9,0.7333333333333334,0.8015137194236841,2.6,12.9125,16.282220564828965,41.0,19.131249999999998,14.996966448571332,44.8
2026-05-28 07:00:00+00:00,0.0,12.0,99.671196,0.0,3.438895,0.49999999999999994,-0.8660254037844387,0.43388373911755823,-0.900968867902419,0.9659258262890683,-0.25881904510252063,12.7,14.25,14.9,18.25,17.2,99.34693,92.495155,91.93197,83.19397,93.549324,4.6730714,5.0688457,7.0774574,10.209348,0.742159,0.0,0.0,0.7,0.2,0.6,32.8,31.5,,0,0.31666666666666665,0.38686776379949184,0.9,0.6333333333333333,0.8127767593910443,2.6,11.579166666666666,15.958205717127008,41.0,18.46875,15.127235635724167,44.8
2026-05-28 08:00:00+00:00,0.0,11.7,99.670425,0.0,3.4247334,0.49999999999999994,-0.8660254037844387,0.43388373911755823,-0.900968867902419,0.8660254037844387,-0.4999999999999998,12.0,13.45,14.65,17.35,17.0,99.671196,94.90886,91.916916,85.53421,95.651115,3.438895,3.8183763,5.9834766,8.649369,4.8733153,0.0,0.0,0.0,0.1,0.1,35.2,33.5,,0,0.2833333333333333,0.4070217029437373,0.9,0.5833333333333334,0.8332121123955003,2.6,10.2125,15.45850863215579,41.0,17.8125,15.232784143614627,44.8
2026-05-28 09:00:00+00:00,0.0,11.45,99.66978,0.0,3.1072817,0.49999999999999994,-0.8660254037844387,0.43388373911755823,-0.900968867902419,0.7071067811865476,-0.7071067811865475,11.7,12.7,14.75,16.55,16.5,99.670425,99.34693,90.43726,87.69115,96.555756,3.4247334,4.6730714,6.924738,7.989243,3.8141315,0.0,0.0,0.0,0.9,1.8,38.3,28.0,,0,0.26666666666666666,0.4179314138315283,0.9,0.575,0.838965813584668,2.6,8.745833333333334,14.632452888570395,41.0,17.114583333333332,15.266135371612453,44.8
2026-05-28 10:00:00+00:00,0.0,11.35,99.66952,0.0,2.7943513,0.49999999999999994,-0.8660254037844387,0.43388373911755823,-0.900968867902419,0.49999999999999994,-0.8660254037844387,11.45,12.0,14.25,16.1,16.4,99.66978,99.671196,92.495155,87.93537,97.171974,3.1072817,3.438895,5.0688457,6.778141,1.4058449,0.0,0.0,0.0,0.7,2.6,40.0,27.0,,0,0.11666666666666665,0.2857738033256765,0.7,0.425,0.756937610014653,2.6,7.150000000000001,13.296648809576707,41.0,16.53125,15.375902066600899,44.8
2026-05-28 11:00:00+00:00,0.0,11.9,99.34284,0.0,2.8856194,0.49999999999999994,-0.8660254037844387,0.43388373911755823,-0.900968867902419,0.258819045102521,-0.9659258262890682,11.35,11.7,13.45,15.6,17.45,99.66952,99.670425,94.90886,88.177666,96.580414,2.7943513,3.4247334,3.8183763,5.8298883,2.5772076,0.0,0.0,0.0,0.0,0.0,41.0,26.9,,0,0.0,0.0,0.0,0.20833333333333334,0.3287948609790189,0.9,5.483333333333334,11.36691104331634,41.0,15.96875,15.47830542500654,44.8
2026-05-28 12:00:00+00:00,0.5,14.7,85.2571,0.0,3.745557,0.49999999999999994,-0.8660254037844387,0.43388373911755823,-0.900968867902419,1.2246467991473532e-16,-1.0,11.9,11.45,12.7,15.6,19.2,99.34284,99.66978,99.34693,89.33078,89.89016,2.8856194,3.1072817,4.6730714,6.8541956,1.4512063,0.0,0.0,0.0,0.0,0.6,38.8,28.3,,0,0.0,0.0,0.0,0.20833333333333334,0.3287948609790189,0.9,3.775,8.521953746188386,38.8,15.408333333333331,15.56085970021993,44.8
2026-05-28 13:00:00+00:00,0.0,15.55,82.33005,0.0,3.8521678,0.49999999999999994,-0.8660254037844387,0.43388373911755823,-0.900968867902419,-0.2588190451025208,-0.9659258262890683,14.7,11.35,12.0,14.9,21.15,85.2571,99.66952,99.671196,91.93197,79.93204,3.745557,2.7943513,3.438895,7.0774574,4.7657523,0.5,0.0,0.0,0.0,0.2,18.3,33.0,,0,0.08333333333333333,0.20412414523329409,0.5,0.19999999999999998,0.3190896140872242,0.9,2.1791666666666667,4.134686694052091,18.3,14.829166666666666,15.588156419775094,44.8
2026-05-28 14:00:00+00:00,0.1,17.35,69.65842,0.0,5.315336,0.49999999999999994,-0.8660254037844387,0.43388373911755823,-0.900968867902419,-0.4999999999999997,-0.8660254037844388,15.55,11.9,11.7,14.65,22.1,82.33005,99.34284,99.670425,91.916916,74.47445,3.8521678,2.8856194,3.4247334,5.9834766,6.9527545,0.0,0.5,0.0,0.0,0.1,6.9,29.7,,0,0.08333333333333333,0.20412414523329409,0.5,0.18333333333333335,0.32427074359502,0.9,1.4166666666666667,2.3229790967760304,7.2,14.141666666666666,15.497149131555565,44.8
2026-05-28 15:00:00+00:00,0.1,18.85,61.1305,0.0,5.2478566,0.49999999999999994,-0.8660254037844387,0.43388373911755823,-0.900968867902419,-0.7071067811865471,-0.7071067811865479,17.35,14.7,11.45,14.75,22.2,69.65842,85.2571,99.66978,90.43726,72.40123,5.315336,3.745557,3.1072817,6.924738,8.027677,0.1,0.0,0.5,0.0,0.9,7.2,25.8,,0,0.09999999999999999,0.20000000000139007,0.5,0.18333333333333335,0.32427074359502,0.9,1.1333333333333333,2.0200444822194745,7.2,13.524999999999999,15.453740165616303,44.8
2026-05-28 16:00:00+00:00,0.1,19.55,56.98905,0.0,4.7521367,0.49999999999999994,-0.8660254037844387,0.43388373911755823,-0.900968867902419,-0.8660254037844384,-0.5000000000000004,18.85,15.55,11.35,14.25,20.75,61.1305,82.33005,99.66952,92.495155,78.872116,5.2478566,3.8521678,2.7943513,5.0688457,11.304229,0.1,0.1,0.0,0.0,0.7,6.5,19.9,,0,0.11666666666666665,0.19407902170822697,0.5,0.11666666666666665,0.23290003057659112,0.7,0.8374999999999999,1.5606053730636733,6.5,12.989583333333334,15.464609419689388,44.8
2026-05-28 17:00:00+00:00,4.2,19.95,55.777523,0.0,5.293959,0.49999999999999994,-0.8660254037844387,0.43388373911755823,-0.900968867902419,-0.9659258262890683,-0.25881904510252063,19.55,17.35,11.9,13.45,19.85,56.98905,69.65842,99.34284,94.90886,82.330055,4.7521367,5.315336,2.8856194,3.8183763,11.003581,0.1,0.1,0.1,0.0,0.0,4.1,7.0,,0,0.13333333333333333,0.18618986725174438,0.5,0.06666666666666667,0.14354811251358907,0.5,0.5708333333333333,0.9954152145088964,4.1,12.577083333333334,15.540246165570364,44.8
2026-05-28 18:00:00+00:00,8.2,19.9,58.607212,0.0,8.688613,0.49999999999999994,-0.8660254037844387,0.43388373911755823,-0.900968867902419,-1.0,-1.8369701987210297e-16,19.95,18.85,14.7,12.7,19.35,55.777523,61.1305,85.2571,99.34693,80.45193,5.293959,5.2478566,3.745557,4.6730714,11.276968,4.2,0.1,0.1,0.5,0.0,1.2,7.7,,0,0.8333333333333334,1.658513390560116,4.2,0.4166666666666667,1.199873730730496,4.2,0.5750000000000001,1.0109186523848297,4.2,12.518749999999999,15.56685863512472,44.8
2026-05-28 19:00:00+00:00,4.2,18.9,66.176254,0.0,10.464797,0.49999999999999994,-0.8660254037844387,0.43388373911755823,-0.900968867902419,-0.9659258262890684,0.2588190451025203,19.9,19.55,15.55,12.0,18.25,58.607212,56.98905,82.33005,99.671196,83.19397,8.688613,4.7521367,3.8521678,3.438895,10.209348,8.2,4.2,0.1,0.0,0.0,0.6,4.8,,0,2.1166666666666667,3.4067090669247344,8.2,1.0999999999999999,2.534130656027491,8.2,0.8666666666666666,1.8558173323403668,8.2,12.529166666666667,15.56373250552533,44.8
2026-05-28 20:00:00+00:00,6.0,17.35,78.12334,0.0,10.583326,0.49999999999999994,-0.8660254037844387,0.43388373911755823,-0.900968867902419,-0.8660254037844386,0.5000000000000001,18.9,19.95,17.35,11.7,17.35,66.176254,55.777523,69.65842,99.670425,85.53421,10.464797,5.293959,5.315336,3.4247334,8.649369,4.2,8.2,4.2,0.1,0.0,0.1,5.9,,0,2.8166666666666664,3.315066615720894,8.2,1.45,2.6555259708423713,8.2,1.0166666666666666,1.9749885341807294,8.2,12.516666666666667,15.570311812198165,44.8
2026-05-28 21:00:00+00:00,14.0,15.95,88.49412,0.0,9.252069,0.49999999999999994,-0.8660254037844387,0.43388373911755823,-0.900968867902419,-0.7071067811865477,0.7071067811865474,17.35,19.9,18.85,11.45,16.55,78.12334,58.607212,61.1305,99.66978,87.69115,10.583326,8.688613,5.2478566,3.1072817,7.989243,6.0,4.2,8.2,0.1,0.0,1.8,16.0,,0,3.7999999999999994,3.22180073871748,8.2,1.95,2.910326442171072,8.2,1.2625,2.209232111331796,8.2,12.518750000000002,15.569414318915218,44.8
2026-05-28 22:00:00+00:00,9.2,15.15,94.36174,0.0,7.1684303,0.49999999999999994,-0.8660254037844387,0.43388373911755823,-0.900968867902419,-0.5000000000000004,0.8660254037844384,15.95,18.9,19.55,11.35,16.1,88.49412,66.176254,56.98905,99.66952,87.93537,9.252069,10.464797,4.7521367,2.7943513,6.778141,14.0,6.0,4.2,0.1,0.0,2.6,17.6,,0,6.116666666666667,4.691446116781811,14.0,3.1166666666666667,4.454177473978455,14.0,1.7708333333333333,3.41358910528355,14.0,12.477083333333335,15.562574304132042,44.8
2026-05-28 23:00:00+00:00,3.8,14.85,95.579834,0.0,6.59154,0.49999999999999994,-0.8660254037844387,0.43388373911755823,-0.900968867902419,-0.25881904510252157,0.9659258262890681,15.15,17.35,19.95,11.9,15.6,94.36174,78.12334,55.777523,99.34284,88.177666,7.1684303,10.583326,5.293959,2.8856194,5.8298883,9.2,14.0,6.0,4.2,0.0,0.0,28.8,,0,7.633333333333333,3.7297006135435473,14.0,3.883333333333333,4.656146149950309,14.0,2.045833333333333,3.7340942870966627,14.0,12.302083333333334,15.550966168018787,44.8
2026-05-29 00:00:00+00:00,13.2,15.25,90.17898,0.0,6.9247384,0.49999999999999994,-0.8660254037844387,-0.433883739117558,-0.9009688679024191,0.0,1.0,14.85,15.95,19.9,14.7,15.6,95.579834,88.49412,58.607212,85.2571,89.33078,6.59154,9.252069,8.688613,3.745557,6.8541956,3.8,9.2,14.0,8.2,0.5,0.6,35.2,,0,7.5666666666666655,3.8061353978369077,14.0,4.2,4.494441010848858,14.0,2.2041666666666666,3.7241257120082523,14.0,11.78125,15.404622907260446,44.8
2026-05-29 01:00:00+00:00,17.5,14.45,94.63918,0.0,4.4274144,0.49999999999999994,-0.8660254037844387,-0.433883739117558,-0.9009688679024191,0.25881904510252074,0.9659258262890683,15.25,15.15,18.9,15.55,14.9,90.17898,94.36174,66.176254,82.33005,91.93197,6.9247384,7.1684303,10.464797,3.8521678,7.0774574,13.2,3.8,9.2,4.2,0.0,0.2,39.6,,0,8.4,4.463182720884328,14.0,5.258333333333333,5.009710268039167,14.0,2.7291666666666665,4.327413040511477,14.0,11.322916666666666,15.015385578732698,44.8
2026-05-29 02:00:00+00:00,13.0,14.4,95.25465,0.0,4.599695,0.49999999999999994,-0.8660254037844387,-0.433883739117558,-0.9009688679024191,0.49999999999999994,0.8660254037844387,14.45,14.85,17.35,17.35,14.65,94.63918,95.579834,78.12334,69.65842,91.916916,4.4274144,6.59154,10.583326,5.315336,5.9834766,17.5,13.2,3.8,6.0,0.1,0.1,44.8,,0,10.616666666666665,5.20169844057372,17.5,6.716666666666666,5.821251557609392,17.5,3.4499999999999997,5.233753329403655,17.5,10.862499999999999,14.458372013355978,44.8
2026-05-29 03:00:00+00:00,8.2,14.25,96.18316,0.0,4.2481523,0.49999999999999994,-0.8660254037844387,-0.433883739117558,-0.9009688679024191,0.7071067811865475,0.7071067811865476,14.4,15.25,15.95,18.85,14.75,95.25465,90.17898,88.49412,61.1305,90.43726,4.599695,6.9247384,9.252069,5.2478566,6.924738,13.0,17.5,13.2,14.0,0.1,0.9,27.9,,0,11.783333333333331,4.722040519380054,17.5,7.791666666666667,5.6776208739117875,17.5,3.9875000000000003,5.528842358585322,17.5,10.2,13.571591104449862,41.0
2026-05-29 04:00:00+00:00,5.8,14.35,96.18608,0.0,5.728979,0.49999999999999994,-0.8660254037844387,-0.433883739117558,-0.9009688679024191,0.8660254037844386,0.5000000000000001,14.25,14.45,15.15,19.55,14.25,96.18316,94.63918,94.36174,56.98905,92.495155,4.2481523,4.4274144,7.1684303,4.7521367,5.0688457,8.2,13.0,17.5,9.2,0.1,0.7,25.3,,0,10.816666666666665,4.770918849306396,17.5,8.466666666666667,5.135674397306703,17.5,4.291666666666667,5.552352941628094,17.5,9.789583333333335,13.320488771035784,41.0
2026-05-29 05:00:00+00:00,8.4,14.2,96.809044,0.0,5.6233797,0.49999999999999994,-0.8660254037844387,-0.433883739117558,-0.9009688679024191,0.9659258262890683,0.25881904510252074,14.35,14.4,14.85,19.95,13.45,96.18608,95.25465,95.579834,55.777523,94.90886,5.728979,4.599695,6.59154,5.293959,3.8183763,5.8,8.2,13.0,3.8,4.2,0.0,32.4,,0,10.25,5.185267591937798,17.5,8.941666666666666,4.517935637461259,17.5,4.504166666666667,5.506318833980613,17.5,9.383333333333333,13.133428735658086,41.0
2026-05-29 06:00:00+00:00,5.0,13.85,95.85834,0.0,5.7431,0.49999999999999994,-0.8660254037844387,-0.433883739117558,-0.9009688679024191,1.0,6.123233995736766e-17,14.2,14.25,15.25,19.9,12.7,96.809044,96.18316,90.17898,58.607212,99.34693,5.6233797,4.2481523,6.9247384,8.688613,4.6730714,8.4,5.8,8.2,13.2,8.2,0.0,32.0,,0,11.016666666666666,4.306468003673899,17.5,9.291666666666666,4.2732696303104225,17.5,4.854166666666667,5.47444491263266,17.5,8.883333333333335,12.687811764677397,41.0
2026-05-29 07:00:00+00:00,0.7,14.2,93.70804,0.0,6.444905,0.49999999999999994,-0.8660254037844387,-0.433883739117558,-0.9009688679024191,0.9659258262890683,-0.25881904510252063,13.85,14.35,14.45,18.9,12.0,95.85834,96.18608,94.63918,66.176254,99.671196,5.7431,5.728979,4.4274144,10.464797,3.438895,5.0,8.4,5.8,17.5,4.2,0.0,32.8,,0,9.65,4.752999053229488,17.5,9.025,4.44402049745703,17.5,5.0625,5.375937734176193,17.5,8.320833333333333,12.231455060940256,41.0
2026-05-29 08:00:00+00:00,0.1,14.45,92.506386,0.0,6.3639607,0.49999999999999994,-0.8660254037844387,-0.433883739117558,-0.9009688679024191,0.8660254037844387,-0.4999999999999998,14.2,14.2,14.4,17.35,11.7,93.70804,96.809044,95.25465,78.12334,99.670425,6.444905,5.6233797,4.599695,10.583326,3.4247334,0.7,5.0,8.4,13.0,6.0,0.0,35.2,,0,6.8500000000000005,4.10840601693655,13.0,8.733333333333333,4.882684308923332,17.5,5.091666666666667,5.349109366473365,17.5,7.652083333333334,11.731916634028773,41.0
2026-05-29 09:00:00+00:00,0.1,14.55,91.91087,0.0,7.329338,0.49999999999999994,-0.8660254037844387,-0.433883739117558,-0.9009688679024191,0.7071067811865476,-0.7071067811865475,14.45,13.85,14.25,15.95,11.45,92.506386,95.85834,96.18316,88.49412,99.66978,6.3639607,5.7431,4.2481523,9.252069,3.1072817,0.1,0.7,5.0,8.2,14.0,0.0,38.3,,0,4.7,3.588871688985339,8.4,8.241666666666665,5.447344362720303,17.5,5.095833333333333,5.345008168266996,17.5,6.920833333333334,11.052542950550269,41.0
2026-05-29 10:00:00+00:00,0.0,14.3,92.196434,0.0,7.120815,0.49999999999999994,-0.8660254037844387,-0.433883739117558,-0.9009688679024191,0.49999999999999994,-0.8660254037844387,14.55,14.2,14.35,15.15,11.35,91.91087,93.70804,96.18608,94.36174,99.66952,7.329338,6.444905,5.728979,7.1684303,2.7943513,0.1,0.1,0.7,5.8,9.2,0.0,40.0,,0,3.3499999999999996,3.5319966024899436,8.4,7.083333333333333,5.5876216006021036,17.5,5.1000000000000005,5.34090042888881,17.5,6.125,10.077286446641235,41.0
2026-05-29 11:00:00+00:00,0.5,15.0,85.568886,0.0,9.107359,0.49999999999999994,-0.8660254037844387,-0.433883739117558,-0.9009688679024191,0.258819045102521,-0.9659258262890682,14.3,14.45,14.2,14.85,11.9,92.196434,92.506386,96.809044,95.579834,99.34284,7.120815,6.3639607,5.6233797,6.59154,2.8856194,0.0,0.1,0.1,8.4,3.8,0.0,41.0,,0,2.3833333333333333,3.5210320456745614,8.4,6.316666666666666,5.893576369594483,17.5,5.1000000000000005,5.34090042888881,17.5,5.291666666666667,8.787801829405767,41.0
2026-05-29 12:00:00+00:00,4.0,16.3,82.961945,0.0,8.821836,0.49999999999999994,-0.8660254037844387,-0.433883739117558,-0.9009688679024191,1.2246467991473532e-16,-1.0,15.0,14.55,13.85,15.25,14.7,85.568886,91.91087,95.85834,90.17898,85.2571,9.107359,7.329338,5.7431,6.9247384,3.745557,0.5,0.0,0.1,5.0,13.2,0.5,38.8,,0,1.0666666666666667,1.9459359359103292,5.0,6.041666666666667,6.095222918338795,17.5,5.120833333333334,5.321080240659462,17.5,4.447916666666667,7.06098027018105,38.8
2026-05-29 13:00:00+00:00,10.3,17.3,76.10453,0.0,8.149847,0.49999999999999994,-0.8660254037844387,-0.433883739117558,-0.9009688679024191,-0.2588190451025208,-0.9659258262890683,16.3,14.3,14.2,14.45,15.55,82.961945,92.196434,93.70804,94.63918,82.33005,8.821836,7.120815,6.444905,4.4274144,3.8521678,4.0,0.5,0.0,0.7,17.5,0.0,18.3,,0,0.9,1.542724862054328,4.0,5.275,5.677247252290184,17.5,5.266666666666667,5.23621724286656,17.5,3.7229166666666664,4.921089638174645,18.3
2026-05-29 14:00:00+00:00,2.2,18.3,68.25848,0.0,7.3997297,0.49999999999999994,-0.8660254037844387,-0.433883739117558,-0.9009688679024191,-0.4999999999999997,-0.8660254037844388,17.3,15.0,14.45,14.4,17.35,76.10453,85.568886,92.506386,95.25465,69.65842,8.149847,9.107359,6.3639607,4.599695,5.315336,10.3,4.0,0.5,0.1,13.0,0.1,6.9,,0,2.5,4.119708727568069,10.3,4.675,4.53293503152208,13.0,5.695833333333334,5.20781011864722,17.5,3.55625,4.537405118871959,17.5
2026-05-29 15:00:00+00:00,0.9,19.15,62.424923,0.0,6.77575,0.49999999999999994,-0.8660254037844387,-0.433883739117558,-0.9009688679024191,-0.7071067811865471,-0.7071067811865479,18.3,16.3,14.55,14.25,18.85,68.25848,82.961945,91.91087,96.18316,61.1305,7.3997297,8.821836,7.329338,4.2481523,5.2478566,2.2,10.3,4.0,0.1,8.2,0.1,7.2,,0,2.85,3.9611866908794533,10.3,3.775,3.7309820788536854,10.3,5.783333333333334,5.126713216652305,17.5,3.4583333333333335,4.514366350452607,17.5
2026-05-29 16:00:00+00:00,9.9,20.0,57.861526,0.0,6.037383,0.49999999999999994,-0.8660254037844387,-0.433883739117558,-0.9009688679024191,-0.8660254037844384,-0.5000000000000004,19.15,17.3,14.3,14.35,19.55,62.424923,76.10453,92.196434,96.18608,56.98905,6.77575,8.149847,7.120815,5.728979,4.7521367,0.9,2.2,10.3,0.0,5.8,0.1,6.5,,0,2.983333333333333,3.862339532804849,10.3,3.1666666666666665,3.533819291910509,10.3,5.816666666666666,5.0906279331359015,17.5,3.327083333333333,4.49480738627539,17.5
2026-05-29 17:00:00+00:00,19.1,19.8,61.35125,0.0,8.714677,0.49999999999999994,-0.8660254037844387,-0.433883739117558,-0.9009688679024191,-0.9659258262890683,-0.25881904510252063,20.0,18.3,15.0,14.2,19.95,57.861526,68.25848,85.568886,96.809044,55.777523,6.037383,7.3997297,9.107359,5.6233797,5.293959,9.9,0.9,2.2,0.5,8.4,4.2,4.1,,0,4.633333333333333,4.408930331346499,10.3,3.5083333333333333,3.9814246726821954,10.3,6.2250000000000005,5.0044545374487726,17.5,3.3979166666666667,4.572000334288821,17.5
2026-05-29 18:00:00+00:00,15.3,18.75,74.62786,0.0,11.457958,0.49999999999999994,-0.8660254037844387,-0.433883739117558,-0.9009688679024191,-1.0,-1.8369701987210297e-16,19.8,19.15,16.3,13.85,19.9,61.35125,62.424923,82.961945,95.85834,58.607212,8.714677,6.77575,8.821836,5.7431,8.688613,19.1,9.9,0.9,4.0,5.0,8.2,1.2,,0,7.733333333333333,6.807838619317229,19.1,4.4,5.908391567007979,19.1,6.845833333333334,5.627724782883786,19.1,3.7104166666666667,5.102825232614717,19.1
2026-05-29 19:00:00+00:00,17.7,17.7,79.7109,0.0,11.45513,0.49999999999999994,-0.8660254037844387,-0.433883739117558,-0.9009688679024191,-0.9659258262890684,0.2588190451025203,18.75,20.0,17.3,14.2,18.9,74.62786,57.861526,76.10453,93.70804,66.176254,11.457958,6.037383,8.149847,6.444905,10.464797,15.3,19.1,9.9,10.3,0.7,4.2,0.6,,0,9.616666666666667,7.124160769288344,19.1,5.258333333333333,6.698773067216167,19.1,7.141666666666666,5.882835508765199,19.1,4.004166666666667,5.354852972268188,19.1
2026-05-29 20:00:00+00:00,13.0,16.7,83.55047,0.0,10.571074,0.49999999999999994,-0.8660254037844387,-0.433883739117558,-0.9009688679024191,-0.8660254037844386,0.5000000000000001,17.7,19.8,18.3,14.45,17.35,79.7109,61.35125,68.25848,92.506386,78.12334,11.45513,8.714677,7.3997297,6.3639607,10.583326,17.7,15.3,19.1,2.2,0.1,6.0,0.1,,0,10.85,7.867845956804213,19.1,6.675,7.407259952236053,19.1,7.704166666666667,6.224808651968626,19.1,4.360416666666667,5.682363142788777,19.1
2026-05-29 21:00:00+00:00,3.9,15.9,88.48994,0.0,9.473541,0.49999999999999994,-0.8660254037844387,-0.433883739117558,-0.9009688679024191,-0.7071067811865477,0.7071067811865474,16.7,18.75,19.15,14.55,15.95,83.55047,74.62786,62.424923,91.91087,88.49412,10.571074,11.457958,6.77575,7.329338,9.252069,13.0,17.7,15.3,0.9,0.1,14.0,1.8,,0,12.65,6.63136486705417,19.1,7.75,7.30161874954016,19.1,7.995833333333334,6.304965549446755,19.1,4.629166666666666,5.780781009345858,19.1
2026-05-29 22:00:00+00:00,1.3,15.45,91.07539,0.0,9.5535755,0.49999999999999994,-0.8660254037844387,-0.433883739117558,-0.9009688679024191,-0.5000000000000004,0.8660254037844384,15.9,17.7,20.0,14.3,15.15,88.48994,79.7109,57.861526,92.196434,94.36174,9.473541,11.45513,6.037383,7.120815,7.1684303,3.9,13.0,17.7,9.9,0.0,9.2,2.6,,0,13.149999999999999,5.601339125602053,19.1,8.066666666666666,7.016517309286367,19.1,7.575,6.223325687178515,19.1,4.672916666666667,5.766843584585726,19.1
2026-05-29 23:00:00+00:00,5.7,15.2,92.84873,0.0,9.220499,0.49999999999999994,-0.8660254037844387,-0.433883739117558,-0.9009688679024191,-0.25881904510252157,0.9659258262890681,15.45,16.7,19.8,15.0,14.85,91.07539,83.55047,61.35125,85.568886,95.579834,9.5535755,10.571074,8.714677,9.107359,6.59154,1.3,3.9,13.0,19.1,0.5,3.8,0.0,,0,11.716666666666667,7.408216159553327,19.1,8.174999999999999,6.889534223601902,19.1,7.245833333333334,6.3414426534927,19.1,4.645833333333333,5.7798239807304235,19.1
2026-05-30 00:00:00+00:00,8.4,15.45,91.964905,0.0,9.867218,0.49999999999999994,-0.8660254037844387,-0.9749279121818236,-0.2225209339563146,0.0,1.0,15.2,15.9,18.75,16.3,15.25,92.84873,88.48994,74.62786,82.961945,90.17898,9.220499,9.473541,11.457958,8.821836,6.9247384,5.7,1.3,3.9,15.3,4.0,13.2,0.6,,0,9.483333333333333,6.725597866856676,17.7,8.608333333333333,6.5163372775779145,19.1,7.325,6.3083278291477765,19.1,4.764583333333333,5.740764630787333,19.1
2026-05-30 01:00:00+00:00,6.2,15.55,91.67375,0.0,8.78872,0.49999999999999994,-0.8660254037844387,-0.9749279121818236,-0.2225209339563146,0.25881904510252074,0.9659258262890683,15.45,15.45,17.7,17.3,14.45,91.964905,91.07539,79.7109,76.10453,94.63918,9.867218,9.5535755,11.45513,8.149847,4.4274144,8.4,5.7,1.3,17.7,10.3,17.5,0.2,,0,8.333333333333334,6.092180780858943,17.7,8.975,6.355259096356199,19.1,7.125,6.188927700899148,19.1,4.927083333333333,5.730758354010076,19.1
2026-05-30 02:00:00+00:00,12.3,15.45,92.86206,0.0,7.289445,0.49999999999999994,-0.8660254037844387,-0.9749279121818236,-0.2225209339563146,0.49999999999999994,0.8660254037844387,15.55,15.2,16.7,18.3,14.4,91.67375,92.84873,83.55047,68.25848,95.25465,8.78872,9.220499,10.571074,7.3997297,4.599695,6.2,8.4,5.7,13.0,2.2,13.0,0.1,,0,6.416666666666667,4.008698874531124,13.0,8.633333333333335,6.387677531186454,19.1,6.654166666666668,5.781753846042928,19.1,5.052083333333333,5.690753589678547,19.1
2026-05-30 03:00:00+00:00,5.4,15.45,91.667564,0.0,6.7757506,0.49999999999999994,-0.8660254037844387,-0.9749279121818236,-0.2225209339563146,0.7071067811865475,0.7071067811865476,15.45,15.45,15.9,19.15,14.25,92.86206,91.964905,88.48994,62.424923,96.18316,7.289445,9.867218,9.473541,6.77575,4.2481523,12.3,6.2,8.4,3.9,0.9,8.2,0.9,,0,6.3,3.7825917041098207,12.3,9.475,6.122852128037896,19.1,6.625,5.750028355317635,19.1,5.30625,5.737128284904074,19.1
2026-05-30 04:00:00+00:00,6.9,15.25,92.851395,0.0,6.114703,0.49999999999999994,-0.8660254037844387,-0.9749279121818236,-0.2225209339563146,0.8660254037844386,0.5000000000000001,15.45,15.55,15.45,20.0,14.35,91.667564,91.67375,91.07539,57.861526,96.18608,6.7757506,8.78872,9.5535755,6.037383,5.728979,5.4,12.3,6.2,1.3,9.9,5.8,0.7,,0,6.550000000000001,3.6390932936653924,12.3,9.85,5.671058903847595,19.1,6.508333333333333,5.745086117087709,19.1,5.3999999999999995,5.7002426226825085,19.1
2026-05-30 05:00:00+00:00,2.8,14.9,94.6574,0.0,5.5450516,0.49999999999999994,-0.8660254037844387,-0.9749279121818236,-0.2225209339563146,0.9659258262890683,0.25881904510252074,15.25,15.45,15.2,19.8,14.2,92.851395,92.86206,92.84873,61.35125,96.809044,6.114703,7.289445,9.220499,8.714677,5.6233797,6.9,5.4,12.3,5.7,19.1,8.4,0.0,,0,7.483333333333333,2.590302427645677,12.3,9.6,5.734425547832701,19.1,6.554166666666667,5.743577068015384,19.1,5.529166666666668,5.66158982007525,19.1
2026-05-30 06:00:00+00:00,1.9,15.0,92.83802,0.0,4.965521,0.49999999999999994,-0.8660254037844387,-0.9749279121818236,-0.2225209339563146,1.0,6.123233995736766e-17,14.9,15.45,15.45,18.75,13.85,94.6574,91.667564,91.964905,74.62786,95.85834,5.5450516,6.7757506,9.867218,11.457958,5.7431,2.8,6.9,5.4,8.4,15.3,5.0,0.0,,0,7.0,3.1906112267088305,12.3,8.241666666666665,5.183620765683411,17.7,6.320833333333334,5.7789708100308586,19.1,5.587500000000001,5.617663063754526,19.1
2026-05-30 07:00:00+00:00,4.0,15.0,93.442345,0.0,3.9518096,0.49999999999999994,-0.8660254037844387,-0.9749279121818236,-0.2225209339563146,0.9659258262890683,-0.25881904510252063,15.0,15.25,15.55,17.7,14.2,92.83802,92.851395,91.67375,79.7109,93.70804,4.965521,6.114703,8.78872,11.45513,6.444905,1.9,2.8,6.9,6.2,17.7,0.7,0.0,,0,5.916666666666667,3.6853312831639853,12.3,7.125,4.963526056050372,17.7,6.191666666666666,5.844054330214005,19.1,5.627083333333334,5.584047932464073,19.1
2026-05-30 08:00:00+00:00,7.0,15.05,93.444824,0.0,4.755544,0.49999999999999994,-0.8660254037844387,-0.9749279121818236,-0.2225209339563146,0.8660254037844387,-0.4999999999999998,15.0,14.9,15.45,16.7,14.45,93.442345,94.6574,92.86206,83.55047,92.506386,3.9518096,5.5450516,7.289445,10.571074,6.3639607,4.0,1.9,2.8,12.3,13.0,0.1,0.0,,0,5.550000000000001,3.760186165604097,12.3,5.983333333333334,3.7331033478944398,13.0,6.329166666666666,5.747247293207042,19.1,5.710416666666667,5.527849783319904,19.1
2026-05-30 09:00:00+00:00,16.0,15.05,93.14233,0.0,4.5891175,0.49999999999999994,-0.8660254037844387,-0.9749279121818236,-0.2225209339563146,0.7071067811865476,-0.7071067811865475,15.05,15.0,15.45,15.9,14.55,93.444824,92.83802,91.667564,88.48994,91.91087,4.755544,4.965521,6.7757506,9.473541,7.329338,7.0,4.0,1.9,5.4,3.9,0.1,0.0,,0,4.666666666666667,2.1238330128960503,7.0,5.483333333333333,3.0465579186214775,12.3,6.616666666666666,5.592593445734784,19.1,5.85625,5.4659840269596724,19.1
2026-05-30 10:00:00+00:00,23.0,15.3,92.55385,0.0,5.9834766,0.49999999999999994,-0.8660254037844387,-0.9749279121818236,-0.2225209339563146,0.49999999999999994,-0.8660254037844387,15.05,15.0,15.25,15.45,14.3,93.14233,93.442345,92.851395,91.07539,92.196434,4.5891175,3.9518096,6.114703,9.5535755,7.120815,16.0,7.0,4.0,6.9,1.3,0.0,0.0,,0,6.433333333333334,5.132900414645418,16.0,6.491666666666667,4.24252462002464,16.0,7.279166666666666,5.727202759574316,19.1,6.189583333333334,5.587761687273217,19.1
2026-05-30 11:00:00+00:00,25.0,16.0,87.35816,0.0,8.32877,0.49999999999999994,-0.8660254037844387,-0.9749279121818236,-0.2225209339563146,0.258819045102521,-0.9659258262890682,15.3,15.05,14.9,15.2,15.0,92.55385,93.444824,94.6574,92.84873,85.568886,5.9834766,4.755544,5.5450516,9.220499,9.107359,23.0,16.0,7.0,2.8,5.7,0.5,0.0,,0,9.116666666666667,8.517844015164112,23.0,8.3,6.062702667652742,23.0,8.237499999999999,6.346982336717896,23.0,6.66875,6.015482020268184,23.0
2026-05-30 12:00:00+00:00,24.3,16.5,85.72345,0.0,5.297018,0.49999999999999994,-0.8660254037844387,-0.9749279121818236,-0.2225209339563146,1.2246467991473532e-16,-1.0,16.0,15.05,15.0,15.45,16.3,87.35816,93.14233,92.83802,91.964905,82.961945,8.32877,4.5891175,4.965521,9.867218,8.821836,25.0,23.0,16.0,1.9,8.4,4.0,0.5,,0,12.816666666666668,9.929837192354517,25.0,9.908333333333333,7.659866879134429,25.0,9.258333333333333,6.98644132007425,25.0,7.189583333333334,6.489410017550603,25.0
2026-05-30 13:00:00+00:00,28.7,17.1,83.59688,0.0,3.9966483,0.49999999999999994,-0.8660254037844387,-0.9749279121818236,-0.2225209339563146,-0.2588190451025208,-0.9659258262890683,16.5,15.3,15.0,15.55,17.3,85.72345,92.55385,93.442345,91.67375,76.10453,5.297018,5.9834766,3.9518096,8.78872,8.149847,24.3,25.0,23.0,4.0,6.2,10.3,0.0,,0,16.55,9.187763601660654,25.0,11.233333333333334,8.682200531006298,25.0,10.104166666666666,7.529852424598513,25.0,7.685416666666668,6.865733277641648,25.0
2026-05-30 14:00:00+00:00,33.6,18.35,80.05883,0.0,2.2553935,0.49999999999999994,-0.8660254037844387,-0.9749279121818236,-0.2225209339563146,-0.4999999999999997,-0.8660254037844388,17.1,16.0,15.05,15.45,18.3,83.59688,87.35816,93.444824,92.86206,68.25848,3.9966483,8.32877,4.755544,7.289445,7.3997297,28.7,24.3,25.0,7.0,12.3,2.2,0.1,,0,20.666666666666668,7.880524517230244,28.7,13.108333333333334,9.847700085283716,28.7,10.870833333333332,8.433189049003472,28.7,8.283333333333333,7.410295693796785,28.7
2026-05-30 15:00:00+00:00,36.9,19.55,75.97347,0.0,4.8366103,0.49999999999999994,-0.8660254037844387,-0.9749279121818236,-0.2225209339563146,-0.7071067811865471,-0.7071067811865479,18.35,16.5,15.05,15.45,19.15,80.05883,85.72345,93.14233,91.667564,62.424923,2.2553935,5.297018,4.5891175,6.7757506,6.77575,33.6,28.7,24.3,16.0,5.4,0.9,0.1,,0,25.099999999999998,5.8835363515491474,33.6,14.883333333333333,11.474068259525144,33.6,12.179166666666667,9.408783092162476,33.6,8.981250000000001,8.162541746659377,33.6
2026-05-30 16:00:00+00:00,39.2,20.4,70.9288,0.0,4.724786,0.49999999999999994,-0.8660254037844387,-0.9749279121818236,-0.2225209339563146,-0.8660254037844384,-0.5000000000000004,19.55,17.1,15.3,15.25,20.0,75.97347,83.59688,92.55385,92.851395,57.861526,4.8366103,3.9966483,5.9834766,6.114703,6.037383,36.9,33.6,28.7,23.0,6.9,9.9,0.1,,0,28.583333333333332,5.598362855930909,36.9,17.508333333333333,12.650221581482514,36.9,13.679166666666667,10.35454024199957,36.9,9.747916666666667,8.996263753626968,36.9
2026-05-30 17:00:00+00:00,43.1,21.35,65.83461,0.0,5.3939967,0.49999999999999994,-0.8660254037844387,-0.9749279121818236,-0.2225209339563146,-0.9659258262890683,-0.25881904510252063,20.4,18.35,16.0,14.9,19.8,70.9288,80.05883,87.35816,94.6574,61.35125,4.724786,2.2553935,8.32877,5.5450516,8.714677,39.2,36.9,33.6,25.0,2.8,19.1,4.2,,0,31.28333333333333,6.237120061908932,39.2,20.2,13.589300604118328,39.2,14.899999999999999,11.548084727328828,39.2,10.5625,9.83516541413534,39.2
2026-05-30 18:00:00+00:00,46.9,21.85,65.097496,0.0,4.2366967,0.49999999999999994,-0.8660254037844387,-0.9749279121818236,-0.2225209339563146,-1.0,-1.8369701987210297e-16,21.35,19.55,16.5,15.0,18.75,65.83461,75.97347,85.72345,92.83802,74.62786,5.3939967,4.8366103,5.297018,4.965521,11.457958,43.1,39.2,36.9,24.3,1.9,15.3,8.2,,0,34.300000000000004,6.9290692015594875,43.1,23.558333333333334,13.874991127488284,43.1,15.9,12.888889721805741,43.1,11.372916666666667,10.850056173662463,43.1
2026-05-30 19:00:00+00:00,47.1,22.05,62.469933,0.0,5.2323985,0.49999999999999994,-0.8660254037844387,-0.9749279121818236,-0.2225209339563146,-0.9659258262890684,0.2588190451025203,21.85,20.4,17.1,15.0,17.7,65.097496,70.9288,83.59688,93.442345,79.7109,4.2366967,4.724786,3.9966483,3.9518096,11.45513,46.9,43.1,39.2,28.7,4.0,17.7,4.2,,0,38.06666666666666,6.537481676201235,46.9,27.308333333333337,13.566902127358814,46.9,17.216666666666665,14.355537233951308,46.9,12.179166666666667,11.987510492233916,46.9
2026-05-30 20:00:00+00:00,46.2,21.25,68.186226,0.0,3.219938,0.49999999999999994,-0.8660254037844387,-0.9749279121818236,-0.2225209339563146,-0.8660254037844386,0.5000000000000001,22.05,21.35,18.35,15.05,16.7,62.469933,65.83461,80.05883,93.444824,83.55047,5.2323985,5.3939967,2.2553935,4.755544,10.571074,47.1,46.9,43.1,33.6,7.0,13.0,6.0,,0,41.13333333333333,5.497878378671807,47.1,30.900000000000002,12.498363529242162,47.1,18.441666666666666,15.599105790053333,47.1,13.072916666666666,12.941254166314906,47.1
2026-05-30 21:00:00+00:00,41.7,18.8,79.60761,0.0,10.086427,0.49999999999999994,-0.8660254037844387,-0.9749279121818236,-0.2225209339563146,-0.7071067811865477,0.7071067811865474,21.25,21.85,19.55,15.05,15.9,68.186226,65.097496,75.97347,93.14233,88.48994,3.219938,4.2366967,4.8366103,4.5891175,9.473541,46.2,47.1,46.9,36.9,16.0,3.9,14.0,,0,43.23333333333333,4.326507444425231,47.1,34.166666666666664,10.673359642615145,47.1,19.825,16.539314164846083,47.1,13.910416666666668,13.749340248517505,47.1
2026-05-30 22:00:00+00:00,23.5,16.9,94.435394,0.0,8.647496,0.49999999999999994,-0.8660254037844387,-0.9749279121818236,-0.2225209339563146,-0.5000000000000004,0.8660254037844384,18.8,22.05,20.4,15.3,15.45,79.60761,62.469933,70.9288,92.55385,91.07539,10.086427,5.2323985,4.724786,5.9834766,9.5535755,41.7,46.2,47.1,39.2,23.0,1.3,9.2,,0,44.03333333333333,3.2246963681356,47.1,36.30833333333334,9.169163571780153,47.1,21.400000000000002,16.755271720708755,47.1,14.487500000000002,14.322540262623386,47.1
2026-05-30 23:00:00+00:00,11.4,16.85,92.93614,0.0,6.77575,0.49999999999999994,-0.8660254037844387,-0.9749279121818236,-0.2225209339563146,-0.25881904510252157,0.9659258262890681,16.9,21.25,21.35,16.0,15.2,94.435394,68.186226,65.83461,87.35816,92.84873,8.647496,3.219938,5.3939967,8.32877,9.220499,23.5,41.7,46.2,43.1,25.0,5.7,3.8,,0,41.416666666666664,9.046196254043293,47.1,36.35,9.104094982728652,47.1,22.325000000000003,16.20099970076994,47.1,14.785416666666668,14.358895079629256,47.1
2026-05-31 00:00:00+00:00,6.1,16.85,91.75352,0.0,6.130579,0.49999999999999994,-0.8660254037844387,-0.7818314824680299,0.6234898018587334,0.0,1.0,16.85,18.8,21.85,16.5,15.45,92.93614,79.60761,65.097496,85.72345,91.964905,6.77575,10.086427,4.2366967,5.297018,9.867218,11.4,23.5,41.7,46.9,24.3,8.4,13.2,,0,36.13333333333333,15.098697515569578,47.1,35.21666666666667,11.241144662948384,47.1,22.5625,15.987054885532963,47.1,14.943750000000001,14.27685086931571,47.1
2026-05-31 01:00:00+00:00,3.5,16.6,92.033195,0.1,4.7110505,0.49999999999999994,-0.8660254037844387,-0.7818314824680299,0.6234898018587334,0.25881904510252074,0.9659258262890683,16.85,16.9,22.05,17.1,15.55,91.75352,94.435394,62.469933,83.59688,91.67375,6.130579,8.647496,5.2323985,3.9966483,8.78872,6.1,11.4,23.5,47.1,28.7,6.2,17.5,43.0,0,29.333333333333332,18.157606303328283,47.1,33.7,13.787345977051158,47.1,22.46666666666667,16.082252347843262,47.1,14.795833333333334,14.331975236665638,47.1
2026-05-31 02:00:00+00:00,6.4,16.35,92.909805,0.0,5.0688457,0.49999999999999994,-0.8660254037844387,-0.7818314824680299,0.6234898018587334,0.49999999999999994,0.8660254037844387,16.6,16.85,21.25,18.35,15.45,92.033195,92.93614,68.186226,80.05883,92.86206,4.7110505,6.77575,3.219938,2.2553935,7.289445,3.5,6.1,11.4,46.2,33.6,12.3,13.0,45.0,0,22.066666666666663,18.348696593127997,46.2,31.600000000000005,16.307053688511598,47.1,22.354166666666668,16.209926619651696,47.1,14.504166666666668,14.417969850500068,47.1
2026-05-31 03:00:00+00:00,7.3,16.25,92.30901,0.0,5.5916004,0.49999999999999994,-0.8660254037844387,-0.7818314824680299,0.6234898018587334,0.7071067811865475,0.7071067811865476,16.35,16.85,18.8,19.55,15.45,92.909805,91.75352,79.60761,75.97347,91.667564,5.0688457,6.130579,10.086427,4.8366103,6.7757506,6.4,3.5,6.1,41.7,36.9,5.4,8.2,39.4,0,15.433333333333335,14.713214015525866,41.7,29.333333333333332,17.823647893807372,47.1,22.108333333333334,16.41250627780049,47.1,14.366666666666667,14.464017471589267,47.1
2026-05-31 04:00:00+00:00,5.8,15.8,94.38924,0.0,3.964089,0.49999999999999994,-0.8660254037844387,-0.7818314824680299,0.6234898018587334,0.8660254037844386,0.5000000000000001,16.25,16.6,16.9,20.4,15.25,92.30901,92.033195,94.435394,70.9288,92.851395,5.5916004,4.7110505,8.647496,4.724786,6.114703,7.3,6.4,3.5,23.5,39.2,6.9,5.8,43.3,0,9.700000000000001,7.2302143813306134,23.5,26.86666666666667,18.707574223648912,47.1,22.1875,16.33279742539931,47.1,14.347916666666665,14.47276223224874,47.1
2026-05-31 05:00:00+00:00,4.8,15.55,95.29581,0.0,3.96,0.49999999999999994,-0.8660254037844387,-0.7818314824680299,0.6234898018587334,0.9659258262890683,0.25881904510252074,15.8,16.35,16.85,21.35,14.9,94.38924,92.909805,92.93614,65.83461,94.6574,3.964089,5.0688457,6.77575,5.3939967,5.5450516,5.8,7.3,6.4,11.4,43.1,2.8,8.4,49.2,0,6.75,2.605187133393687,11.4,24.083333333333332,19.184360739146275,47.1,22.141666666666666,16.37904060116137,47.1,14.347916666666668,14.47276223224874,47.1
2026-05-31 06:00:00+00:00,2.0,15.15,95.28154,0.0,5.2200003,0.49999999999999994,-0.8660254037844387,-0.7818314824680299,0.6234898018587334,1.0,6.123233995736766e-17,15.55,16.25,16.85,21.85,15.0,95.29581,92.30901,91.75352,65.097496,92.83802,3.96,5.5916004,6.130579,4.2366967,4.965521,4.8,5.8,7.3,6.1,46.9,1.9,5.0,46.3,0,5.6499999999999995,1.3307892395116545,7.3,20.89166666666667,18.917065808097167,47.1,22.224999999999998,16.281150744502593,47.1,14.272916666666667,14.513511526986553,47.1
2026-05-31 07:00:00+00:00,0.3,14.95,94.96645,0.0,3.604497,0.49999999999999994,-0.8660254037844387,-0.7818314824680299,0.6234898018587334,0.9659258262890683,-0.25881904510252063,15.15,15.8,16.6,22.05,15.0,95.28154,94.38924,92.033195,62.469933,93.442345,5.2200003,3.964089,4.7110505,5.2323985,3.9518096,2.0,4.8,5.8,3.5,47.1,4.0,0.7,40.9,0,4.966666666666667,1.9582304937536514,7.3,17.150000000000002,17.70688104561717,47.1,22.229166666666668,16.27573491739925,47.1,14.210416666666667,14.560676269999146,47.1
2026-05-31 08:00:00+00:00,0.0,14.95,93.74346,0.0,2.6999998,0.49999999999999994,-0.8660254037844387,-0.7818314824680299,0.6234898018587334,0.8660254037844387,-0.4999999999999998,14.95,15.55,16.35,21.25,15.05,94.96645,95.29581,92.909805,68.186226,93.444824,3.604497,3.96,5.0688457,3.219938,4.755544,0.3,2.0,4.8,6.4,46.2,7.0,0.1,35.2,0,4.433333333333334,2.7237229423468654,7.3,13.25,15.53081979923674,46.2,22.075000000000003,16.47224939102125,47.1,14.202083333333333,14.568685297996407,47.1
2026-05-31 09:00:00+00:00,0.0,15.1,91.943954,0.0,3.2399998,0.49999999999999994,-0.8660254037844387,-0.7818314824680299,0.6234898018587334,0.7071067811865476,-0.7071067811865475,14.95,15.15,16.25,18.8,15.05,93.74346,95.28154,92.30901,79.60761,93.14233,2.6999998,5.2200003,5.5916004,10.086427,4.5891175,0.0,0.3,2.0,7.3,41.7,16.0,0.1,39.2,0,3.366666666666667,3.0349080161788526,7.3,9.4,11.928803948274279,41.7,21.783333333333335,16.809305566357832,47.1,14.199999999999998,14.57075181693238,47.1
2026-05-31 10:00:00+00:00,0.1,15.2,90.46902,0.0,3.9763298,0.49999999999999994,-0.8660254037844387,-0.7818314824680299,0.6234898018587334,0.49999999999999994,-0.8660254037844387,15.1,14.95,15.8,16.9,15.3,91.943954,94.96645,94.38924,94.435394,92.55385,3.2399998,3.604497,3.964089,8.647496,5.9834766,0.0,0.0,0.3,5.8,23.5,23.0,0.0,36.8,0,2.15,2.5704085278414364,5.8,5.925,6.504701097178624,23.5,21.116666666666667,17.357010027693402,47.1,14.197916666666666,14.572817738652041,47.1
2026-05-31 11:00:00+00:00,0.9,15.85,85.93603,0.0,4.913044,0.49999999999999994,-0.8660254037844387,-0.7818314824680299,0.6234898018587334,0.258819045102521,-0.9659258262890682,15.2,14.95,15.55,16.85,16.0,90.46902,93.74346,95.29581,92.93614,87.35816,3.9763298,2.6999998,3.96,6.77575,8.32877,0.1,0.0,0.0,4.8,11.4,25.0,0.5,34.7,0,1.2,1.9235384061671272,4.8,3.975,3.6287050031657975,11.4,20.1625,17.87081206641275,47.1,14.200000000000001,14.57075181693238,47.1
2026-05-31 12:00:00+00:00,5.0,16.8,82.484726,0.0,5.3939967,0.49999999999999994,-0.8660254037844387,-0.7818314824680299,0.6234898018587334,1.2246467991473532e-16,-1.0,15.85,15.1,15.15,16.85,16.5,85.93603,91.943954,95.28154,91.75352,85.72345,4.913044,3.2399998,5.2200003,6.130579,5.297018,0.9,0.1,0.0,2.0,6.1,24.3,4.0,35.2,0,0.5499999999999999,0.7867655305108165,2.0,3.1,2.8600699292151077,7.3,19.158333333333335,18.260028017185675,47.1,14.208333333333334,14.562862024842847,47.1
2026-05-31 13:00:00+00:00,2.4,17.65,77.158676,0.0,3.3043609,0.49999999999999994,-0.8660254037844387,-0.7818314824680299,0.6234898018587334,-0.2588190451025208,-0.9659258262890683,16.8,15.2,14.95,16.6,17.1,82.484726,90.46902,94.96645,92.033195,83.59688,5.3939967,3.9763298,3.604497,4.7110505,3.9966483,5.0,0.9,0.1,0.3,3.5,28.7,10.3,40.0,0,1.05,1.9644337606547009,5.0,3.0083333333333333,2.77143163966457,7.3,18.354166666666668,18.44776360115388,47.1,14.229166666666666,14.548655832234903,47.1
2026-05-31 14:00:00+00:00,1.6,18.5,72.20026,0.0,1.6199999,0.49999999999999994,-0.8660254037844387,-0.7818314824680299,0.6234898018587334,-0.4999999999999997,-0.8660254037844388,17.65,15.85,14.95,16.35,18.35,77.158676,85.93603,93.74346,92.909805,80.05883,3.3043609,4.913044,2.6999998,5.0688457,2.2553935,2.4,5.0,0.9,0.0,6.4,33.6,2.2,21.7,0,1.4000000000000001,1.9909796583591641,5.0,2.9166666666666665,2.7718826333980755,7.3,17.258333333333333,18.587090346157787,47.1,14.064583333333333,14.638458376908487,47.1
2026-05-31 15:00:00+00:00,0.0,19.15,67.7626,0.0,1.8532133,0.49999999999999994,-0.8660254037844387,-0.7818314824680299,0.6234898018587334,-0.7071067811865471,-0.7071067811865479,18.5,16.8,15.1,16.25,19.55,72.20026,82.484726,91.943954,92.30901,75.97347,1.6199999,5.3939967,3.2399998,5.5916004,4.8366103,1.6,2.4,5.0,0.0,7.3,36.9,0.9,16.5,0,1.6666666666666667,1.869402756675683,5.0,2.516666666666667,2.5619003363389954,7.3,15.924999999999999,18.51145943557079,47.1,14.052083333333334,14.649057621034778,47.1
2026-05-31 16:00:00+00:00,1.3,19.9,63.62869,0.0,1.8792552,0.49999999999999994,-0.8660254037844387,-0.7818314824680299,0.6234898018587334,-0.8660254037844384,-0.5000000000000004,19.15,17.65,15.2,15.8,20.4,67.7626,77.158676,90.46902,94.38924,70.9288,1.8532133,3.3043609,3.9763298,3.964089,4.724786,0.0,1.6,2.4,0.1,5.8,39.2,9.9,11.5,0,1.6666666666666667,1.869402756675683,5.0,1.9083333333333332,2.1576326814078732,5.8,14.387500000000001,18.223761662467908,47.1,14.033333333333331,14.666814957341888,47.1
2026-05-31 17:00:00+00:00,1.1,20.65,58.40314,0.0,1.2979984,0.49999999999999994,-0.8660254037844387,-0.7818314824680299,0.6234898018587334,-0.9659258262890683,-0.25881904510252063,19.9,18.5,15.85,15.55,21.35,63.62869,72.20026,85.93603,95.29581,65.83461,1.8792552,1.6199999,4.913044,3.96,5.3939967,1.3,0.0,1.6,0.9,4.8,43.1,19.1,15.0,0,1.866666666666667,1.7270398567105059,5.0,1.5333333333333332,1.7772979150351893,5.0,12.808333333333335,17.611999779465258,47.1,13.854166666666666,14.77054225273115,47.1
2026-05-31 18:00:00+00:00,1.9,21.1,55.332047,0.0,2.657668,0.49999999999999994,-0.8660254037844387,-0.7818314824680299,0.6234898018587334,-1.0,-1.8369701987210297e-16,20.65,19.15,16.8,15.15,21.85,58.40314,67.7626,82.484726,95.28154,65.097496,1.2979984,1.8532133,5.3939967,5.2200003,4.2366967,1.1,1.3,0.0,5.0,2.0,46.9,15.3,11.6,0,1.9000000000000001,1.706458320616117,5.0,1.2249999999999999,1.4498432517158586,5.0,11.058333333333332,16.524288228219564,47.1,13.479166666666666,14.86273303714136,47.1
2026-05-31 19:00:00+00:00,1.7,19.85,65.09013,0.0,8.274128,0.49999999999999994,-0.8660254037844387,-0.7818314824680299,0.6234898018587334,-0.9659258262890684,0.2588190451025203,21.1,19.9,17.65,14.95,22.05,55.332047,63.62869,77.158676,94.96645,62.469933,2.657668,1.8792552,3.3043609,3.604497,5.2323985,1.9,1.1,1.3,2.4,0.3,47.1,17.7,22.5,0,1.3833333333333335,0.8183316361149929,2.4,1.2166666666666666,1.445263947792388,5.0,9.183333333333334,14.736929851542207,47.1,13.200000000000001,14.953374343449008,47.1
2026-05-31 20:00:00+00:00,3.8,17.85,83.414696,0.0,10.692969,0.49999999999999994,-0.8660254037844387,-0.7818314824680299,0.6234898018587334,-0.8660254037844386,0.5000000000000001,19.85,20.65,18.5,14.95,21.25,65.09013,58.40314,72.20026,93.74346,68.186226,8.274128,1.2979984,1.6199999,2.6999998,3.219938,1.7,1.9,1.1,1.6,0.0,46.2,13.0,28.7,0,1.2666666666666666,0.683130051063954,1.9,1.3333333333333333,1.4208405536119935,5.0,7.291666666666667,12.384278837253346,46.2,12.866666666666665,15.029068760286458,47.1
2026-05-31 21:00:00+00:00,9.3,16.65,89.98974,0.0,6.6624317,0.49999999999999994,-0.8660254037844387,-0.7818314824680299,0.6234898018587334,-0.7071067811865477,0.7071067811865474,17.85,21.1,19.15,15.1,18.8,83.414696,55.332047,67.7626,91.943954,79.60761,10.692969,2.657668,1.8532133,3.2399998,10.086427,3.8,1.7,1.9,0.0,0.0,41.7,3.9,22.1,0,1.6333333333333335,1.251665557034563,3.8,1.6500000000000001,1.5168747775968983,5.0,5.525000000000001,9.209978048408937,41.7,12.674999999999999,15.085888855257796,47.1
2026-05-31 22:00:00+00:00,33.3,16.25,92.90454,0.0,7.282774,0.49999999999999994,-0.8660254037844387,-0.7818314824680299,0.6234898018587334,-0.5000000000000004,0.8660254037844384,16.65,19.85,19.9,15.2,16.9,89.98974,65.09013,63.62869,90.46902,94.435394,6.6624317,8.274128,1.8792552,3.9763298,8.647496,9.3,3.8,1.7,1.3,0.1,23.5,1.3,20.6,0,3.1833333333333336,3.1473269081343704,9.3,2.4250000000000003,2.5919894079470347,9.3,4.175,5.161837387732389,23.5,12.7875,15.03912097080371,47.1
2026-05-31 23:00:00+00:00,38.8,15.8,94.38924,0.0,4.8433046,0.49999999999999994,-0.8660254037844387,-0.7818314824680299,0.6234898018587334,-0.25881904510252157,0.9659258262890681,16.25,17.85,20.65,15.85,16.85,92.90454,83.414696,58.40314,85.93603,92.93614,7.282774,10.692969,1.2979984,4.913044,6.77575,33.3,9.3,3.8,1.1,0.9,11.4,5.7,33.2,0,8.516666666666666,12.508623691944157,33.3,5.191666666666666,9.194411181239255,33.3,4.583333333333333,6.863999763521543,33.3,13.454166666666667,15.227144831396066,47.1
2026-06-01 00:00:00+00:00,41.8,15.1,96.83092,0.0,2.2910259,1.2246467991473532e-16,-1.0,0.0,1.0,0.0,1.0,15.8,16.65,21.1,16.8,16.85,94.38924,89.98974,55.332047,82.484726,91.75352,4.8433046,6.6624317,2.657668,5.3939967,6.130579,38.8,33.3,9.3,1.9,5.0,6.1,8.4,34.3,1,14.799999999999997,16.778080939130078,38.8,8.35,13.216071483407836,38.8,5.724999999999999,9.728186300418631,38.8,14.143749999999999,15.613113776838704,47.1
2026-06-01 01:00:00+00:00,43.5,14.65,98.08117,0.0,1.4058449,1.2246467991473532e-16,-1.0,0.0,1.0,0.25881904510252074,0.9659258262890683,15.1,16.25,19.85,17.65,16.6,96.83092,92.90454,65.09013,77.158676,92.033195,2.2910259,7.282774,8.274128,3.3043609,4.7110505,41.8,38.8,33.3,1.7,2.4,3.5,6.2,21.4,1,21.45,18.464966829106412,41.8,11.416666666666666,16.281994144862402,41.8,7.2124999999999995,12.202683685584711,41.8,14.839583333333332,16.088713363567496,47.1
2026-06-01 02:00:00+00:00,41.3,14.4,98.077484,0.0,1.5484185,1.2246467991473532e-16,-1.0,0.0,1.0,0.49999999999999994,0.8660254037844387,14.65,15.8,17.85,18.5,16.35,98.08117,94.38924,83.414696,72.20026,92.909805,1.4058449,4.8433046,10.692969,1.6199999,5.0688457,43.5,41.8,38.8,3.8,1.6,6.4,12.3,0.3,1,28.416666666666668,17.376468762860505,43.5,14.841666666666667,18.39814508107387,43.5,8.879166666666666,14.235839010007139,43.5,15.616666666666665,16.55653542406221,47.1
2026-06-01 03:00:00+00:00,38.1,14.3,96.49761,0.0,0.9693296,1.2246467991473532e-16,-1.0,0.0,1.0,0.7071067811865475,0.7071067811865476,14.4,15.1,16.65,19.15,16.25,98.077484,96.83092,89.98974,67.7626,92.30901,1.5484185,2.2910259,6.6624317,1.8532133,5.5916004,41.3,43.5,41.8,9.3,0.0,7.3,5.4,0.0,1,34.666666666666664,12.925427136720353,43.5,18.15,19.3455891143645,43.5,10.333333333333334,15.680746063292066,43.5,16.220833333333335,16.95720468650838,47.1
2026-06-01 04:00:00+00:00,37.0,13.95,97.43504,0.0,1.3708391,1.2246467991473532e-16,-1.0,0.0,1.0,0.8660254037844386,0.5000000000000001,14.3,14.65,16.25,19.9,15.8,96.49761,98.08117,92.90454,63.62869,94.38924,0.9693296,1.4058449,7.282774,1.8792552,3.964089,38.1,41.3,43.5,33.3,1.3,5.8,6.9,0.0,1,39.46666666666667,3.616996912725655,43.5,21.325,19.22210493629192,43.5,11.616666666666667,16.651979035451063,43.5,16.902083333333334,17.168767903144847,47.1
2026-06-01 05:00:00+00:00,34.0,13.6,100.0,0.0,2.4014995,1.2246467991473532e-16,-1.0,0.0,1.0,0.9659258262890683,0.25881904510252074,13.95,14.4,15.8,20.65,15.55,97.43504,98.077484,94.38924,58.40314,95.29581,1.3708391,1.5484185,4.8433046,1.2979984,3.96,37.0,38.1,41.3,38.8,1.1,4.8,2.8,0.0,1,40.083333333333336,2.497532115242348,43.5,24.299999999999997,18.593449481910657,43.5,12.916666666666666,17.380090225078934,43.5,17.52916666666667,17.344469451885114,47.1
2026-06-01 06:00:00+00:00,29.3,13.45,99.350746,0.0,2.3400002,1.2246467991473532e-16,-1.0,0.0,1.0,1.0,6.123233995736766e-17,13.6,14.3,15.1,21.1,15.15,100.0,96.49761,96.83092,55.332047,95.28154,2.4014995,0.9693296,2.2910259,2.657668,5.2200003,34.0,37.0,38.1,41.8,1.9,2.0,1.9,0.0,1,39.28333333333333,3.5414215601459977,43.5,27.041666666666668,17.23772070639025,43.5,14.133333333333333,17.804070532780756,43.5,18.179166666666667,17.365347719479725,47.1
2026-06-01 07:00:00+00:00,33.6,13.35,99.35023,0.0,2.19718,1.2246467991473532e-16,-1.0,0.0,1.0,0.9659258262890683,-0.25881904510252063,13.45,13.95,14.65,19.85,14.95,99.350746,97.43504,98.08117,65.09013,94.96645,2.3400002,1.3708391,1.4058449,8.274128,3.604497,29.3,34.0,37.0,43.5,1.7,0.3,4.0,0.0,1,37.199999999999996,5.09901951359281,43.5,29.325,15.311797293709065,43.5,15.270833333333334,17.867154201924894,43.5,18.75,17.268911927186846,47.1
2026-06-01 08:00:00+00:00,31.5,13.15,99.67416,0.0,2.0523157,1.2246467991473532e-16,-1.0,0.0,1.0,0.8660254037844387,-0.4999999999999998,13.35,13.6,14.4,17.85,14.95,99.35023,100.0,98.077484,83.414696,93.74346,2.19718,2.4014995,1.5484185,10.692969,2.6999998,33.6,29.3,34.0,41.3,3.8,0.0,7.0,0.0,1,35.550000000000004,4.169772176030756,41.3,31.983333333333334,12.61058958562087,43.5,16.65833333333333,17.94682766364033,43.5,19.366666666666667,17.259488088527256,47.1
2026-06-01 09:00:00+00:00,14.3,13.0,99.67376,0.0,2.0523157,1.2246467991473532e-16,-1.0,0.0,1.0,0.7071067811865476,-0.7071067811865475,13.15,13.45,14.3,16.65,15.1,99.67416,99.350746,96.49761,89.98974,91.943954,2.0523157,2.3400002,0.9693296,6.6624317,3.2399998,31.5,33.6,29.3,38.1,9.3,0.0,16.0,4.4,1,33.916666666666664,3.294490350064325,38.1,34.291666666666664,9.001460319236411,43.5,17.97083333333333,17.827030750024495,43.5,19.877083333333335,17.248252943702127,47.1
2026-06-01 10:00:00+00:00,18.0,13.05,99.3487,0.0,2.5455842,1.2246467991473532e-16,-1.0,0.0,1.0,0.49999999999999994,-0.8660254037844387,13.0,13.35,13.95,16.25,15.2,99.67376,99.35023,97.43504,92.90454,90.46902,2.0523157,2.19718,1.3708391,7.282774,3.9763298,14.3,31.5,33.6,37.0,33.3,0.1,23.0,4.8,1,29.95,8.08919031794903,37.0,34.708333333333336,7.7710954338770035,43.5,18.566666666666666,17.434939100819232,43.5,19.841666666666665,17.25812584846392,47.1
2026-06-01 11:00:00+00:00,29.4,13.4,97.74293,0.0,1.8532133,1.2246467991473532e-16,-1.0,0.0,1.0,0.258819045102521,-0.9659258262890682,13.05,13.15,13.6,15.8,15.85,99.3487,99.67416,100.0,94.38924,85.93603,2.5455842,2.0523157,2.4014995,4.8433046,4.913044,18.0,14.3,31.5,34.0,38.8,0.9,25.0,17.4,1,26.78333333333333,8.4865579987806,34.0,33.43333333333334,9.155061524378265,43.5,19.3125,16.98775294145756,43.5,19.7375,17.253746124223255,47.1
2026-06-01 12:00:00+00:00,29.5,14.75,89.55606,0.0,3.8521678,1.2246467991473532e-16,-1.0,0.0,1.0,1.2246467991473532e-16,-1.0,13.4,13.0,13.45,15.1,16.8,97.74293,99.67376,99.350746,96.83092,82.484726,1.8532133,2.0523157,2.3400002,2.2910259,5.3939967,29.4,18.0,14.3,29.3,41.8,5.0,24.3,30.2,1,26.016666666666666,7.891113144966748,33.6,32.65,9.055736504358075,43.5,20.499999999999996,16.637202942175417,43.5,19.829166666666666,17.293941361107322,47.1
2026-06-01 13:00:00+00:00,30.7,15.9,84.27799,0.1,4.198285,1.2246467991473532e-16,-1.0,0.0,1.0,-0.2588190451025208,-0.9659258262890683,14.75,13.05,13.35,14.65,17.65,89.55606,99.3487,99.35023,98.08117,77.158676,3.8521678,2.5455842,2.19718,1.4058449,3.3043609,29.5,29.4,18.0,33.6,43.5,2.4,28.7,36.6,1,26.049999999999997,7.9081603423299605,33.6,31.625,8.611105408926088,43.5,21.520833333333332,16.39466984343882,43.5,19.9375,17.33877250311837,47.1
2026-06-01 14:00:00+00:00,27.0,16.85,79.07438,0.0,3.189608,1.2246467991473532e-16,-1.0,0.0,1.0,-0.4999999999999997,-0.8660254037844388,15.9,13.4,13.15,14.4,18.5,84.27799,97.74293,99.67416,98.077484,72.20026,4.198285,1.8532133,2.0523157,1.5484185,1.6199999,30.7,29.5,29.4,31.5,41.3,1.6,33.6,34.3,1,25.566666666666666,7.4285036626945935,31.5,30.558333333333334,7.756810301960842,41.3,22.7,15.971904680733436,43.5,19.979166666666668,17.3626642520403,47.1
2026-06-01 15:00:00+00:00,26.5,18.35,71.004715,0.0,1.2727921,1.2246467991473532e-16,-1.0,0.0,1.0,-0.7071067811865471,-0.7071067811865479,16.85,14.75,13.0,14.3,19.15,79.07438,89.55606,99.67376,96.49761,67.7626,3.189608,3.8521678,2.0523157,0.9693296,1.8532133,27.0,30.7,29.5,14.3,38.1,0.0,36.9,33.0,1,24.816666666666666,6.919368950032004,30.7,29.366666666666664,7.020014676665986,38.1,23.75833333333333,15.34209658215694,43.5,19.841666666666665,17.278431190277757,47.1
2026-06-01 16:00:00+00:00,27.4,19.55,64.389854,0.0,0.56920993,1.2246467991473532e-16,-1.0,0.0,1.0,-0.8660254037844384,-0.5000000000000004,18.35,15.9,13.05,13.95,19.9,71.004715,84.27799,99.3487,97.43504,63.62869,1.2727921,4.198285,2.5455842,1.3708391,1.8792552,26.5,27.0,30.7,18.0,37.0,1.3,39.2,38.3,1,26.849999999999998,4.622012548663225,30.7,28.400000000000002,6.486489455363759,37.0,24.862499999999997,14.487680298611727,43.5,19.625,17.124494090989682,47.1
2026-06-01 17:00:00+00:00,22.7,20.15,59.250656,0.0,2.0523157,1.2246467991473532e-16,-1.0,0.0,1.0,-0.9659258262890683,-0.25881904510252063,19.55,16.85,13.4,13.6,20.65,64.389854,79.07438,97.74293,100.0,58.40314,0.56920993,3.189608,1.8532133,2.4014995,1.2979984,27.4,26.5,27.0,29.4,34.0,1.1,43.1,39.9,1,28.416666666666668,1.6773987798573617,30.7,27.600000000000005,5.894373279971005,34.0,25.95,13.594116374373131,43.5,19.379166666666666,16.920992354749874,47.1
2026-06-01 18:00:00+00:00,24.0,19.85,60.560524,0.0,8.953078,1.2246467991473532e-16,-1.0,0.0,1.0,-1.0,-1.8369701987210297e-16,20.15,18.35,14.75,13.45,21.1,59.250656,71.004715,89.55606,99.350746,55.332047,2.0523157,1.2727921,3.8521678,2.3400002,2.657668,22.7,27.4,26.5,29.5,29.3,1.9,46.9,44.4,1,27.3,2.767670500619666,30.7,26.658333333333335,5.6776208739117635,33.6,26.849999999999998,12.55249845215302,43.5,18.95416666666667,16.56497148026051,47.1
2026-06-01 19:00:00+00:00,21.5,18.6,68.09543,0.0,11.038858,1.2246467991473532e-16,-1.0,0.0,1.0,-0.9659258262890684,0.2588190451025203,19.85,19.55,15.9,13.35,19.85,60.560524,64.389854,84.27799,99.35023,65.09013,8.953078,0.56920993,4.198285,2.19718,8.274128,24.0,22.7,27.4,30.7,33.6,1.7,47.1,39.6,1,26.383333333333336,2.8038663781762128,30.7,26.21666666666667,5.65955882208197,33.6,27.770833333333332,11.400361518549433,43.5,18.477083333333333,16.065216020338536,47.1
2026-06-01 20:00:00+00:00,12.2,16.95,78.83135,0.0,10.703569,1.2246467991473532e-16,-1.0,0.0,1.0,-0.8660254037844386,0.5000000000000001,18.6,20.15,16.85,13.15,17.85,68.09543,59.250656,79.07438,99.67416,83.414696,11.038858,2.0523157,3.189608,2.0523157,10.692969,21.5,24.0,22.7,27.0,31.5,3.8,46.2,37.2,1,24.849999999999998,2.4663738564946613,27.4,25.208333333333332,5.290378631119502,31.5,28.59583333333333,10.070554544839089,43.5,17.94375,15.510118951626938,46.2
2026-06-01 21:00:00+00:00,3.8,15.7,85.64133,0.0,8.797931,1.2246467991473532e-16,-1.0,0.0,1.0,-0.7071067811865477,0.7071067811865474,16.95,19.85,18.35,13.0,16.65,78.83135,60.560524,71.004715,99.67376,89.98974,10.703569,8.953078,1.2727921,2.0523157,6.6624317,12.2,21.5,24.0,26.5,14.3,9.3,41.7,38.9,1,22.38333333333333,5.464582936205383,27.4,23.599999999999998,6.078725943066433,30.7,28.945833333333336,9.286782527341988,43.5,17.235416666666666,14.958801430870956,43.5
2026-06-01 22:00:00+00:00,7.2,14.65,91.61786,0.0,6.050785,1.2246467991473532e-16,-1.0,0.0,1.0,-0.5000000000000004,0.8660254037844384,15.7,18.6,19.55,13.05,16.25,85.64133,68.09543,64.389854,99.3487,92.90454,8.797931,11.038858,0.56920993,2.5455842,7.282774,3.8,12.2,21.5,27.4,18.0,33.3,23.5,30.1,1,18.599999999999998,8.852344322268559,27.4,22.724999999999998,7.993306859207543,30.7,28.716666666666665,9.843809207321344,43.5,16.445833333333333,14.636779065711133,43.5
2026-06-01 23:00:00+00:00,8.6,13.85,95.23476,0.0,5.0816135,1.2246467991473532e-16,-1.0,0.0,1.0,-0.25881904510252157,0.9659258262890681,14.65,16.95,20.15,13.4,15.8,91.61786,78.83135,59.250656,97.74293,94.38924,6.050785,10.703569,2.0523157,1.8532133,4.8433046,7.2,3.8,12.2,22.7,29.4,38.8,11.4,25.7,1,15.233333333333334,8.675636383958647,24.0,21.825,9.104456950507053,30.7,27.629166666666666,10.718309372149184,43.5,16.10625,14.65870457035174,43.5
2026-06-02 00:00:00+00:00,8.6,14.3,93.10362,0.0,7.7983837,1.2246467991473532e-16,-1.0,0.7818314824680298,0.6234898018587336,0.0,1.0,13.85,15.7,19.85,14.75,15.1,95.23476,85.64133,60.560524,89.55606,96.83092,5.0816135,8.797931,8.953078,3.8521678,2.2910259,8.6,7.2,3.8,24.0,29.5,41.8,6.1,36.7,1,12.883333333333333,8.141846637383136,24.0,20.091666666666665,9.502483726357903,30.7,26.370833333333334,11.115225717619182,43.5,16.047916666666666,14.683381684579183,43.5
2026-06-02 01:00:00+00:00,7.0,14.45,91.605354,0.1,7.0015144,1.2246467991473532e-16,-1.0,0.7818314824680298,0.6234898018587336,0.25881904510252074,0.9659258262890683,14.3,14.65,18.6,15.9,14.65,93.10362,91.61786,68.09543,84.27799,98.08117,7.7983837,6.050785,11.038858,4.198285,1.4058449,8.6,8.6,7.2,21.5,30.7,43.5,3.5,23.6,1,10.316666666666665,6.110455520390203,21.5,18.349999999999998,9.536580290458602,30.7,24.987499999999997,11.177279458211478,43.5,16.099999999999998,14.651744504367954,43.5
2026-06-02 02:00:00+00:00,6.6,13.85,94.30607,0.0,6.0908127,1.2246467991473532e-16,-1.0,0.7818314824680298,0.6234898018587336,0.49999999999999994,0.8660254037844387,14.45,13.85,16.95,16.85,14.4,91.605354,95.23476,78.83135,79.07438,98.077484,7.0015144,5.0816135,10.703569,3.189608,1.5484185,7.0,8.6,8.6,12.2,27.0,41.3,6.4,28.2,1,7.899999999999999,2.7415324181925076,12.2,16.375,9.194378223082339,27.4,23.466666666666665,11.031089136446669,41.3,16.172916666666666,14.596308766600172,43.5
2026-06-02 03:00:00+00:00,6.1,13.75,94.61066,0.0,5.2478566,1.2246467991473532e-16,-1.0,0.7818314824680298,0.6234898018587336,0.7071067811865475,0.7071067811865476,13.85,14.3,15.7,18.35,14.3,94.30607,93.10362,85.64133,71.004715,96.49761,6.0908127,7.7983837,8.797931,1.2727921,0.9693296,6.6,7.0,8.6,3.8,26.5,38.1,7.3,34.2,1,6.966666666666666,1.7637082147189573,8.6,14.674999999999999,8.93350435159685,27.4,22.020833333333332,10.864860757292853,38.1,16.177083333333332,14.593487903321712,43.5
2026-06-02 04:00:00+00:00,4.5,12.95,99.023705,0.0,3.244996,1.2246467991473532e-16,-1.0,0.7818314824680298,0.6234898018587336,0.8660254037844386,0.5000000000000001,13.75,14.45,14.65,19.55,13.95,94.61066,91.605354,91.61786,64.389854,97.43504,5.2478566,7.0015144,6.050785,0.56920993,1.3708391,6.1,6.6,7.0,7.2,27.4,37.0,5.8,33.7,1,7.3500000000000005,1.038749247894054,8.6,12.975,8.404016896698856,27.4,20.6875,10.768929239089731,37.0,16.152083333333334,14.610037202441942,43.5
2026-06-02 05:00:00+00:00,4.8,12.5,100.0,0.0,2.5772078,1.2246467991473532e-16,-1.0,0.7818314824680298,0.6234898018587336,0.9659258262890683,0.25881904510252074,12.95,13.85,13.85,20.15,13.6,99.023705,94.30607,95.23476,59.250656,100.0,3.244996,6.0908127,5.0816135,2.0523157,2.4014995,4.5,6.1,6.6,8.6,22.7,34.0,4.8,29.2,1,6.8999999999999995,1.567163041932927,8.6,11.066666666666668,7.366673522552678,24.0,19.333333333333332,10.671443676697525,34.0,16.125,14.630825808196446,43.5
2026-06-02 06:00:00+00:00,5.5,12.4,99.019516,0.0,4.6938252,1.2246467991473532e-16,-1.0,0.7818314824680298,0.6234898018587336,1.0,6.123233995736766e-17,12.5,13.75,14.3,19.85,13.45,100.0,94.61066,93.10362,60.560524,99.350746,2.5772078,5.2478566,7.7983837,8.953078,2.3400002,4.8,4.5,6.1,8.6,24.0,29.3,2.0,31.8,1,6.266666666666666,1.5095253117013754,8.6,9.575,6.565630205852284,24.0,18.116666666666667,10.590835524237425,33.6,16.125,14.630825808196446,43.5
2026-06-02 07:00:00+00:00,7.2,12.1,99.343864,0.0,4.2021422,1.2246467991473532e-16,-1.0,0.7818314824680298,0.6234898018587336,0.9659258262890683,-0.25881904510252063,12.4,12.95,14.45,18.6,13.35,99.019516,99.023705,91.605354,68.09543,99.35023,4.6938252,3.244996,7.0015144,11.038858,2.19718,5.5,4.8,4.5,7.0,21.5,33.6,0.3,31.5,1,5.75,0.9934787365618204,7.0,8.033333333333333,4.807065506926103,21.5,17.125,10.612390215543183,33.6,16.197916666666668,14.567516904361746,43.5
2026-06-02 08:00:00+00:00,12.0,11.8,100.0,0.0,3.7971036,1.2246467991473532e-16,-1.0,0.7818314824680298,0.6234898018587336,0.8660254037844387,-0.4999999999999998,12.1,12.5,13.85,16.95,13.15,99.343864,100.0,94.30607,78.83135,99.67416,4.2021422,2.5772078,6.0908127,10.703569,2.0523157,7.2,5.5,4.8,6.6,12.2,31.5,0.0,33.5,1,5.783333333333334,1.045785191455271,7.2,6.841666666666666,2.2661374159301824,12.2,16.025000000000002,10.190287362078626,31.5,16.34166666666667,14.440793773982614,43.5
2026-06-02 09:00:00+00:00,17.3,11.9,99.34284,0.0,5.8048253,1.2246467991473532e-16,-1.0,0.7818314824680298,0.6234898018587336,0.7071067811865476,-0.7071067811865475,11.8,12.4,13.75,15.7,13.0,100.0,99.019516,94.61066,85.64133,99.67376,3.7971036,4.6938252,5.2478566,8.797931,2.0523157,12.0,7.2,5.5,6.1,3.8,14.3,0.0,28.0,1,6.683333333333333,2.7780688736363492,12.0,6.825,2.223480073300315,12.0,15.2125,9.666720701997914,30.7,16.59166666666667,14.254537662500006,43.5
2026-06-02 10:00:00+00:00,9.1,12.1,99.67146,0.0,6.0721655,1.2246467991473532e-16,-1.0,0.7818314824680298,0.6234898018587336,0.49999999999999994,-0.8660254037844387,11.9,12.1,12.95,14.65,13.05,99.34284,99.343864,99.023705,91.61786,99.3487,5.8048253,4.2021422,3.244996,6.050785,2.5455842,17.3,12.0,7.2,4.5,7.2,18.0,0.1,27.0,1,8.55,5.100098038273427,17.3,7.949999999999999,3.564598664136478,17.3,15.3375,9.673802026720113,30.7,16.952083333333334,14.043246117789955,43.5
2026-06-02 11:00:00+00:00,14.3,13.55,91.24824,0.0,8.0599,1.2246467991473532e-16,-1.0,0.7818314824680298,0.6234898018587336,0.258819045102521,-0.9659258262890682,12.1,11.8,12.5,13.85,13.4,99.67146,100.0,100.0,95.23476,97.74293,6.0721655,3.7971036,2.5772078,5.0816135,1.8532133,9.1,17.3,12.0,4.8,8.6,29.4,0.9,26.9,1,9.316666666666666,4.699538984482109,17.3,8.108333333333333,3.5704489998606594,17.3,14.966666666666667,9.73767522772145,30.7,17.139583333333334,13.872500573549116,43.5
2026-06-02 12:00:00+00:00,14.3,15.65,81.003395,0.0,10.739832,1.2246467991473532e-16,-1.0,0.7818314824680298,0.6234898018587336,1.2246467991473532e-16,-1.0,13.55,11.9,12.4,14.3,14.75,91.24824,99.34284,99.019516,93.10362,89.55606,8.0599,5.8048253,4.6938252,7.7983837,3.8521678,14.3,9.1,17.3,5.5,8.6,29.5,5.0,28.3,1,10.9,4.4681092197931385,17.3,8.583333333333334,3.9956415648993633,17.3,14.3375,9.239650496872063,30.7,17.41875,13.672128135954454,43.5
2026-06-02 13:00:00+00:00,9.2,16.9,72.86166,0.0,9.957108,1.2246467991473532e-16,-1.0,0.7818314824680298,0.6234898018587336,-0.2588190451025208,-0.9659258262890683,15.65,12.1,12.1,14.45,15.9,81.003395,99.67146,99.343864,91.605354,84.27799,10.739832,6.0721655,4.2021422,7.0015144,4.198285,14.3,14.3,9.1,7.2,7.0,30.7,2.4,33.0,1,12.366666666666667,3.7232602201118175,17.3,9.058333333333334,4.323184502473166,17.3,13.704166666666667,8.657767518581071,30.7,17.6125,13.557813559370047,43.5
2026-06-02 14:00:00+00:00,3.5,18.1,64.71039,0.0,9.600937,1.2246467991473532e-16,-1.0,0.7818314824680298,0.6234898018587336,-0.4999999999999997,-0.8660254037844388,16.9,13.55,11.8,13.85,16.85,72.86166,91.24824,100.0,94.30607,79.07438,9.957108,8.0599,3.7971036,6.0908127,3.189608,9.2,14.3,14.3,12.0,6.6,27.0,1.6,29.7,1,12.700000000000001,3.2242828660029863,17.3,9.241666666666667,4.274333192724235,17.3,12.808333333333332,7.9020589868644,27.4,17.754166666666666,13.430403082199529,43.5
2026-06-02 15:00:00+00:00,18.3,19.15,58.814674,0.0,9.292255,1.2246467991473532e-16,-1.0,0.7818314824680298,0.6234898018587336,-0.7071067811865471,-0.7071067811865479,18.1,15.65,11.9,13.75,18.35,64.71039,81.003395,99.34284,94.61066,71.004715,9.600937,10.739832,5.8048253,5.2478566,1.2727921,3.5,9.2,14.3,17.3,6.1,26.5,0.0,25.8,1,11.283333333333333,4.981733299431746,17.3,8.983333333333333,4.534280204144522,17.3,11.829166666666666,7.513493899625563,27.4,17.79375,13.384500503321155,43.5
2026-06-02 16:00:00+00:00,23.6,19.7,56.086506,0.0,8.574123,1.2246467991473532e-16,-1.0,0.7818314824680298,0.6234898018587336,-0.8660254037844384,-0.5000000000000004,19.15,16.9,12.1,12.95,19.55,58.814674,72.86166,99.67146,99.023705,64.389854,9.292255,9.957108,6.0721655,3.244996,0.56920993,18.3,3.5,9.2,9.1,4.5,27.4,1.3,19.9,1,11.450000000000001,5.233641179905291,18.3,10.0,5.154345033781947,18.3,11.487499999999999,6.985221200319409,27.4,18.175,13.124988348525731,43.5
2026-06-02 17:00:00+00:00,17.1,19.55,55.862408,0.0,9.418662,1.2246467991473532e-16,-1.0,0.7818314824680298,0.6234898018587336,-0.9659258262890683,-0.25881904510252063,19.7,18.1,13.55,12.5,20.15,56.086506,64.71039,91.24824,100.0,59.250656,8.574123,9.600937,8.0599,2.5772078,2.0523157,23.6,18.3,3.5,14.3,4.8,22.7,1.1,7.0,1,13.866666666666667,6.985890542133271,23.6,11.591666666666667,6.153706692767046,23.6,11.329166666666666,6.643563682677959,24.0,18.63958333333333,12.907835977030741,43.5
2026-06-02 18:00:00+00:00,16.9,18.65,69.00319,0.0,12.033103,1.2246467991473532e-16,-1.0,0.7818314824680298,0.6234898018587336,-1.0,-1.8369701987210297e-16,19.55,19.15,15.65,12.4,19.85,55.862408,58.814674,81.003395,99.019516,60.560524,9.418662,9.292255,10.739832,4.6938252,8.953078,17.1,23.6,18.3,14.3,5.5,24.0,1.9,7.7,1,14.333333333333334,7.112992806594639,23.6,12.616666666666665,5.94028363775414,23.6,11.095833333333333,6.317159458426615,24.0,18.972916666666666,12.649257645080649,43.5
2026-06-02 19:00:00+00:00,11.0,17.65,73.95692,0.0,11.207801,1.2246467991473532e-16,-1.0,0.7818314824680298,0.6234898018587336,-0.9659258262890684,0.2588190451025203,18.65,19.7,16.9,12.1,18.6,69.00319,56.086506,72.86166,99.343864,68.09543,12.033103,8.574123,9.957108,4.2021422,11.038858,16.9,17.1,23.6,9.2,7.2,21.5,1.7,4.8,1,14.766666666666667,7.189343966362097,23.6,13.566666666666665,5.600541099399276,23.6,10.799999999999999,5.834380858325968,23.6,19.285416666666666,12.401355272253616,43.5
2026-06-02 20:00:00+00:00,5.5,16.7,80.09142,0.0,11.35285,1.2246467991473532e-16,-1.0,0.7818314824680298,0.6234898018587336,-0.8660254037844386,0.5000000000000001,17.65,19.55,18.1,11.8,16.95,73.95692,55.862408,64.71039,100.0,78.83135,11.207801,9.418662,9.600937,3.7971036,10.703569,11.0,16.9,17.1,3.5,12.0,12.2,3.8,5.9,1,15.066666666666668,6.943966205754971,23.6,13.883333333333333,5.307598897863882,23.6,10.3625,5.3725398819002885,23.6,19.479166666666668,12.191642731078923,43.5
2026-06-02 21:00:00+00:00,2.6,15.35,89.02119,0.0,10.261579,1.2246467991473532e-16,-1.0,0.7818314824680298,0.6234898018587336,-0.7071067811865477,0.7071067811865474,16.7,18.65,19.15,11.9,15.7,80.09142,69.00319,58.814674,99.34284,85.64133,11.35285,12.033103,9.292255,5.8048253,8.797931,5.5,11.0,16.9,18.3,17.3,3.8,9.3,16.0,1,15.4,6.295395142483148,23.6,13.341666666666667,5.823847265313267,23.6,10.083333333333334,5.446472066486248,23.6,19.51458333333333,12.147515105030758,43.5
2026-06-02 22:00:00+00:00,8.4,15.15,90.7601,0.0,9.82114,1.2246467991473532e-16,-1.0,0.7818314824680298,0.6234898018587336,-0.5000000000000004,0.8660254037844384,15.35,17.65,19.7,12.1,14.65,89.02119,73.95692,56.086506,99.67146,91.61786,10.261579,11.207801,8.574123,6.0721655,6.050785,2.6,5.5,11.0,23.6,9.1,7.2,33.3,17.6,1,12.783333333333331,7.905799558973597,23.6,12.116666666666665,6.430019557913599,23.6,10.033333333333333,5.511779217723441,23.6,19.375,12.304859790671536,43.5
2026-06-02 23:00:00+00:00,12.5,15.15,89.87883,0.0,9.354806,1.2246467991473532e-16,-1.0,0.7818314824680298,0.6234898018587336,-0.25881904510252157,0.9659258262890681,15.15,16.7,19.55,13.55,13.85,90.7601,80.09142,55.862408,91.24824,95.23476,9.82114,11.35285,9.418662,8.0599,5.0816135,8.4,2.6,5.5,17.1,14.3,8.6,38.8,28.8,1,10.25,5.936581507905074,17.1,12.058333333333332,6.462965591926365,23.6,10.083333333333334,5.490360459115137,23.6,18.85625,12.229958094776942,43.5
2026-06-03 00:00:00+00:00,5.2,15.15,92.5455,0.0,8.777654,1.2246467991473532e-16,-1.0,0.9749279121818236,-0.22252093395631434,0.0,1.0,15.15,15.35,18.65,15.65,14.3,89.87883,89.02119,69.00319,81.003395,93.10362,9.354806,10.261579,12.033103,10.739832,7.7983837,12.5,8.4,2.6,16.9,14.3,8.6,41.8,35.2,1,9.483333333333333,5.115238671525225,16.9,11.908333333333333,6.426996800900694,23.6,10.245833333333334,5.502250856945191,23.6,18.308333333333334,11.902187056906333,43.5
2026-06-03 01:00:00+00:00,10.1,15.15,93.14747,0.1,8.0899935,1.2246467991473532e-16,-1.0,0.9749279121818236,-0.22252093395631434,0.25881904510252074,0.9659258262890683,15.15,15.15,17.65,16.9,14.45,92.5455,90.7601,73.95692,72.86166,91.605354,8.777654,9.82114,11.207801,9.957108,7.0015144,5.2,12.5,8.4,11.0,9.2,7.0,43.5,39.6,1,7.533333333333334,3.7776535927301724,12.5,11.15,6.652067347825027,23.6,10.104166666666666,5.589546078378755,23.6,17.545833333333334,11.531805386017961,43.5
2026-06-03 02:00:00+00:00,6.3,15.2,92.248695,0.1,9.252069,1.2246467991473532e-16,-1.0,0.9749279121818236,-0.22252093395631434,0.49999999999999994,0.8660254037844387,15.15,15.15,16.7,18.1,13.85,93.14747,89.87883,80.09142,64.71039,94.30607,8.0899935,9.354806,11.35285,9.600937,6.0908127,10.1,5.2,12.5,5.5,3.5,6.6,41.3,44.8,1,7.383333333333333,3.6273498131097286,12.5,11.225,6.633129660342015,23.6,10.233333333333333,5.550375362681981,23.6,16.85,10.924070630902023,41.3
2026-06-03 03:00:00+00:00,5.2,15.1,93.1449,0.0,8.6193495,1.2246467991473532e-16,-1.0,0.9749279121818236,-0.22252093395631434,0.7071067811865475,0.7071067811865476,15.2,15.15,15.35,19.15,13.75,92.248695,92.5455,89.02119,58.814674,94.61066,9.252069,8.777654,10.261579,9.292255,5.2478566,6.3,10.1,5.2,2.6,18.3,6.1,38.1,27.9,1,7.516666666666667,3.558323575318465,12.5,11.458333333333334,6.381145285253662,23.6,10.220833333333333,5.559244487820516,23.6,16.120833333333334,10.413513281561038,38.1
2026-06-03 04:00:00+00:00,3.7,15.0,92.83802,0.0,7.9383874,1.2246467991473532e-16,-1.0,0.9749279121818236,-0.22252093395631434,0.8660254037844386,0.5000000000000001,15.1,15.15,15.15,19.7,12.95,93.1449,93.14747,90.7601,56.086506,99.023705,8.6193495,8.0899935,9.82114,8.574123,3.244996,5.2,6.3,10.1,8.4,23.6,4.5,37.0,25.3,1,7.95,2.945335295004715,12.5,10.366666666666667,6.222880556803442,23.6,10.183333333333332,5.591193904289386,23.6,15.435416666666667,10.011025615053041,37.0
2026-06-03 05:00:00+00:00,2.5,14.85,94.0434,0.1,6.3690495,1.2246467991473532e-16,-1.0,0.9749279121818236,-0.22252093395631434,0.9659258262890683,0.25881904510252074,15.0,15.2,15.15,19.55,12.5,92.83802,92.248695,89.87883,55.862408,100.0,7.9383874,9.252069,9.354806,9.418662,2.5772078,3.7,5.2,6.3,12.5,17.1,4.8,34.0,32.4,1,7.166666666666667,3.392737341243378,12.5,8.708333333333334,4.8830799396456355,17.1,10.15,5.62880788985288,23.6,14.741666666666665,9.631460712736816,34.0
2026-06-03 06:00:00+00:00,0.3,14.5,94.94928,0.0,5.6060677,1.2246467991473532e-16,-1.0,0.9749279121818236,-0.22252093395631434,1.0,6.123233995736766e-17,14.85,15.1,15.15,18.65,12.4,94.0434,93.1449,92.5455,69.00319,99.019516,6.3690495,8.6193495,8.777654,12.033103,4.6938252,2.5,3.7,5.2,5.2,16.9,5.5,29.3,32.0,1,5.5,2.6161039734690474,10.1,7.491666666666667,4.3967877392753865,16.9,10.054166666666667,5.742290042094417,23.6,14.085416666666665,9.360691681647522,33.6
2026-06-03 07:00:00+00:00,0.5,14.6,93.422615,0.0,6.4096174,1.2246467991473532e-16,-1.0,0.9749279121818236,-0.22252093395631434,0.9659258262890683,-0.25881904510252063,14.5,15.0,15.15,17.65,12.1,94.94928,92.83802,93.14747,73.95692,99.343864,5.6060677,7.9383874,8.0899935,11.207801,4.2021422,0.3,2.5,3.7,10.1,11.0,7.2,33.6,32.8,1,4.683333333333334,3.3813705308154587,10.1,6.108333333333333,3.728138295653089,12.5,9.8375,6.013304994470364,23.6,13.481250000000001,9.293435254510953,33.6
2026-06-03 08:00:00+00:00,2.8,14.6,92.81653,0.0,6.048107,1.2246467991473532e-16,-1.0,0.9749279121818236,-0.22252093395631434,0.8660254037844387,-0.4999999999999998,14.6,14.85,15.2,16.7,11.8,93.422615,94.0434,92.248695,80.09142,100.0,6.4096174,6.3690495,9.252069,11.35285,3.7971036,0.5,0.3,2.5,6.3,5.5,12.0,31.5,35.2,1,3.0833333333333335,2.4481966151980608,6.3,5.233333333333333,3.707813208331667,12.5,9.558333333333332,6.290221304371692,23.6,12.791666666666666,8.991978300622453,31.5
2026-06-03 09:00:00+00:00,4.0,14.6,92.81653,0.0,6.9153743,1.2246467991473532e-16,-1.0,0.9749279121818236,-0.22252093395631434,0.7071067811865476,-0.7071067811865475,14.6,14.5,15.1,15.35,11.9,92.81653,94.94928,93.1449,89.02119,99.34284,6.048107,5.6060677,8.6193495,10.261579,5.8048253,2.8,0.5,0.3,5.2,2.6,17.3,14.3,38.3,1,2.5,1.8793615937335162,5.2,5.008333333333334,3.7715341304261965,12.5,9.174999999999999,6.414064030807992,23.6,12.19375,8.669938433853398,30.7
2026-06-03 10:00:00+00:00,3.1,14.6,93.11914,0.0,6.7565966,1.2246467991473532e-16,-1.0,0.9749279121818236,-0.22252093395631434,0.49999999999999994,-0.8660254037844387,14.6,14.6,15.0,15.15,12.1,92.81653,93.422615,92.83802,90.7601,99.67146,6.9153743,6.4096174,7.9383874,9.82114,6.0721655,4.0,2.8,0.5,3.7,8.4,9.1,18.0,40.0,1,2.3000000000000003,1.5735310610218611,4.0,5.125,3.7114380942261063,12.5,8.620833333333334,6.254110242675353,23.6,11.979166666666666,8.743847887888066,30.7
2026-06-03 11:00:00+00:00,5.9,15.25,89.30335,0.0,7.538541,1.2246467991473532e-16,-1.0,0.9749279121818236,-0.22252093395631434,0.258819045102521,-0.9659258262890682,14.6,14.6,14.85,15.15,13.55,93.11914,92.81653,94.0434,89.87883,91.24824,6.7565966,6.048107,6.3690495,9.354806,8.0599,3.1,4.0,2.8,2.5,12.5,14.3,29.4,41.0,1,2.2,1.48323969741933,4.0,4.683333333333334,3.599957912211886,12.5,8.370833333333334,6.353258607009224,23.6,11.668750000000001,8.789915794866912,30.7
2026-06-03 12:00:00+00:00,5.3,16.8,82.75294,0.0,8.139901,1.2246467991473532e-16,-1.0,0.9749279121818236,-0.22252093395631434,1.2246467991473532e-16,-1.0,15.25,14.6,14.5,15.15,15.65,89.30335,92.81653,94.94928,92.5455,81.003395,7.538541,6.9153743,5.6060677,8.777654,10.739832,5.9,3.1,4.0,0.3,5.2,14.3,29.5,38.8,1,2.766666666666667,2.1294756788156204,5.9,4.133333333333334,2.6850878886354854,10.1,8.020833333333334,6.242837925360502,23.6,11.179166666666667,8.428319999512604,30.7
2026-06-03 13:00:00+00:00,1.9,18.2,73.3318,0.1,7.7588143,1.2246467991473532e-16,-1.0,0.9749279121818236,-0.22252093395631434,-0.2588190451025208,-0.9659258262890683,16.8,14.6,14.6,15.15,16.9,82.75294,93.11914,93.422615,93.14747,72.86166,8.139901,6.7565966,6.4096174,8.0899935,9.957108,5.3,5.9,3.1,0.5,10.1,9.2,30.7,18.3,1,3.5999999999999996,1.9411336893682951,5.9,4.141666666666667,2.688851844640058,10.1,7.645833333333333,6.118324519632545,23.6,10.674999999999999,8.023144711634556,30.7
2026-06-03 14:00:00+00:00,2.1,19.25,66.684875,0.0,7.3997297,1.2246467991473532e-16,-1.0,0.9749279121818236,-0.22252093395631434,-0.4999999999999997,-0.8660254037844388,18.2,15.25,14.6,15.2,18.1,73.3318,89.30335,92.81653,92.248695,64.71039,7.7588143,7.538541,6.048107,9.252069,9.600937,1.9,5.3,5.9,2.8,6.3,3.5,27.0,6.9,1,3.8333333333333335,1.5357951252257682,5.9,3.4583333333333335,1.987441632457229,6.3,7.341666666666666,6.218340101923423,23.6,10.075,7.557087697525074,27.4
2026-06-03 15:00:00+00:00,4.0,20.2,60.642532,0.0,5.7628117,1.2246467991473532e-16,-1.0,0.9749279121818236,-0.22252093395631434,-0.7071067811865471,-0.7071067811865479,19.25,16.8,14.6,15.1,19.15,66.684875,82.75294,92.81653,93.1449,58.814674,7.3997297,8.139901,6.9153743,8.6193495,9.292255,2.1,1.9,5.3,4.0,5.2,18.3,26.5,7.2,1,3.716666666666667,1.6521702898512713,5.9,3.108333333333333,1.8027546262384857,5.9,7.283333333333334,6.262355902475998,23.6,9.55625,7.217558561989254,27.4
2026-06-03 16:00:00+00:00,4.7,21.25,54.644554,0.0,5.0432134,1.2246467991473532e-16,-1.0,0.9749279121818236,-0.22252093395631434,-0.8660254037844384,-0.5000000000000004,20.2,18.2,14.6,15.0,19.7,60.642532,73.3318,93.11914,92.83802,56.086506,5.7628117,7.7588143,6.7565966,7.9383874,8.574123,4.0,2.1,1.9,3.1,3.7,23.6,27.4,6.5,1,3.716666666666667,1.6521702898512713,5.9,3.008333333333333,1.7069155239966118,5.9,6.6875,5.834255103155526,23.6,9.0875,6.813023354872802,27.4
2026-06-03 17:00:00+00:00,7.9,20.85,58.836376,0.0,7.674842,1.2246467991473532e-16,-1.0,0.9749279121818236,-0.22252093395631434,-0.9659258262890683,-0.25881904510252063,21.25,19.25,15.25,14.85,19.55,54.644554,66.684875,89.30335,94.0434,55.862408,5.0432134,7.3997297,7.538541,6.3690495,9.418662,4.7,4.0,2.1,5.9,2.5,17.1,22.7,4.1,1,3.983333333333333,1.6618263046020276,5.9,3.091666666666667,1.7671025762958796,5.9,5.8999999999999995,4.596406914290749,17.1,8.614583333333334,6.281990116411734,24.0
2026-06-03 18:00:00+00:00,9.9,19.35,74.00914,0.4,13.229693,1.2246467991473532e-16,-1.0,0.9749279121818236,-0.22252093395631434,-1.0,-1.8369701987210297e-16,20.85,20.2,16.8,14.5,18.65,58.836376,60.642532,82.75294,94.94928,69.00319,7.674842,5.7628117,8.139901,5.6060677,12.033103,7.9,4.7,4.0,5.3,0.3,16.9,24.0,1.2,1,4.316666666666667,2.2274798914170306,7.9,3.5416666666666665,2.229740438760179,7.9,5.516666666666667,3.961517788475332,16.9,8.30625,5.929242578372988,24.0
2026-06-03 19:00:00+00:00,9.3,18.65,76.32043,0.0,10.630672,1.2246467991473532e-16,-1.0,0.9749279121818236,-0.22252093395631434,-0.9659258262890684,0.2588190451025203,19.35,21.25,18.2,14.6,17.65,74.00914,54.644554,73.3318,93.422615,73.95692,13.229693,5.0432134,7.7588143,6.4096174,11.207801,9.9,7.9,4.7,1.9,0.5,11.0,21.5,0.6,1,5.083333333333333,3.208997766697138,9.9,4.341666666666666,2.6445340999995826,9.9,5.225,3.2872943810718858,12.5,8.012500000000001,5.466401243340188,23.6
2026-06-03 20:00:00+00:00,19.1,17.65,82.057556,0.0,11.35285,1.2246467991473532e-16,-1.0,0.9749279121818236,-0.22252093395631434,-0.8660254037844386,0.5000000000000001,18.65,20.85,19.25,14.6,16.7,76.32043,58.836376,66.684875,92.81653,80.09142,10.630672,7.674842,7.3997297,6.048107,11.35285,9.3,9.9,7.9,2.1,2.8,5.5,12.2,0.1,1,6.316666666666666,3.162541172327596,9.9,5.075,2.70189327559903,9.9,5.154166666666668,3.173802981018127,12.5,7.758333333333334,5.0970927605772225,23.6
2026-06-03 21:00:00+00:00,20.8,16.5,87.970345,0.0,9.826088,1.2246467991473532e-16,-1.0,0.9749279121818236,-0.22252093395631434,-0.7071067811865477,0.7071067811865474,17.65,19.35,20.2,14.6,15.35,82.057556,74.00914,60.642532,92.81653,89.02119,11.35285,13.229693,5.7628117,6.9153743,10.261579,19.1,9.3,9.9,4.0,4.0,2.6,3.8,1.8,1,9.15,5.4309299387858525,19.1,6.433333333333334,4.76432449343953,19.1,5.720833333333334,4.264818581866358,19.1,7.902083333333333,5.317553812242895,23.6
2026-06-03 22:00:00+00:00,19.0,16.1,91.118164,0.0,8.604301,1.2246467991473532e-16,-1.0,0.9749279121818236,-0.22252093395631434,-0.5000000000000004,0.8660254037844384,16.5,18.65,21.25,14.6,15.15,87.970345,76.32043,54.644554,93.11914,90.7601,9.826088,10.630672,5.0432134,6.7565966,9.82114,20.8,19.1,9.3,4.7,3.1,8.4,7.2,2.6,1,11.950000000000001,6.475106176735673,20.8,7.833333333333333,6.227845583029539,20.8,6.479166666666668,5.201085101388432,20.8,8.25625,5.597298217928468,23.6
2026-06-03 23:00:00+00:00,17.3,16.25,89.0932,0.0,7.386582,1.2246467991473532e-16,-1.0,0.9749279121818236,-0.22252093395631434,-0.25881904510252157,0.9659258262890681,16.1,17.65,20.85,15.25,15.15,91.118164,82.057556,58.836376,89.30335,89.87883,8.604301,11.35285,7.674842,7.538541,9.354806,19.0,20.8,19.1,7.9,5.9,12.5,8.6,0.0,1,14.333333333333334,5.876960665741017,20.8,9.158333333333333,6.794845417110248,20.8,6.920833333333334,5.7882173546721765,20.8,8.502083333333333,5.805188053227304,23.6
2026-06-04 00:00:00+00:00,25.1,16.15,89.08525,0.0,8.435069,1.2246467991473532e-16,-1.0,0.43388373911755823,-0.900968867902419,0.0,1.0,16.25,16.5,19.35,16.8,15.15,89.0932,87.970345,74.00914,82.75294,92.5455,7.386582,9.826088,13.229693,8.139901,8.777654,17.3,19.0,20.8,9.9,5.3,5.2,8.6,0.6,1,15.9,5.007594232762916,20.8,10.108333333333334,7.088461601700877,20.8,7.120833333333334,6.065653781506333,20.8,8.683333333333334,5.9425022787823165,23.6
2026-06-04 01:00:00+00:00,29.5,15.9,90.81115,0.0,7.382195,1.2246467991473532e-16,-1.0,0.43388373911755823,-0.900968867902419,0.25881904510252074,0.9659258262890683,16.15,16.1,18.65,18.2,15.15,89.08525,91.118164,76.32043,73.3318,93.14747,8.435069,8.604301,10.630672,7.7588143,8.0899935,25.1,17.3,19.0,9.3,1.9,10.1,7.0,0.2,1,18.433333333333334,5.206022153877857,25.1,11.758333333333335,8.09977085347405,25.1,7.95,7.0688539136252135,25.1,9.027083333333334,6.397397728376371,25.1
2026-06-04 02:00:00+00:00,14.8,15.6,92.870056,0.0,5.8603754,1.2246467991473532e-16,-1.0,0.43388373911755823,-0.900968867902419,0.49999999999999994,0.8660254037844387,15.9,16.25,17.65,19.25,15.2,90.81115,89.0932,82.057556,66.684875,92.248695,7.382195,7.386582,11.35285,7.3997297,9.252069,29.5,25.1,17.3,19.1,2.1,6.3,6.6,0.1,1,21.8,4.616492174801157,29.5,14.058333333333332,8.922745025376361,29.5,8.758333333333333,8.323299756741928,29.5,9.495833333333334,7.037950570084311,29.5
2026-06-04 03:00:00+00:00,8.9,15.1,95.27976,0.0,6.6818557,1.2246467991473532e-16,-1.0,0.43388373911755823,-0.900968867902419,0.7071067811865475,0.7071067811865476,15.6,16.15,16.5,20.2,15.1,92.870056,89.08525,87.970345,60.642532,93.1449,5.8603754,8.435069,9.826088,5.7628117,8.6193495,14.8,29.5,25.1,20.8,4.0,5.2,6.1,0.9,1,21.083333333333336,5.388660934468507,29.5,15.116666666666667,8.089705392245946,29.5,9.1125,8.394683229386304,29.5,9.666666666666668,7.06562952378453,29.5
2026-06-04 04:00:00+00:00,8.4,15.05,94.663445,0.0,6.7853074,1.2246467991473532e-16,-1.0,0.43388373911755823,-0.900968867902419,0.8660254037844386,0.5000000000000001,15.1,15.9,16.1,21.25,15.0,95.27976,90.81115,91.118164,54.644554,92.83802,6.6818557,7.382195,8.604301,5.0432134,7.9383874,8.9,14.8,29.5,19.0,4.7,3.7,4.5,0.7,1,19.099999999999998,7.34765268640267,29.5,15.525,7.58552748810042,29.5,9.266666666666667,8.353581198538757,29.5,9.725,7.047090843866131,29.5
2026-06-04 05:00:00+00:00,6.7,14.95,94.35322,0.0,6.830519,1.2246467991473532e-16,-1.0,0.43388373911755823,-0.900968867902419,0.9659258262890683,0.25881904510252074,15.05,15.6,16.25,20.85,14.85,94.663445,92.870056,89.0932,58.836376,94.0434,6.7853074,5.8603754,7.386582,7.674842,6.3690495,8.4,8.9,14.8,17.3,7.9,2.5,4.8,0.0,1,17.333333333333332,8.552114748216788,29.5,15.833333333333336,7.169294796476685,29.5,9.4625,8.272101488949394,29.5,9.80625,7.007940974503666,29.5
2026-06-04 06:00:00+00:00,7.5,14.7,95.265434,0.0,5.8852015,1.2246467991473532e-16,-1.0,0.43388373911755823,-0.900968867902419,1.0,6.123233995736766e-17,14.95,15.1,16.15,19.35,14.5,94.35322,95.27976,89.08525,74.00914,94.94928,6.830519,6.6818557,8.435069,13.229693,5.6060677,6.7,8.4,8.9,25.1,9.9,0.3,5.5,0.0,1,15.566666666666668,9.592010564353394,29.5,15.733333333333334,7.297238996339421,29.5,9.637500000000001,8.162097583129121,29.5,9.845833333333333,6.984388620141554,29.5
2026-06-04 07:00:00+00:00,7.2,14.7,94.34255,0.0,6.424764,1.2246467991473532e-16,-1.0,0.43388373911755823,-0.900968867902419,0.9659258262890683,-0.25881904510252063,14.7,15.05,15.9,18.65,14.6,95.265434,94.663445,90.81115,76.32043,93.422615,5.8852015,6.7853074,7.382195,10.630672,6.4096174,7.5,6.7,8.4,29.5,9.3,0.5,7.2,0.0,1,12.633333333333335,8.74749487948791,29.5,15.533333333333333,7.501676580281991,29.5,9.9375,7.933079477731235,29.5,9.887500000000001,6.963846607620519,29.5
2026-06-04 08:00:00+00:00,6.1,14.95,91.33898,0.0,6.8612823,1.2246467991473532e-16,-1.0,0.43388373911755823,-0.900968867902419,0.8660254037844387,-0.4999999999999998,14.7,14.95,15.6,17.65,14.6,94.34255,94.35322,92.870056,82.057556,92.81653,6.424764,6.830519,5.8603754,11.35285,6.048107,7.2,7.5,6.7,14.8,19.1,2.8,12.0,0.0,1,8.916666666666666,2.9915993492891473,14.8,15.358333333333334,7.682620094417745,29.5,10.216666666666667,7.701025717490479,29.5,9.887500000000001,6.963846607620519,29.5
2026-06-04 09:00:00+00:00,8.1,14.9,91.33578,0.0,6.0077944,1.2246467991473532e-16,-1.0,0.43388373911755823,-0.900968867902419,0.7071067811865476,-0.7071067811865475,14.95,14.7,15.1,16.5,14.6,91.33898,95.265434,95.27976,87.970345,92.81653,6.8612823,5.8852015,6.6818557,9.826088,6.9153743,6.1,7.2,7.5,8.9,20.8,4.0,17.3,0.0,1,7.466666666666668,1.0443498775158018,8.9,14.275,8.016361110537952,29.5,10.354166666666668,7.591527266096364,29.5,9.764583333333333,6.977821692145452,29.5
2026-06-04 10:00:00+00:00,9.9,14.55,93.42014,0.0,6.1437774,1.2246467991473532e-16,-1.0,0.43388373911755823,-0.900968867902419,0.49999999999999994,-0.8660254037844387,14.9,14.7,15.05,16.1,14.6,91.33578,94.34255,94.663445,91.118164,93.11914,6.0077944,6.424764,6.7853074,8.604301,6.7565966,8.1,6.1,7.2,8.4,19.0,3.1,9.1,0.0,1,7.333333333333333,0.8594571930394623,8.4,13.216666666666667,7.914294700480924,29.5,10.525,7.487743608579726,29.5,9.572916666666666,6.89226330313316,29.5
2026-06-04 11:00:00+00:00,6.6,15.0,90.16085,0.0,7.7400002,1.2246467991473532e-16,-1.0,0.43388373911755823,-0.900968867902419,0.258819045102521,-0.9659258262890682,14.55,14.95,14.95,16.25,15.25,93.42014,91.33898,94.35322,89.0932,89.30335,6.1437774,6.8612823,6.830519,7.386582,7.538541,9.9,8.1,6.1,6.7,17.3,5.9,14.3,0.0,1,7.583333333333333,1.3242608000946297,9.9,12.458333333333334,7.743907673817264,29.5,10.808333333333332,7.321375296478422,29.5,9.589583333333334,6.89206264352474,29.5
2026-06-04 12:00:00+00:00,7.0,15.85,86.49697,0.0,7.771331,1.2246467991473532e-16,-1.0,0.43388373911755823,-0.900968867902419,1.2246467991473532e-16,-1.0,15.0,14.9,14.7,16.15,16.8,90.16085,91.33578,95.265434,89.08525,82.75294,7.7400002,6.0077944,5.8852015,8.435069,8.139901,6.6,9.9,8.1,7.5,25.1,5.3,14.3,0.5,1,7.566666666666666,1.338157937863565,9.9,11.566666666666668,7.751754444620704,29.5,10.8375,7.302341048089246,29.5,9.429166666666667,6.869666854734309,29.5
2026-06-04 13:00:00+00:00,4.4,17.4,76.36936,0.0,8.849339,1.2246467991473532e-16,-1.0,0.43388373911755823,-0.900968867902419,-0.2588190451025208,-0.9659258262890683,15.85,14.55,14.7,15.9,18.2,86.49697,93.42014,94.34255,90.81115,73.3318,7.771331,6.1437774,6.424764,7.382195,7.7588143,7.0,6.6,9.9,7.2,29.5,1.9,9.2,0.0,1,7.483333333333333,1.358553151947788,9.9,10.058333333333334,6.54626310241656,29.5,10.908333333333333,7.2543789873947215,29.5,9.277083333333334,6.840282424906298,29.5
2026-06-04 14:00:00+00:00,8.1,19.0,67.95382,0.0,9.582359,1.2246467991473532e-16,-1.0,0.43388373911755823,-0.900968867902419,-0.4999999999999997,-0.8660254037844388,17.4,15.0,14.95,15.6,19.25,76.36936,90.16085,91.33898,92.870056,66.684875,8.849339,7.7400002,6.8612823,5.8603754,7.3997297,4.4,7.0,6.6,6.1,14.8,2.1,3.5,0.1,1,7.016666666666667,1.8627041275165728,9.9,7.966666666666666,2.574819793635445,14.8,11.012500000000001,7.136392493836602,29.5,9.177083333333334,6.8764240949299404,29.5
2026-06-04 15:00:00+00:00,4.6,20.1,61.82484,0.0,8.849339,1.2246467991473532e-16,-1.0,0.43388373911755823,-0.900968867902419,-0.7071067811865471,-0.7071067811865479,19.0,15.85,14.9,15.1,20.2,67.95382,86.49697,91.33578,95.27976,60.642532,9.582359,7.771331,6.0077944,6.6818557,5.7628117,8.1,4.4,7.0,8.1,8.9,4.0,18.3,0.1,1,7.3500000000000005,1.8447222013085345,9.9,7.408333333333334,1.430485189992469,9.9,11.262500000000001,6.912170268887145,29.5,9.272916666666667,6.827501944446311,29.5
2026-06-04 16:00:00+00:00,0.8,21.0,57.72517,0.0,7.989243,1.2246467991473532e-16,-1.0,0.43388373911755823,-0.900968867902419,-0.8660254037844384,-0.5000000000000004,20.1,17.4,14.55,15.05,21.25,61.82484,76.36936,93.42014,94.663445,54.644554,8.849339,8.849339,6.1437774,6.7853074,5.0432134,4.6,8.1,4.4,9.9,8.4,4.7,23.6,0.1,1,6.766666666666666,2.096346027417058,9.9,7.05,1.5559270840592136,9.9,11.287500000000001,6.885795871401441,29.5,8.9875,6.727733170765692,29.5
2026-06-04 17:00:00+00:00,5.9,21.0,62.84291,0.0,9.686609,1.2246467991473532e-16,-1.0,0.43388373911755823,-0.900968867902419,-0.9659258262890683,-0.25881904510252063,21.0,19.0,15.0,14.95,20.85,57.72517,67.95382,90.16085,94.35322,58.836376,7.989243,9.582359,7.7400002,6.830519,7.674842,0.8,4.6,8.1,6.6,6.7,7.9,17.1,4.2,1,5.25,2.605954719483943,8.1,6.416666666666665,2.3170644960354045,9.9,11.125,7.090977120379079,29.5,8.5125,6.474191808594165,29.5
2026-06-04 18:00:00+00:00,15.3,19.55,73.330795,0.3,13.896187,1.2246467991473532e-16,-1.0,0.43388373911755823,-0.900968867902419,-1.0,-1.8369701987210297e-16,21.0,20.1,15.85,14.7,19.35,62.84291,61.82484,86.49697,95.265434,74.00914,9.686609,8.849339,7.771331,5.8852015,13.229693,5.9,0.8,4.6,7.0,7.5,9.9,16.9,8.2,1,5.133333333333333,2.5484635894333088,8.1,6.3500000000000005,2.3196786611315403,9.9,11.041666666666666,7.142093023310719,29.5,8.279166666666667,6.358909257911636,29.5
2026-06-04 19:00:00+00:00,4.4,18.5,77.7904,0.0,11.500296,1.2246467991473532e-16,-1.0,0.43388373911755823,-0.900968867902419,-0.9659258262890684,0.2588190451025203,19.55,21.0,17.4,14.7,18.65,73.330795,57.72517,76.36936,94.34255,76.32043,13.896187,7.989243,8.849339,6.424764,10.630672,15.3,5.9,0.8,4.4,7.2,9.3,11.0,4.2,1,6.516666666666666,4.916672316380998,15.3,7.0,3.475890991072375,15.3,11.266666666666667,7.1894649173010015,29.5,8.245833333333334,6.316811690170739,29.5
2026-06-04 20:00:00+00:00,2.6,17.45,83.63733,0.0,10.883676,1.2246467991473532e-16,-1.0,0.43388373911755823,-0.900968867902419,-0.8660254037844386,0.5000000000000001,18.5,21.0,19.0,14.95,17.65,77.7904,62.84291,67.95382,91.33898,82.057556,11.500296,9.686609,9.582359,6.8612823,11.35285,4.4,15.3,5.9,8.1,6.1,19.1,5.5,6.0,1,6.516666666666667,4.916672316380998,15.3,6.766666666666667,3.5543400700176755,15.3,11.0625,7.316200754371173,29.5,8.108333333333333,6.327408576248244,29.5
2026-06-04 21:00:00+00:00,3.4,16.35,89.38918,0.0,9.085988,1.2246467991473532e-16,-1.0,0.43388373911755823,-0.900968867902419,-0.7071067811865477,0.7071067811865474,17.45,19.55,20.1,14.9,16.5,83.63733,73.330795,61.82484,91.33578,87.970345,10.883676,13.896187,8.849339,6.0077944,9.826088,2.6,4.4,15.3,4.6,8.1,20.8,2.6,14.0,1,5.6000000000000005,5.072671879788859,15.3,6.474999999999999,3.75212061252154,15.3,10.375,7.303319674016059,29.5,8.047916666666667,6.366567918175167,29.5
2026-06-04 22:00:00+00:00,8.9,15.9,92.28899,0.0,7.562142,1.2246467991473532e-16,-1.0,0.43388373911755823,-0.900968867902419,-0.5000000000000004,0.8660254037844384,16.35,18.5,21.0,14.55,16.1,89.38918,77.7904,57.72517,93.42014,91.118164,9.085988,11.500296,7.989243,6.1437774,8.604301,3.4,2.6,4.4,0.8,9.9,19.0,8.4,9.2,1,5.3999999999999995,5.143150785267785,15.3,6.083333333333333,3.8119032071402326,15.3,9.65,7.083784299369971,29.5,8.064583333333333,6.35303544749774,29.5
2026-06-04 23:00:00+00:00,8.8,15.55,93.46935,0.0,7.256032,1.2246467991473532e-16,-1.0,0.43388373911755823,-0.900968867902419,-0.25881904510252157,0.9659258262890681,15.9,17.45,21.0,15.0,16.25,92.28899,83.63733,62.84291,90.16085,89.0932,7.562142,10.883676,9.686609,7.7400002,7.386582,8.9,3.4,2.6,5.9,6.6,17.3,12.5,3.8,1,6.75,4.74162419430311,15.3,6.0,3.730951621235517,15.3,9.229166666666666,6.798431990998543,29.5,8.075,6.354006944859192,29.5
2026-06-05 00:00:00+00:00,3.9,15.3,93.15516,0.0,8.714677,1.2246467991473532e-16,-1.0,-0.433883739117558,-0.9009688679024191,0.0,1.0,15.55,16.35,19.55,15.85,16.15,93.46935,89.38918,73.330795,86.49697,89.08525,7.256032,9.085988,13.896187,7.771331,8.435069,8.8,8.9,3.4,15.3,7.0,25.1,5.2,13.2,1,7.233333333333334,4.785255130781146,15.3,6.183333333333334,3.8161935660201074,15.3,8.875,6.577514397717002,29.5,7.997916666666666,6.321543360682784,29.5
2026-06-05 01:00:00+00:00,3.2,14.95,94.04791,0.0,7.388775,1.2246467991473532e-16,-1.0,-0.433883739117558,-0.9009688679024191,0.25881904510252074,0.9659258262890683,15.3,15.9,18.5,17.4,15.9,93.15516,92.28899,77.7904,76.36936,90.81115,8.714677,7.562142,11.500296,8.849339,7.382195,3.9,8.8,8.9,4.4,4.4,29.5,10.1,17.5,1,5.333333333333333,2.788308925974183,8.9,5.925000000000001,3.860552244998579,15.3,7.991666666666666,5.66391450643744,29.5,7.970833333333334,6.336552466690405,29.5
2026-06-05 02:00:00+00:00,0.8,14.75,94.65132,0.0,7.5685663,1.2246467991473532e-16,-1.0,-0.433883739117558,-0.9009688679024191,0.49999999999999994,0.8660254037844387,14.95,15.55,17.45,19.0,15.6,94.04791,93.46935,83.63733,67.95382,92.870056,7.388775,7.256032,10.883676,9.582359,5.8603754,3.2,3.9,8.8,2.6,8.1,14.8,6.3,13.0,1,5.133333333333334,2.909066287774705,8.9,5.825,3.9187486407131096,15.3,6.895833333333335,3.4222391813684454,15.3,7.827083333333334,6.365423205777614,29.5
2026-06-05 03:00:00+00:00,2.8,14.35,94.94353,0.0,6.6185193,1.2246467991473532e-16,-1.0,-0.433883739117558,-0.9009688679024191,0.7071067811865475,0.7071067811865476,14.75,15.3,16.35,20.1,15.1,94.65132,93.15516,89.38918,61.82484,95.27976,7.5685663,8.714677,9.085988,8.849339,6.6818557,0.8,3.2,3.9,3.4,4.6,8.9,5.2,8.2,1,4.833333333333333,3.290390047800915,8.9,5.216666666666667,4.096080905924434,15.3,6.3125,3.2024871448678938,15.3,7.712500000000001,6.442532375103364,29.5
2026-06-05 04:00:00+00:00,3.6,14.1,96.17879,0.0,6.5520988,1.2246467991473532e-16,-1.0,-0.433883739117558,-0.9009688679024191,0.8660254037844386,0.5000000000000001,14.35,14.95,15.9,21.0,15.05,94.94353,94.04791,92.28899,57.72517,94.663445,6.6185193,7.388775,7.562142,7.989243,6.7853074,2.8,0.8,3.2,8.9,0.8,8.4,3.7,5.8,1,4.733333333333333,3.351218683802552,8.9,5.066666666666666,4.153275450737274,15.3,6.058333333333334,3.230145597292913,15.3,7.6625000000000005,6.47169368472704,29.5
2026-06-05 05:00:00+00:00,4.1,14.1,94.31684,0.0,6.6794305,1.2246467991473532e-16,-1.0,-0.433883739117558,-0.9009688679024191,0.9659258262890683,0.25881904510252074,14.1,14.75,15.55,21.0,14.95,96.17879,94.65132,93.46935,62.84291,94.35322,6.5520988,7.5685663,7.256032,9.686609,6.830519,3.6,2.8,0.8,8.8,5.9,6.7,2.5,8.4,1,3.85,2.6606390209873743,8.8,5.3,3.966221008833097,15.3,5.858333333333333,3.2274524435478473,15.3,7.660416666666666,6.473012373261527,29.5
2026-06-05 06:00:00+00:00,3.9,13.7,95.229324,0.0,5.318383,1.2246467991473532e-16,-1.0,-0.433883739117558,-0.9009688679024191,1.0,6.123233995736766e-17,14.1,14.35,15.3,19.55,14.7,94.31684,94.94353,93.15516,73.330795,95.265434,6.6794305,6.6185193,8.714677,13.896187,5.8852015,4.1,3.6,2.8,3.9,15.3,7.5,0.3,5.0,1,3.0666666666666664,1.2060956291552207,4.1,5.15,3.975493108350887,15.3,5.75,3.241577715705298,15.3,7.6937500000000005,6.449951550205604,29.5
2026-06-05 07:00:00+00:00,3.7,13.35,95.84249,0.0,5.2939587,1.2246467991473532e-16,-1.0,-0.433883739117558,-0.9009688679024191,0.9659258262890683,-0.25881904510252063,13.7,14.1,14.95,18.5,14.7,95.229324,96.17879,94.04791,77.7904,94.34255,5.318383,6.5520988,7.388775,11.500296,6.424764,3.9,4.1,3.6,3.2,4.4,7.2,0.5,0.7,1,3.0666666666666664,1.2060956291552207,4.1,4.2,2.3656634664219656,8.9,5.6000000000000005,3.2403703492040323,15.3,7.768750000000001,6.382727898440571,29.5
2026-06-05 08:00:00+00:00,2.5,12.85,97.413216,0.0,4.412754,1.2246467991473532e-16,-1.0,-0.433883739117558,-0.9009688679024191,0.8660254037844387,-0.4999999999999998,13.35,14.1,14.75,17.45,14.95,95.84249,94.31684,94.65132,83.63733,91.33898,5.2939587,6.6794305,7.5685663,10.883676,6.8612823,3.7,3.9,4.1,0.8,2.6,6.1,2.8,0.1,1,3.1500000000000004,1.2340988615182578,4.1,4.141666666666667,2.3689116539546973,8.9,5.454166666666667,3.2439883083834014,15.3,7.835416666666667,6.321610674885188,29.5
2026-06-05 09:00:00+00:00,2.8,12.45,98.3712,0.0,4.353619,1.2246467991473532e-16,-1.0,-0.433883739117558,-0.9009688679024191,0.7071067811865476,-0.7071067811865475,12.85,13.7,14.35,16.35,14.9,97.413216,95.229324,94.94353,89.38918,91.33578,4.412754,5.318383,6.6185193,9.085988,6.0077944,2.5,3.7,3.9,2.8,3.4,8.1,4.0,0.1,1,3.4333333333333336,0.6377042156574807,4.1,4.133333333333334,2.374996012755814,8.9,5.304166666666667,3.2956465574883373,15.3,7.829166666666667,6.326841110674109,29.5
2026-06-05 10:00:00+00:00,2.0,12.25,98.69306,0.0,4.6834598,1.2246467991473532e-16,-1.0,-0.433883739117558,-0.9009688679024191,0.49999999999999994,-0.8660254037844387,12.45,13.35,14.1,15.9,14.55,98.3712,95.84249,96.17879,92.28899,93.42014,4.353619,5.2939587,6.5520988,7.562142,6.1437774,2.8,2.5,3.7,3.6,8.9,9.9,3.1,0.0,1,3.433333333333333,0.6377042156574807,4.1,4.083333333333333,2.398042130698711,8.9,5.083333333333333,3.2776803391724734,15.3,7.804166666666667,6.344639497608166,29.5
2026-06-05 11:00:00+00:00,2.2,12.8,93.95038,0.0,4.3832865,1.2246467991473532e-16,-1.0,-0.433883739117558,-0.9009688679024191,0.258819045102521,-0.9659258262890682,12.25,12.85,14.1,15.55,15.0,98.69306,97.413216,94.31684,93.46935,90.16085,4.6834598,4.412754,6.6794305,7.256032,7.7400002,2.0,2.8,2.5,4.1,8.8,6.6,5.9,0.5,1,3.1666666666666665,0.8524474568366817,4.1,3.5083333333333333,1.9171277442775556,8.8,4.754166666666666,3.1677696401023727,15.3,7.78125,6.363949538093771,29.5
2026-06-05 12:00:00+00:00,1.1,14.4,88.65334,0.0,4.1046314,1.2246467991473532e-16,-1.0,-0.433883739117558,-0.9009688679024191,1.2246467991473532e-16,-1.0,12.8,12.45,13.7,15.3,15.85,93.95038,98.3712,95.229324,93.15516,86.49697,4.3832865,4.353619,5.318383,8.714677,7.771331,2.2,2.0,2.8,3.9,3.9,7.0,5.3,4.0,1,2.85,0.7867655305112597,3.9,2.9583333333333335,0.9774347998095599,4.1,4.570833333333334,3.183582773442999,15.3,7.704166666666667,6.40946634793006,29.5
2026-06-05 13:00:00+00:00,0.9,16.7,74.279434,0.0,6.698806,1.2246467991473532e-16,-1.0,-0.433883739117558,-0.9009688679024191,-0.2588190451025208,-0.9659258262890683,14.4,12.25,13.35,14.95,17.4,88.65334,98.69306,95.84249,94.04791,76.36936,4.1046314,4.6834598,5.2939587,7.388775,8.849339,1.1,2.2,2.0,3.7,3.2,4.4,1.9,10.3,1,2.3833333333333333,0.8658329323069992,3.7,2.725,1.0626938325868611,4.1,4.325,3.215485628344133,15.3,7.616666666666667,6.471355322983874,29.5
2026-06-05 14:00:00+00:00,0.1,18.05,64.69946,0.0,7.989243,1.2246467991473532e-16,-1.0,-0.433883739117558,-0.9009688679024191,-0.4999999999999997,-0.8660254037844388,16.7,12.8,12.85,14.75,19.0,74.279434,93.95038,97.413216,94.65132,67.95382,6.698806,4.3832865,4.412754,7.5685663,9.582359,0.9,1.1,2.2,2.5,0.8,8.1,2.1,2.2,1,1.9166666666666667,0.7626707459102797,2.8,2.533333333333333,1.171117052866674,4.1,4.179166666666667,3.290431340386518,15.3,7.595833333333334,6.49172823375968,29.5
2026-06-05 15:00:00+00:00,0.0,19.5,55.47857,0.0,8.777653,1.2246467991473532e-16,-1.0,-0.433883739117558,-0.9009688679024191,-0.7071067811865471,-0.7071067811865479,18.05,14.4,12.45,14.35,20.1,64.69946,88.65334,98.3712,94.94353,61.82484,7.989243,4.1046314,4.353619,6.6185193,8.849339,0.1,0.9,1.1,2.8,2.8,4.6,4.0,0.9,1,1.5166666666666668,0.9907909298471336,2.8,2.475,1.277871098919808,4.1,3.845833333333333,3.2811688223223805,15.3,7.554166666666667,6.534033921765315,29.5
2026-06-05 16:00:00+00:00,0.0,20.1,53.631104,0.0,7.4672885,1.2246467991473532e-16,-1.0,-0.433883739117558,-0.9009688679024191,-0.8660254037844384,-0.5000000000000004,19.5,16.7,12.25,14.1,21.0,55.47857,74.279434,98.69306,96.17879,57.72517,8.777653,6.698806,4.6834598,6.5520988,7.989243,0.0,0.1,0.9,2.0,3.6,0.8,4.7,9.9,1,1.05,0.9224966124602773,2.2,2.2416666666666667,1.456308117581341,4.1,3.654166666666667,3.368392619719448,15.3,7.470833333333334,6.60544450912429,29.5
2026-06-05 17:00:00+00:00,0.0,20.3,53.68284,0.0,6.341009,1.2246467991473532e-16,-1.0,-0.433883739117558,-0.9009688679024191,-0.9659258262890683,-0.25881904510252063,20.1,18.05,12.8,14.1,21.0,53.631104,64.69946,93.95038,94.31684,62.84291,7.4672885,7.989243,4.3832865,6.6794305,9.686609,0.0,0.0,0.1,2.2,4.1,5.9,7.9,19.1,1,0.7166666666666668,0.870440501509068,2.2,1.9416666666666667,1.5204415227960608,4.1,3.6208333333333336,3.4016593350723396,15.3,7.372916666666668,6.681786599639368,29.5
2026-06-05 18:00:00+00:00,0.7,20.55,54.828373,0.0,7.3469996,1.2246467991473532e-16,-1.0,-0.433883739117558,-0.9009688679024191,-1.0,-1.8369701987210297e-16,20.3,19.5,14.4,13.7,19.55,53.68284,55.47857,88.65334,95.229324,73.330795,6.341009,8.777653,4.1046314,5.318383,13.896187,0.0,0.0,0.0,1.1,3.9,15.3,9.9,15.3,1,0.35000000000000003,0.5089204260006625,1.1,1.6000000000000003,1.4503917965971638,3.9,3.375,3.4427302107990645,15.3,7.208333333333333,6.7653004944452775,29.5
2026-06-05 19:00:00+00:00,0.9,19.35,59.84618,0.0,10.99769,1.2246467991473532e-16,-1.0,-0.433883739117558,-0.9009688679024191,-0.9659258262890684,0.2588190451025203,20.55,20.1,16.7,13.35,18.5,54.828373,53.631104,74.279434,95.84249,77.7904,7.3469996,7.4672885,6.698806,5.2939587,11.500296,0.7,0.0,0.0,0.9,3.7,4.4,9.3,17.7,1,0.2833333333333333,0.4070217029439133,0.9,1.3333333333333333,1.2723159508502073,3.7,2.766666666666667,2.3652680088361984,8.9,7.016666666666667,6.817540997179746,29.5
2026-06-05 20:00:00+00:00,0.8,16.8,74.541214,0.0,11.753877,1.2246467991473532e-16,-1.0,-0.433883739117558,-0.9009688679024191,-0.8660254037844386,0.5000000000000001,19.35,20.3,18.05,12.85,17.45,59.84618,53.68284,64.69946,97.413216,83.63733,10.99769,6.341009,7.989243,4.412754,10.883676,0.9,0.7,0.0,0.1,2.5,2.6,19.1,13.0,1,0.2833333333333333,0.4070217029439133,0.9,1.1,1.033088925152486,2.8,2.620833333333333,2.3680810735731295,8.9,6.841666666666666,6.8653255593205955,29.5
2026-06-05 21:00:00+00:00,4.7,15.6,84.79662,0.0,7.889258,1.2246467991473532e-16,-1.0,-0.433883739117558,-0.9009688679024191,-0.7071067811865477,0.7071067811865474,16.8,20.55,19.5,12.45,16.35,74.541214,54.828373,55.47857,98.3712,89.38918,11.753877,7.3469996,8.777653,4.353619,9.085988,0.8,0.9,0.7,0.0,2.8,3.4,20.8,3.9,1,0.39999999999999997,0.44271887242435815,0.9,0.9583333333333334,0.9356167954236292,2.8,2.5458333333333334,2.397095918101836,8.9,6.460416666666666,6.675606262477653,29.5
2026-06-05 22:00:00+00:00,14.5,14.95,89.27976,0.0,7.4128532,1.2246467991473532e-16,-1.0,-0.433883739117558,-0.9009688679024191,-0.5000000000000004,0.8660254037844384,15.6,19.35,20.1,12.25,15.9,84.79662,59.84618,53.631104,98.69306,92.28899,7.889258,10.99769,7.4672885,4.6834598,7.562142,4.7,0.8,0.9,0.0,2.0,8.9,19.0,1.3,1,1.1833333333333333,1.7679555047193218,4.7,1.1166666666666667,1.3462630658323187,4.7,2.6,2.431675035497474,8.9,6.125,6.335596833293782,29.5
2026-06-05 23:00:00+00:00,22.0,14.4,92.503586,0.0,6.090812,1.2246467991473532e-16,-1.0,-0.433883739117558,-0.9009688679024191,-0.25881904510252157,0.9659258262890681,14.95,16.8,20.3,12.8,15.55,89.27976,74.541214,53.68284,93.95038,93.46935,7.4128532,11.753877,6.341009,4.3832865,7.256032,14.5,4.7,0.8,0.0,2.2,8.8,17.3,5.7,1,3.6,5.59499776586199,14.5,2.158333333333333,4.1037584399344595,14.5,2.8333333333333335,3.2074189361361607,14.5,6.03125,6.172214894357397,29.5
2026-06-06 00:00:00+00:00,22.5,14.9,89.86018,0.0,7.7900705,1.2246467991473532e-16,-1.0,-0.9749279121818236,-0.2225209339563146,0.0,1.0,14.4,15.6,20.55,14.4,15.3,92.503586,84.79662,54.828373,88.65334,93.15516,6.090812,7.889258,7.3469996,4.1046314,8.714677,22.0,14.5,4.7,0.7,1.1,3.9,25.1,8.4,1,7.266666666666667,8.960505938096759,22.0,3.8083333333333336,7.047044297670712,22.0,3.3833333333333333,4.939254182977296,22.0,6.129166666666666,6.38828576657781,29.5
2026-06-06 01:00:00+00:00,23.5,14.5,91.30996,0.0,4.3498964,1.2246467991473532e-16,-1.0,-0.9749279121818236,-0.2225209339563146,0.25881904510252074,0.9659258262890683,14.9,14.95,19.35,16.7,14.95,89.86018,89.27976,59.84618,74.279434,94.04791,7.7900705,7.4128532,10.99769,6.698806,7.388775,22.5,22.0,14.5,0.9,0.9,3.2,29.5,6.2,1,10.9,10.111181928933956,22.5,5.591666666666666,8.791262018549316,22.5,4.158333333333333,6.296577170016399,22.5,6.074999999999999,6.233147492204409,29.5
2026-06-06 02:00:00+00:00,23.2,14.0,94.312546,0.0,1.7076298,1.2246467991473532e-16,-1.0,-0.9749279121818236,-0.2225209339563146,0.49999999999999994,0.8660254037844387,14.5,14.4,16.8,18.05,14.75,91.30996,92.503586,74.541214,64.69946,94.65132,4.3498964,6.090812,11.753877,7.989243,7.5685663,23.5,22.5,22.0,0.8,0.1,0.8,14.8,12.3,1,14.666666666666666,9.846962306552575,23.5,7.474999999999999,10.028516159613856,23.5,5.004166666666666,7.424663902020865,23.5,5.949999999999999,5.798385688770997,23.5
2026-06-06 03:00:00+00:00,18.7,13.7,95.853615,0.0,1.9881649,1.2246467991473532e-16,-1.0,-0.9749279121818236,-0.2225209339563146,0.7071067811865475,0.7071067811865476,14.0,14.9,15.6,19.5,14.35,94.312546,89.86018,84.79662,55.47857,94.94353,1.7076298,7.7900705,7.889258,8.777653,6.6185193,23.2,23.5,22.5,4.7,0.0,2.8,8.9,5.4,1,18.4,7.506264050777889,23.5,9.4,10.680057882035856,23.5,5.9375,8.236705361817426,23.5,6.125,6.18503685122922,23.5
2026-06-06 04:00:00+00:00,26.4,13.45,96.790634,0.0,4.143911,1.2246467991473532e-16,-1.0,-0.9749279121818236,-0.2225209339563146,0.8660254037844386,0.5000000000000001,13.7,14.5,14.95,20.1,14.1,95.853615,91.30996,89.27976,53.631104,96.17879,1.9881649,4.3498964,7.4128532,7.4672885,6.5520988,18.7,23.2,23.5,14.5,0.0,3.6,8.4,6.9,1,20.733333333333334,3.5058047102865166,23.5,10.958333333333334,10.547249390100223,23.5,6.599999999999999,8.604599376774216,23.5,6.329166666666667,6.435273749185034,23.5
2026-06-06 05:00:00+00:00,16.2,13.0,99.34846,0.0,5.0816135,1.2246467991473532e-16,-1.0,-0.9749279121818236,-0.2225209339563146,0.9659258262890683,0.25881904510252074,13.45,14.0,14.4,20.3,14.1,96.790634,94.312546,92.503586,53.68284,94.31684,4.143911,1.7076298,6.090812,6.341009,6.6794305,26.4,18.7,23.2,22.0,0.0,4.1,6.7,2.8,1,22.71666666666667,2.494326896512781,26.4,13.158333333333333,10.803909926363211,26.4,7.55,9.473716501343423,26.4,6.704166666666667,7.053291319640495,26.4
2026-06-06 06:00:00+00:00,25.5,12.55,99.67261,0.0,2.0364676,1.2246467991473532e-16,-1.0,-0.9749279121818236,-0.2225209339563146,1.0,6.123233995736766e-17,13.0,13.7,14.9,20.55,13.7,99.34846,95.853615,89.86018,54.828373,95.229324,5.0816135,1.9881649,7.7900705,7.3469996,5.318383,16.2,26.4,18.7,22.5,0.7,3.9,7.5,1.9,1,21.75,3.67300966511122,26.4,14.508333333333333,9.99185653268184,26.4,8.054166666666665,9.603214098128467,26.4,6.902083333333333,7.18522389184124,26.4
2026-06-06 07:00:00+00:00,20.5,12.25,99.67184,0.0,1.4058449,1.2246467991473532e-16,-1.0,-0.9749279121818236,-0.2225209339563146,0.9659258262890683,-0.25881904510252063,12.55,13.45,14.5,19.35,13.35,99.67261,96.790634,91.30996,59.84618,95.84249,2.0364676,4.143911,4.3498964,10.99769,5.2939587,25.5,16.2,26.4,23.5,0.9,3.7,7.2,4.0,1,22.25,3.9863517155414705,26.4,16.575,9.424834216048565,26.4,8.954166666666666,10.191129099311867,26.4,7.277083333333333,7.670425092476325,26.4
2026-06-06 08:00:00+00:00,27.7,12.2,97.40019,0.0,2.97953,1.2246467991473532e-16,-1.0,-0.9749279121818236,-0.2225209339563146,0.8660254037844387,-0.4999999999999998,12.25,13.0,14.0,16.8,12.85,99.67184,99.34846,94.312546,74.541214,97.413216,1.4058449,5.0816135,1.7076298,11.753877,4.412754,20.5,25.5,16.2,23.2,0.8,2.5,6.1,7.0,1,21.75,3.9863517155414714,26.4,18.208333333333332,8.061068994453098,26.4,9.654166666666667,10.389584214246884,26.4,7.554166666666666,7.904239593161316,26.4
2026-06-06 09:00:00+00:00,29.8,11.95,95.16513,0.0,4.1085763,1.2246467991473532e-16,-1.0,-0.9749279121818236,-0.2225209339563146,0.7071067811865476,-0.7071067811865475,12.2,12.55,13.7,15.6,12.45,97.40019,99.67261,95.853615,84.79662,98.3712,2.97953,2.0364676,1.9881649,7.889258,4.353619,27.7,20.5,25.5,18.7,4.7,2.8,8.1,16.0,1,22.5,4.677178636742499,27.7,20.45,6.335541879673012,27.7,10.704166666666666,10.896169217811774,27.7,8.004166666666668,8.417862424714372,27.7
2026-06-06 10:00:00+00:00,32.8,11.65,93.89721,0.0,4.846648,1.2246467991473532e-16,-1.0,-0.9749279121818236,-0.2225209339563146,0.49999999999999994,-0.8660254037844387,11.95,12.25,13.45,14.95,12.25,95.16513,99.67184,96.790634,89.27976,98.69306,4.1085763,1.4058449,4.143911,7.4128532,4.6834598,29.8,27.7,20.5,26.4,14.5,2.0,9.9,23.0,1,24.349999999999998,5.053612569241966,29.8,22.541666666666668,4.556605262160769,29.8,11.829166666666666,11.425580726052248,29.8,8.456249999999999,8.986607204198528,29.8
2026-06-06 11:00:00+00:00,45.5,12.35,89.96566,0.0,4.5322843,1.2246467991473532e-16,-1.0,-0.9749279121818236,-0.2225209339563146,0.258819045102521,-0.9659258262890682,11.65,12.2,13.0,14.4,12.8,93.89721,97.40019,99.34846,92.503586,93.95038,4.846648,2.97953,5.0816135,6.090812,4.3832865,32.8,29.8,27.7,16.2,22.0,2.2,6.6,25.0,1,25.416666666666668,6.132998179248631,32.8,24.066666666666666,4.6811679454312465,32.8,13.112499999999999,11.989390690541164,32.8,8.933333333333334,9.648378396070427,32.8
2026-06-06 12:00:00+00:00,33.9,13.75,86.575905,0.0,5.6920996,1.2246467991473532e-16,-1.0,-0.9749279121818236,-0.2225209339563146,1.2246467991473532e-16,-1.0,12.35,11.95,12.55,14.9,14.4,89.96566,95.16513,99.67261,89.86018,88.65334,4.5322843,4.1085763,2.0364676,7.7900705,4.1046314,45.5,32.8,29.8,25.5,22.5,1.1,7.0,24.3,1,30.3,8.52502199410654,45.5,26.025000000000002,7.6879037218453306,45.5,14.916666666666666,13.445369872729163,45.5,9.74375,10.98881261372557,45.5
2026-06-06 13:00:00+00:00,18.6,15.6,77.34764,0.0,4.669604,1.2246467991473532e-16,-1.0,-0.9749279121818236,-0.2225209339563146,-0.2588190451025208,-0.9659258262890683,13.75,11.65,12.25,14.5,16.7,86.575905,93.89721,99.67184,91.30996,74.279434,5.6920996,4.846648,1.4058449,4.3498964,6.698806,33.9,45.5,32.8,20.5,23.5,0.9,4.4,28.7,1,31.7,8.264865395153162,45.5,26.974999999999998,7.91375385010171,45.5,16.28333333333333,13.64540587338008,45.5,10.304166666666665,11.519049132102923,45.5
2026-06-06 14:00:00+00:00,17.7,17.45,69.67797,0.0,4.755544,1.2246467991473532e-16,-1.0,-0.9749279121818236,-0.2225209339563146,-0.4999999999999997,-0.8660254037844388,15.6,12.35,12.2,14.0,18.05,77.34764,89.96566,97.40019,94.312546,64.69946,4.669604,4.5322843,2.97953,1.7076298,7.989243,18.6,33.9,45.5,27.7,23.2,0.1,8.1,33.6,1,31.383333333333336,8.798958271674374,45.5,26.566666666666666,8.229474006535415,45.5,17.020833333333332,13.250429990288483,45.5,10.6,11.54650172682875,45.5
2026-06-06 15:00:00+00:00,11.6,19.2,60.607853,0.0,5.6233797,1.2246467991473532e-16,-1.0,-0.9749279121818236,-0.2225209339563146,-0.7071067811865471,-0.7071067811865479,17.45,13.75,11.95,13.7,19.5,69.67797,86.575905,95.16513,95.853615,55.47857,4.755544,5.6920996,4.1085763,1.9881649,8.777653,17.7,18.6,33.9,29.8,18.7,0.0,4.6,36.9,1,29.71666666666667,10.431762395044611,45.5,26.108333333333334,8.57972857520808,45.5,17.754166666666666,12.750856038327194,45.5,10.799999999999999,11.58535392346365,45.5
2026-06-06 16:00:00+00:00,14.8,20.45,54.079914,0.0,6.489992,1.2246467991473532e-16,-1.0,-0.9749279121818236,-0.2225209339563146,-0.8660254037844384,-0.5000000000000004,19.2,15.6,11.65,13.45,20.1,60.607853,77.34764,93.89721,96.790634,53.631104,5.6233797,4.669604,4.846648,4.143911,7.4672885,11.6,17.7,18.6,32.8,26.4,0.0,0.8,39.2,1,26.683333333333334,12.783648409850253,45.5,25.51666666666667,9.347516280063932,45.5,18.2375,12.258974086446797,45.5,10.945833333333333,11.54965152524567,45.5
2026-06-06 17:00:00+00:00,18.3,21.1,50.257755,0.0,7.729527,1.2246467991473532e-16,-1.0,-0.9749279121818236,-0.2225209339563146,-0.9659258262890683,-0.25881904510252063,20.45,17.45,12.35,13.0,20.3,54.079914,69.67797,89.96566,99.34846,53.68284,6.489992,4.755544,4.5322843,5.0816135,6.341009,14.8,11.6,17.7,45.5,16.2,0.0,5.9,43.1,1,23.683333333333334,13.167447234246543,45.5,24.549999999999997,9.834956209173646,45.5,18.854166666666668,11.659255668936304,45.5,11.237499999999999,11.464443180844336,45.5
2026-06-06 18:00:00+00:00,26.1,21.6,46.824215,0.0,8.797931,1.2246467991473532e-16,-1.0,-0.9749279121818236,-0.2225209339563146,-1.0,-1.8369701987210297e-16,21.1,19.2,13.75,12.55,20.55,50.257755,60.607853,86.575905,99.67261,54.828373,7.729527,5.6233797,5.6920996,2.0364676,7.3469996,18.3,14.8,11.6,33.9,25.5,0.7,15.3,46.9,1,19.150000000000002,7.702142559054611,33.9,24.724999999999998,9.690494405249995,45.5,19.616666666666664,10.949396118613981,45.5,11.495833333333335,11.481306885604013,45.5
2026-06-06 19:00:00+00:00,13.1,20.75,48.837418,0.0,10.404249,1.2246467991473532e-16,-1.0,-0.9749279121818236,-0.2225209339563146,-0.9659258262890684,0.2588190451025203,21.6,20.45,15.6,12.25,19.35,46.824215,54.079914,77.34764,99.67184,59.84618,8.797931,6.489992,4.669604,1.4058449,10.99769,26.1,18.3,14.8,18.6,20.5,0.9,4.4,47.1,1,17.849999999999998,4.841797186995788,26.1,24.775000000000002,9.696402800664115,45.5,20.675,10.246452196184574,45.5,11.720833333333331,11.661848295778785,45.5
2026-06-06 20:00:00+00:00,16.7,19.3,55.98587,0.0,9.187056,1.2246467991473532e-16,-1.0,-0.9749279121818236,-0.2225209339563146,-0.8660254037844386,0.5000000000000001,20.75,21.1,17.45,12.2,16.8,48.837418,50.257755,69.67797,97.40019,74.541214,10.404249,7.729527,4.755544,2.97953,11.753877,13.1,26.1,18.3,17.7,27.7,0.8,2.6,46.2,1,16.933333333333334,5.180218785598442,26.1,24.15833333333333,10.21446908986847,45.5,21.183333333333334,9.498039462077866,45.5,11.902083333333332,11.613152660510055,45.5
2026-06-06 21:00:00+00:00,17.4,17.65,64.611855,0.0,6.552099,1.2246467991473532e-16,-1.0,-0.9749279121818236,-0.2225209339563146,-0.7071067811865477,0.7071067811865474,19.3,21.6,19.2,11.95,15.6,55.98587,46.824215,60.607853,95.16513,84.79662,9.187056,8.797931,5.6233797,4.1085763,7.889258,16.7,13.1,26.1,11.6,29.8,4.7,3.4,41.7,1,16.766666666666666,5.166688171998287,26.1,23.241666666666664,10.360278895274897,45.5,21.84583333333333,8.518469916020416,45.5,12.195833333333333,11.551014661765077,45.5
2026-06-06 22:00:00+00:00,23.9,16.35,71.09552,0.0,4.942631,1.2246467991473532e-16,-1.0,-0.9749279121818236,-0.2225209339563146,-0.5000000000000004,0.8660254037844384,17.65,20.75,20.45,11.65,14.95,64.611855,48.837418,54.079914,93.89721,89.27976,6.552099,10.404249,6.489992,4.846648,7.4128532,17.4,16.7,13.1,14.8,32.8,14.5,8.9,23.5,1,17.733333333333334,4.5071794580055276,26.1,22.208333333333332,10.264631094937176,45.5,22.375,7.768512251949892,45.5,12.487499999999999,11.500834844812758,45.5
2026-06-06 23:00:00+00:00,27.1,15.45,76.055626,0.0,4.896529,1.2246467991473532e-16,-1.0,-0.9749279121818236,-0.2225209339563146,-0.25881904510252157,0.9659258262890681,16.35,19.3,21.1,12.35,14.4,71.09552,55.98587,50.257755,89.96566,92.503586,4.942631,9.187056,7.729527,4.5322843,6.090812,23.9,17.4,16.7,18.3,45.5,22.0,8.8,11.4,1,19.25,4.841384099614522,26.1,21.466666666666665,9.73777399738986,45.5,22.766666666666666,7.589103554018953,45.5,12.799999999999999,11.60460290189363,45.5
2026-06-07 00:00:00+00:00,40.8,14.9,82.52026,0.0,4.3498964,1.2246467991473532e-16,-1.0,-0.7818314824680299,0.6234898018587334,0.0,1.0,15.45,17.65,21.6,13.75,14.9,76.055626,64.611855,46.824215,86.575905,89.86018,4.896529,6.552099,8.797931,5.6920996,7.7900705,27.1,23.9,17.4,26.1,33.9,22.5,3.9,6.1,1,20.716666666666665,5.744707709419773,27.1,19.933333333333334,6.529559825528149,33.9,22.979166666666668,7.637947548499079,45.5,13.181249999999999,11.769825397754072,45.5
2026-06-07 01:00:00+00:00,44.3,14.0,84.621284,0.0,4.510787,1.2246467991473532e-16,-1.0,-0.7818314824680299,0.6234898018587334,0.25881904510252074,0.9659258262890683,14.9,16.35,20.75,15.6,14.5,82.52026,71.09552,48.837418,77.34764,91.30996,4.3498964,4.942631,10.404249,4.669604,4.3498964,40.8,27.1,23.9,13.1,18.6,23.5,3.2,3.5,1,23.166666666666668,10.033477296863083,40.8,20.508333333333333,8.007775577335403,40.8,23.741666666666664,8.457511025923823,45.5,13.949999999999998,12.341885093435858,45.5
2026-06-07 02:00:00+00:00,45.1,13.6,85.422424,0.0,4.3536186,1.2246467991473532e-16,-1.0,-0.7818314824680299,0.6234898018587334,0.49999999999999994,0.8660254037844387,14.0,15.45,19.3,17.45,14.0,84.621284,76.055626,55.98587,69.67797,94.312546,4.510787,4.896529,9.187056,4.755544,1.7076298,44.3,40.8,27.1,16.7,17.7,23.2,0.8,6.4,1,28.366666666666664,11.716597913501463,44.3,22.650000000000002,10.499913419556442,44.3,24.60833333333333,9.440289083021469,45.5,14.80625,12.988954493329592,45.5
2026-06-07 03:00:00+00:00,47.1,13.15,86.804825,0.0,3.7064266,1.2246467991473532e-16,-1.0,-0.7818314824680299,0.6234898018587334,0.7071067811865475,0.7071067811865476,13.6,14.9,17.65,19.2,13.7,85.422424,82.52026,64.611855,60.607853,95.853615,4.3536186,4.3498964,6.552099,5.6233797,1.9881649,45.1,44.3,40.8,17.4,11.6,18.7,2.8,7.3,1,33.1,11.797118292193229,45.1,24.933333333333334,12.171750701994961,45.1,25.520833333333332,10.316048247719431,45.5,15.729166666666666,13.534950161952004,45.5
2026-06-07 04:00:00+00:00,44.1,12.7,88.805016,0.0,3.096837,1.2246467991473532e-16,-1.0,-0.7818314824680299,0.6234898018587334,0.8660254037844386,0.5000000000000001,13.15,14.0,16.35,20.45,13.45,86.804825,84.621284,71.09552,54.079914,96.790634,3.7064266,4.510787,4.942631,6.489992,4.143911,47.1,45.1,44.3,23.9,14.8,26.4,3.6,5.8,1,38.050000000000004,9.983536447572071,47.1,27.891666666666666,12.927170704537094,47.1,26.704166666666666,11.098784859718588,47.1,16.652083333333334,14.13178083646675,47.1
2026-06-07 05:00:00+00:00,45.8,12.3,89.66309,0.0,3.4388947,1.2246467991473532e-16,-1.0,-0.7818314824680299,0.6234898018587334,0.9659258262890683,0.25881904510252074,12.7,13.6,15.45,21.1,13.0,88.805016,85.422424,76.055626,50.257755,99.34846,3.096837,4.3536186,4.896529,7.729527,5.0816135,44.1,47.1,45.1,27.1,18.3,16.2,4.1,4.8,1,41.416666666666664,7.303811790200137,47.1,30.333333333333332,12.996526342438452,47.1,27.441666666666666,11.65197936783298,47.1,17.495833333333334,14.53908830197004,47.1
2026-06-07 06:00:00+00:00,45.6,11.8,90.829384,0.0,4.1085763,1.2246467991473532e-16,-1.0,-0.7818314824680299,0.6234898018587334,1.0,6.123233995736766e-17,12.3,13.15,14.9,21.6,12.55,89.66309,86.804825,82.52026,46.824215,99.67261,3.4388947,3.7064266,4.3498964,8.797931,2.0364676,45.8,44.1,47.1,40.8,26.1,25.5,3.9,2.0,1,44.53333333333333,2.1304146701209246,47.1,32.625,13.105871342126141,47.1,28.674999999999997,11.972477495961476,47.1,18.364583333333332,14.961332993055057,47.1
2026-06-07 07:00:00+00:00,50.1,11.05,92.312,0.0,4.4456716,1.2246467991473532e-16,-1.0,-0.7818314824680299,0.6234898018587334,0.9659258262890683,-0.25881904510252063,11.8,12.7,14.0,20.75,12.25,90.829384,88.805016,84.621284,48.837418,99.67184,4.1085763,3.096837,4.510787,10.404249,1.4058449,45.6,45.8,44.1,44.3,13.1,20.5,3.7,0.3,1,45.333333333333336,1.100302988574701,47.1,34.25,13.428226715664,47.1,29.5125,12.434814818292107,47.1,19.23333333333333,15.310173690710245,47.1
2026-06-07 08:00:00+00:00,54.3,10.65,94.16558,0.0,4.39436,1.2246467991473532e-16,-1.0,-0.7818314824680299,0.6234898018587334,0.8660254037844387,-0.4999999999999998,11.05,12.3,13.6,19.3,12.2,92.312,89.66309,85.422424,55.98587,97.40019,4.4456716,3.4388947,4.3536186,9.187056,2.97953,50.1,45.6,45.8,45.1,16.7,27.7,2.5,0.0,1,46.300000000000004,2.1023796041627993,50.1,37.333333333333336,12.33364454971796,50.1,30.745833333333334,12.958931087382778,50.1,20.2,15.766568455154207,50.1
2026-06-07 09:00:00+00:00,54.0,10.35,94.78665,0.0,3.8939953,1.2246467991473532e-16,-1.0,-0.7818314824680299,0.6234898018587334,0.7071067811865476,-0.7071067811865475,10.65,11.8,13.15,17.65,11.95,94.16558,90.829384,86.804825,64.611855,95.16513,4.39436,4.1085763,3.7064266,6.552099,4.1085763,54.3,50.1,45.6,47.1,17.4,29.8,2.8,0.0,1,47.833333333333336,3.756416732295067,54.3,40.46666666666666,11.352319213057356,54.3,31.854166666666668,13.797478634397889,54.3,21.279166666666665,16.293256121336242,54.3
2026-06-07 10:00:00+00:00,52.3,10.2,95.09966,0.0,3.244996,1.2246467991473532e-16,-1.0,-0.7818314824680299,0.6234898018587334,0.49999999999999994,-0.8660254037844387,10.35,11.05,12.7,16.35,11.65,94.78665,92.312,88.805016,71.09552,93.89721,3.8939953,4.4456716,3.096837,4.942631,4.846648,54.0,54.3,50.1,44.1,23.9,32.8,2.0,0.1,1,48.98333333333333,4.4745577062617405,54.3,43.51666666666667,9.327752660580648,54.3,32.8625,14.50687430751065,54.3,22.34583333333333,16.727896922835004,54.3
2026-06-07 11:00:00+00:00,50.8,11.85,89.329506,0.0,4.2671766,1.2246467991473532e-16,-1.0,-0.7818314824680299,0.6234898018587334,0.258819045102521,-0.9659258262890682,10.2,10.65,12.3,15.45,12.35,95.09966,94.16558,89.66309,76.055626,89.96566,3.244996,4.39436,3.4388947,4.896529,4.5322843,52.3,54.0,54.3,45.8,27.1,45.5,2.2,0.9,1,50.35,3.9001282030209774,54.3,45.88333333333333,7.275092418448672,54.3,33.675000000000004,15.039520401696425,54.3,23.39375,16.999529483476135,54.3
2026-06-07 12:00:00+00:00,48.8,14.35,79.49918,0.0,2.19718,1.2246467991473532e-16,-1.0,-0.7818314824680299,0.6234898018587334,1.2246467991473532e-16,-1.0,11.85,10.35,11.8,14.9,13.75,89.329506,94.78665,90.829384,82.52026,86.575905,4.2671766,3.8939953,4.1085763,4.3498964,5.6920996,50.8,52.3,54.0,45.6,40.8,33.9,1.1,5.0,1,51.18333333333333,3.2058800143901647,54.3,47.85833333333333,4.335363743433581,54.3,33.895833333333336,15.258026516833862,54.3,24.40625,17.156952641310465,54.3
2026-06-07 13:00:00+00:00,46.7,16.95,68.664276,0.0,2.5959969,1.2246467991473532e-16,-1.0,-0.7818314824680299,0.6234898018587334,-0.2588190451025208,-0.9659258262890683,14.35,10.2,11.05,14.0,15.6,79.49918,95.09966,92.312,84.621284,77.34764,2.19718,3.244996,4.4456716,4.510787,4.669604,48.8,50.8,52.3,50.1,44.3,18.6,0.9,2.4,1,51.71666666666667,2.199469633040264,54.3,48.525000000000006,3.723176796036565,54.3,34.516666666666666,15.558380005829545,54.3,25.400000000000002,17.159725237099977,54.3
2026-06-07 14:00:00+00:00,31.2,18.8,57.37464,0.0,2.6758924,1.2246467991473532e-16,-1.0,-0.7818314824680299,0.6234898018587334,-0.4999999999999997,-0.8660254037844388,16.95,11.85,10.65,13.6,17.45,68.664276,89.329506,94.16558,85.422424,69.67797,2.5959969,4.2671766,4.39436,4.3536186,4.755544,46.7,48.8,50.8,54.3,45.1,17.7,0.1,1.6,1,51.15,2.9938269823087005,54.3,48.724999999999994,3.5353089102522195,54.3,35.6875,15.364620922331795,54.3,26.354166666666668,17.041363424793406,54.3
2026-06-07 15:00:00+00:00,24.8,19.9,51.642548,0.0,2.1749482,1.2246467991473532e-16,-1.0,-0.7818314824680299,0.6234898018587334,-0.7071067811865471,-0.7071067811865479,18.8,14.35,10.35,13.15,19.2,57.37464,79.49918,94.78665,86.804825,60.607853,2.6758924,2.19718,3.8939953,3.7064266,5.6233797,31.2,46.7,48.8,54.0,47.1,11.6,0.0,0.0,1,47.29999999999999,8.2940942844894,54.0,47.56666666666666,6.144965912078415,54.3,36.24999999999999,14.918095227521196,54.3,27.00208333333333,16.60763077090453,54.3
2026-06-07 16:00:00+00:00,22.4,20.7,45.18006,0.0,1.9386592,1.2246467991473532e-16,-1.0,-0.7818314824680299,0.6234898018587334,-0.8660254037844384,-0.5000000000000004,19.9,16.95,10.2,12.7,20.45,51.642548,68.664276,95.09966,88.805016,54.079914,2.1749482,2.5959969,3.244996,3.096837,6.489992,24.8,31.2,46.7,52.3,44.1,14.8,0.0,1.3,1,42.43333333333333,11.517059809980434,52.3,45.708333333333336,9.005196311356029,54.3,36.800000000000004,14.195620880183876,54.3,27.51875,16.128574566687274,54.3
2026-06-07 17:00:00+00:00,20.5,21.15,39.404892,0.0,2.3400002,1.2246467991473532e-16,-1.0,-0.7818314824680299,0.6234898018587334,-0.9659258262890683,-0.25881904510252063,20.7,18.8,11.85,12.3,21.1,45.18006,57.37464,89.329506,89.66309,50.257755,1.9386592,2.6758924,4.2671766,3.4388947,7.729527,22.4,24.8,31.2,50.8,45.8,18.3,0.0,1.1,1,37.449999999999996,12.792146027934486,50.8,43.9,11.25522101071319,54.3,37.11666666666667,13.761656455739494,54.3,27.985416666666666,15.631814117006781,54.3
2026-06-07 18:00:00+00:00,12.4,21.75,33.539642,0.0,3.2048087,1.2246467991473532e-16,-1.0,-0.7818314824680299,0.6234898018587334,-1.0,-1.8369701987210297e-16,21.15,19.9,14.35,11.8,21.6,39.404892,51.642548,79.49918,90.829384,46.824215,2.3400002,2.1749482,2.19718,4.1085763,8.797931,20.5,22.4,24.8,48.8,45.6,26.1,0.7,1.9,1,32.4,12.443954355428993,48.8,41.791666666666664,13.087430356389024,54.3,37.208333333333336,13.63763707273132,54.3,28.412499999999998,15.122698523686106,54.3
2026-06-07 19:00:00+00:00,11.5,21.5,36.628036,0.0,3.710795,1.2246467991473532e-16,-1.0,-0.7818314824680299,0.6234898018587334,-0.9659258262890684,0.2588190451025203,21.75,20.7,16.95,11.05,20.75,33.539642,45.18006,68.664276,92.312,48.837418,3.2048087,1.9386592,2.5959969,4.4456716,10.404249,12.4,20.5,22.4,46.7,50.1,13.1,0.9,1.7,1,26.333333333333332,11.700199428499802,46.7,39.025,15.496634531993758,54.3,36.637499999999996,14.388848716673053,54.3,28.65625,14.756374839514457,54.3
2026-06-07 20:00:00+00:00,8.0,20.5,52.496952,0.0,0.40249225,1.2246467991473532e-16,-1.0,-0.7818314824680299,0.6234898018587334,-0.8660254037844386,0.5000000000000001,21.5,21.15,18.8,10.65,19.3,36.628036,39.404892,57.37464,94.16558,55.98587,3.710795,2.3400002,2.6758924,4.39436,9.187056,11.5,12.4,20.5,31.2,54.3,16.7,0.8,3.8,1,20.466666666666665,7.525866506035516,31.2,35.80833333333333,16.928752213767886,54.3,36.57083333333333,14.505875246487754,54.3,28.87708333333333,14.407345047303362,54.3
2026-06-07 21:00:00+00:00,27.9,18.35,57.071384,0.0,4.471107,1.2246467991473532e-16,-1.0,-0.7818314824680299,0.6234898018587334,-0.7071067811865477,0.7071067811865474,20.5,21.75,19.9,10.35,17.65,52.496952,33.539642,51.642548,94.78665,64.611855,0.40249225,3.2048087,2.1749482,3.8939953,6.552099,8.0,11.5,12.4,24.8,54.0,17.4,4.7,9.3,1,16.599999999999998,6.836665854054933,24.8,31.95,17.594239759855277,54.0,36.208333333333336,15.119751454900657,54.3,29.027083333333334,14.143876798336617,54.3
2026-06-07 22:00:00+00:00,35.4,16.4,78.751236,0.0,4.6102495,1.2246467991473532e-16,-1.0,-0.7818314824680299,0.6234898018587334,-0.5000000000000004,0.8660254037844384,18.35,21.5,20.7,10.2,16.35,57.071384,36.628036,45.18006,95.09966,71.09552,4.471107,3.710795,1.9386592,3.244996,4.942631,27.9,8.0,11.5,22.4,52.3,23.9,14.5,33.3,1,17.116666666666664,7.649161174054795,27.9,29.775000000000002,16.176758018836765,52.3,36.64583333333333,14.697884472638027,54.3,29.51041666666666,13.683788196152523,54.3
2026-06-07 23:00:00+00:00,35.3,15.35,84.49243,0.0,2.7475805,1.2246467991473532e-16,-1.0,-0.7818314824680299,0.6234898018587334,-0.25881904510252157,0.9659258262890681,16.4,20.5,21.15,11.85,15.45,78.751236,52.496952,39.404892,89.329506,76.055626,4.6102495,0.40249225,2.3400002,4.2671766,4.896529,35.4,27.9,8.0,20.5,50.8,27.1,22.0,38.8,1,19.28333333333333,10.68408473696588,35.4,28.366666666666664,14.706296322159128,50.8,37.125,14.44965021390993,54.3,29.94583333333333,13.527622777642211,54.3
2026-06-08 00:00:00+00:00,24.8,14.55,91.31319,0.0,2.0523157,1.2246467991473532e-16,-1.0,0.0,1.0,0.0,1.0,15.35,18.35,21.75,14.35,14.9,84.49243,57.071384,33.539642,79.49918,82.52026,2.7475805,4.471107,3.2048087,2.19718,4.3498964,35.3,35.4,27.9,12.4,48.8,40.8,22.5,41.8,1,21.75,12.564195159261118,35.4,27.075000000000003,13.155788563490686,48.8,37.46666666666666,14.298454360575086,54.3,30.222916666666663,13.497584332072849,54.3
2026-06-08 01:00:00+00:00,25.2,14.1,93.09324,0.0,1.3708391,1.2246467991473532e-16,-1.0,0.0,1.0,0.25881904510252074,0.9659258262890683,14.55,16.4,21.5,16.95,14.0,91.31319,78.751236,36.628036,68.664276,84.621284,2.0523157,4.6102495,3.710795,2.5959969,4.510787,24.8,35.3,35.4,11.5,46.7,44.3,23.5,43.5,1,23.816666666666666,11.709383701402356,35.4,25.075000000000003,11.237204844945754,46.7,36.8,14.507749053822758,54.3,30.27083333333333,13.473645802293964,54.3
2026-06-08 02:00:00+00:00,26.3,13.7,95.229324,0.0,2.4149535,1.2246467991473532e-16,-1.0,0.0,1.0,0.49999999999999994,0.8660254037844387,14.1,15.35,20.5,18.8,13.6,93.09324,84.49243,52.496952,57.37464,85.422424,1.3708391,2.7475805,0.40249225,2.6758924,4.3536186,25.2,24.8,35.3,8.0,31.2,45.1,23.2,41.3,1,26.099999999999998,10.044700095075035,35.4,23.28333333333333,8.958879123613329,35.4,36.00416666666667,14.602009366393087,54.3,30.306249999999995,13.457694251782812,54.3
2026-06-08 03:00:00+00:00,27.6,13.3,96.786934,0.0,1.9469976,1.2246467991473532e-16,-1.0,0.0,1.0,0.7071067811865475,0.7071067811865476,13.7,14.55,18.35,19.9,13.15,95.229324,91.31319,57.071384,51.642548,86.804825,2.4149535,2.0523157,4.471107,2.1749482,3.7064266,26.3,25.2,24.8,27.9,24.8,47.1,18.7,38.1,1,29.150000000000002,4.921280321217268,35.4,22.875,8.672330608424575,35.4,35.22083333333333,14.597110469472053,54.3,30.370833333333334,13.43027634470101,54.3
2026-06-08 04:00:00+00:00,26.7,13.05,96.4639,0.0,1.659518,1.2246467991473532e-16,-1.0,0.0,1.0,0.8660254037844386,0.5000000000000001,13.3,14.1,16.4,20.7,12.7,96.786934,93.09324,78.751236,45.18006,88.805016,1.9469976,1.3708391,4.6102495,1.9386592,3.096837,27.6,26.3,25.2,35.4,22.4,44.1,26.4,37.0,1,29.099999999999998,4.938015795843544,35.4,23.108333333333334,8.765994040332853,35.4,34.40833333333333,14.449098562725704,54.3,30.556250000000002,13.326759294662464,54.3
2026-06-08 05:00:00+00:00,16.1,12.75,96.1391,0.0,1.26,1.2246467991473532e-16,-1.0,0.0,1.0,0.9659258262890683,0.25881904510252074,13.05,13.7,15.35,21.15,12.3,96.4639,95.229324,84.49243,39.404892,89.66309,1.659518,2.4149535,2.7475805,2.3400002,3.4388947,26.7,27.6,26.3,35.3,20.5,45.8,16.2,34.0,1,27.649999999999995,3.8826537316634857,35.3,23.466666666666665,8.82211408732037,35.4,33.68333333333333,14.37802268157495,54.3,30.5625,13.324838827814546,54.3
2026-06-08 06:00:00+00:00,11.1,12.3,96.44346,0.0,1.8,1.2246467991473532e-16,-1.0,0.0,1.0,1.0,6.123233995736766e-17,12.75,13.3,14.55,21.75,11.8,96.1391,96.786934,91.31319,33.539642,90.829384,1.26,1.9469976,2.0523157,3.2048087,4.1085763,16.1,26.7,27.6,24.8,12.4,45.6,25.5,29.3,1,24.45,4.214617420359824,27.6,23.099999999999998,9.045239832993,35.4,32.44583333333333,14.566697550791384,54.3,30.560416666666665,13.327139795989385,54.3
2026-06-08 07:00:00+00:00,10.6,11.95,94.85026,0.0,1.8,1.2246467991473532e-16,-1.0,0.0,1.0,0.9659258262890683,-0.25881904510252063,12.3,13.05,14.1,21.5,11.05,96.44346,96.4639,93.09324,36.628036,92.312,1.8,1.659518,1.3708391,3.710795,4.4456716,11.1,16.1,26.7,25.2,11.5,50.1,20.5,33.6,1,22.166666666666668,6.86488650063985,27.6,22.99166666666667,9.191642284096323,35.4,31.00833333333333,14.910396625718304,54.3,30.26041666666666,13.602702165587315,54.3
2026-06-08 08:00:00+00:00,13.9,11.65,93.89721,0.0,1.2979984,1.2246467991473532e-16,-1.0,0.0,1.0,0.8660254037844387,-0.4999999999999998,11.95,12.75,13.7,20.5,10.65,94.85026,96.1391,95.229324,52.496952,94.16558,1.8,1.26,2.4149535,0.40249225,4.39436,10.6,11.1,16.1,26.3,8.0,54.3,27.7,31.5,1,19.733333333333334,8.058453118723675,27.6,22.916666666666668,9.29700179758195,35.4,29.362499999999997,14.891427720847235,54.3,30.054166666666664,13.827046550585443,54.3
2026-06-08 09:00:00+00:00,21.3,11.25,94.82256,0.0,1.3104197,1.2246467991473532e-16,-1.0,0.0,1.0,0.7071067811865476,-0.7071067811865475,11.65,12.3,13.3,18.35,10.35,93.89721,96.44346,96.786934,57.071384,94.78665,1.2979984,1.8,1.9469976,4.471107,3.8939953,13.9,10.6,11.1,27.6,27.9,54.0,29.8,14.3,1,17.666666666666668,7.615422947326525,27.6,23.408333333333335,8.563501655634813,35.4,27.679166666666664,14.2181139569478,54.0,29.766666666666666,14.019171270819378,54.3
2026-06-08 10:00:00+00:00,28.8,10.45,100.0,0.0,1.835647,1.2246467991473532e-16,-1.0,0.0,1.0,0.49999999999999994,-0.8660254037844387,11.25,11.95,13.05,16.4,10.2,94.82256,94.85026,96.4639,78.751236,95.09966,1.3104197,1.8,1.659518,4.6102495,3.244996,21.3,13.9,10.6,26.7,35.4,52.3,32.8,18.0,1,16.616666666666664,6.2910783389389975,26.7,22.858333333333334,8.46011587426911,35.4,26.316666666666666,13.109759612649258,52.3,29.589583333333334,14.072324424781858,54.3
2026-06-08 11:00:00+00:00,34.5,11.6,95.46876,0.0,3.219938,1.2246467991473532e-16,-1.0,0.0,1.0,0.258819045102521,-0.9659258262890682,10.45,11.65,12.75,15.35,11.85,100.0,93.89721,96.1391,84.49243,89.329506,1.835647,1.2979984,1.26,2.7475805,4.2671766,28.8,21.3,13.9,16.1,35.3,50.8,45.5,29.4,1,16.96666666666667,6.984458938720124,28.8,22.308333333333334,7.755872652774812,35.3,25.337499999999995,11.907133868254029,50.8,29.506249999999998,14.064750056397594,54.3
2026-06-08 12:00:00+00:00,40.0,13.15,93.96641,0.0,2.0991426,1.2246467991473532e-16,-1.0,0.0,1.0,1.2246467991473532e-16,-1.0,11.6,11.25,12.3,14.55,14.35,95.46876,94.82256,96.44346,91.31319,79.49918,3.219938,1.3104197,1.8,2.0523157,2.19718,34.5,28.8,21.3,11.1,24.8,48.8,33.9,29.5,1,20.033333333333335,9.941361409116325,34.5,22.241666666666664,7.636569712226595,34.5,24.65833333333333,10.805550774311893,48.8,29.277083333333334,13.887101616682177,54.3
2026-06-08 13:00:00+00:00,40.4,15.65,81.003395,0.0,2.8174455,1.2246467991473532e-16,-1.0,0.0,1.0,-0.2588190451025208,-0.9659258262890683,13.15,10.45,11.95,14.1,16.95,93.96641,100.0,94.85026,93.09324,68.664276,2.0991426,1.835647,1.8,1.3708391,2.5959969,40.0,34.5,28.8,10.6,25.2,46.7,18.6,30.7,1,24.850000000000005,11.608746702379223,40.0,23.508333333333336,9.200045289743574,40.0,24.291666666666668,10.075364559880365,46.7,29.40416666666667,13.958036781014076,54.3
2026-06-08 14:00:00+00:00,36.0,18.55,63.11844,0.0,2.968636,1.2246467991473532e-16,-1.0,0.0,1.0,-0.4999999999999997,-0.8660254037844388,15.65,11.6,11.65,13.7,18.8,81.003395,95.46876,93.89721,95.229324,57.37464,2.8174455,3.219938,1.2979984,2.4149535,2.6758924,40.4,40.0,34.5,13.9,26.3,31.2,17.7,27.0,1,29.816666666666666,10.625896040648383,40.4,24.775000000000002,10.419660175927898,40.4,24.029166666666665,9.533669359133233,40.4,29.85833333333333,13.95367462215573,54.3
2026-06-08 15:00:00+00:00,30.1,20.75,48.510624,0.0,4.2481523,1.2246467991473532e-16,-1.0,0.0,1.0,-0.7071067811865471,-0.7071067811865479,18.55,13.15,11.25,13.3,19.9,63.11844,93.96641,94.82256,96.786934,51.642548,2.968636,2.0991426,1.3104197,1.9469976,2.1749482,36.0,40.4,40.0,21.3,27.6,24.8,11.6,26.5,1,33.5,7.3217484250689875,40.4,25.583333333333332,10.913280761058822,40.4,24.229166666666668,9.738783031135704,40.4,30.23958333333333,13.86412390804369,54.3
2026-06-08 16:00:00+00:00,23.5,21.95,40.86583,0.0,6.9480934,1.2246467991473532e-16,-1.0,0.0,1.0,-0.8660254037844384,-0.5000000000000004,20.75,15.65,10.45,13.05,20.7,48.510624,81.003395,100.0,96.4639,45.18006,4.2481523,2.8174455,1.835647,1.659518,1.9386592,30.1,36.0,40.4,28.8,26.7,22.4,14.8,27.4,1,34.96666666666667,4.854963096323886,40.4,25.791666666666668,10.97894334486232,40.4,24.45,9.812104326002059,40.4,30.625,13.589349709677608,54.3
2026-06-08 17:00:00+00:00,5.7,22.5,39.78954,0.0,7.386582,1.2246467991473532e-16,-1.0,0.0,1.0,-0.9659258262890683,-0.25881904510252063,21.95,18.55,11.6,12.75,21.15,40.86583,63.11844,95.46876,96.1391,39.404892,6.9480934,2.968636,3.219938,1.26,2.3400002,23.5,30.1,36.0,34.5,16.1,20.5,18.3,22.7,1,34.083333333333336,6.428504232453055,40.4,25.525000000000002,10.993727550496468,40.4,24.495833333333334,9.80467852683061,40.4,30.806250000000002,13.430885432861016,54.3
2026-06-08 18:00:00+00:00,4.5,23.05,37.19775,0.0,8.244708,1.2246467991473532e-16,-1.0,0.0,1.0,-1.0,-1.8369701987210297e-16,22.5,20.75,13.15,12.3,21.75,39.78954,48.510624,93.96641,96.44346,33.539642,7.386582,4.2481523,2.0991426,1.8,3.2048087,5.7,23.5,30.1,40.0,11.1,12.4,26.1,24.0,1,29.283333333333335,13.219896620876696,40.4,24.658333333333335,12.153073560614063,40.4,23.879166666666666,10.507180946822793,40.4,30.543750000000003,13.798610880593834,54.3
2026-06-08 19:00:00+00:00,3.6,22.3,39.597824,0.0,8.996398,1.2246467991473532e-16,-1.0,0.0,1.0,-0.9659258262890684,0.2588190451025203,23.05,21.95,15.65,11.95,21.5,37.19775,40.86583,81.003395,94.85026,36.628036,8.244708,6.9480934,2.8174455,1.8,3.710795,4.5,5.7,23.5,40.4,10.6,11.5,13.1,21.5,1,23.366666666666664,15.252234808927751,40.4,24.108333333333334,12.945933607496084,40.4,23.55,10.994860459402826,40.4,30.09375,14.290071039681676,54.3
2026-06-08 20:00:00+00:00,4.3,20.65,49.1391,0.0,6.8612823,1.2246467991473532e-16,-1.0,0.0,1.0,-0.8660254037844386,0.5000000000000001,22.3,22.5,18.55,11.65,20.5,39.597824,39.78954,63.11844,93.89721,52.496952,8.996398,7.386582,2.968636,1.2979984,0.40249225,3.6,4.5,5.7,36.0,13.9,8.0,16.7,12.2,1,17.233333333333334,14.40856226924351,36.0,23.525000000000002,13.743105709607786,40.4,23.220833333333335,11.478902354988605,40.4,29.895833333333332,14.593017250804218,54.3
2026-06-08 21:00:00+00:00,17.8,18.6,60.065712,0.0,5.4119864,1.2246467991473532e-16,-1.0,0.0,1.0,-0.7071067811865477,0.7071067811865474,20.65,23.05,20.75,11.25,18.35,49.1391,37.19775,48.510624,94.82256,57.071384,6.8612823,8.244708,4.2481523,1.3104197,4.471107,4.3,3.6,4.5,30.1,21.3,27.9,17.4,3.8,1,11.950000000000001,11.710123825135293,30.1,22.724999999999998,14.606606537640907,40.4,23.066666666666666,11.714638433310224,40.4,29.6375,14.937282002326302,54.3
2026-06-08 22:00:00+00:00,27.3,17.6,66.77904,0.0,4.5891175,1.2246467991473532e-16,-1.0,0.0,1.0,-0.5000000000000004,0.8660254037844384,18.6,22.3,21.95,10.45,16.4,60.065712,39.597824,40.86583,100.0,78.751236,5.4119864,8.996398,6.9480934,1.835647,4.6102495,17.8,4.3,3.6,23.5,28.8,35.4,23.9,7.2,1,9.9,8.54657826267339,23.5,22.433333333333334,14.672443765801443,40.4,22.645833333333332,11.714872716065841,40.4,29.64583333333333,14.930419588143335,54.3
2026-06-08 23:00:00+00:00,33.5,16.5,74.982285,0.0,4.3536186,1.2246467991473532e-16,-1.0,0.0,1.0,-0.25881904510252157,0.9659258262890681,17.6,20.65,22.5,11.6,15.35,66.77904,49.1391,39.78954,95.46876,84.49243,4.5891175,6.8612823,7.386582,3.219938,2.7475805,27.3,17.8,4.3,5.7,34.5,35.3,27.1,8.6,1,10.533333333333333,9.804216779869158,27.3,22.308333333333334,14.619567107963285,40.4,22.308333333333334,11.445026133146508,40.4,29.71666666666667,14.910632124581774,54.3
2026-06-09 00:00:00+00:00,37.2,15.75,77.88267,0.0,3.8856654,1.2246467991473532e-16,-1.0,0.7818314824680298,0.6234898018587336,0.0,1.0,16.5,18.6,23.05,13.15,14.55,74.982285,60.065712,37.19775,93.96641,91.31319,4.3536186,5.4119864,8.244708,2.0991426,2.0523157,33.5,27.3,17.8,4.5,40.0,24.8,40.8,8.6,1,15.166666666666666,13.083679400943291,33.5,22.225000000000005,14.546422553016553,40.4,22.233333333333334,11.361784407721213,40.4,29.849999999999998,14.915349797254779,54.3
2026-06-09 01:00:00+00:00,37.6,14.9,80.10554,0.0,3.6,1.2246467991473532e-16,-1.0,0.7818314824680298,0.6234898018587336,0.25881904510252074,0.9659258262890683,15.75,17.6,22.3,15.65,14.1,77.88267,66.77904,39.597824,81.003395,93.09324,3.8856654,4.5891175,8.996398,2.8174455,1.3708391,37.2,33.5,27.3,3.6,40.4,25.2,44.3,7.0,1,20.616666666666667,14.487155230295132,37.2,21.99166666666667,14.254916748797624,40.4,22.75,11.75858613210311,40.4,29.774999999999995,14.868093783870128,54.3
2026-06-09 02:00:00+00:00,41.7,14.25,83.26206,0.0,2.1674871,1.2246467991473532e-16,-1.0,0.7818314824680298,0.6234898018587336,0.49999999999999994,0.8660254037844387,14.9,16.5,20.65,18.55,13.7,80.10554,74.982285,49.1391,63.11844,95.229324,3.6,4.3536186,6.8612823,2.968636,2.4149535,37.6,37.2,33.5,4.3,36.0,26.3,45.1,6.6,1,26.283333333333335,13.081195154368253,37.6,21.758333333333336,13.945768881527085,37.6,23.266666666666666,12.137246542078191,40.4,29.635416666666668,14.75988654721048,54.3
2026-06-09 03:00:00+00:00,43.6,13.6,86.56126,0.0,2.5071096,1.2246467991473532e-16,-1.0,0.7818314824680298,0.6234898018587336,0.7071067811865475,0.7071067811865476,14.25,15.75,18.6,20.75,13.3,83.26206,77.88267,60.065712,48.510624,96.786934,2.1674871,3.8856654,5.4119864,4.2481523,1.9469976,41.7,37.6,37.2,17.8,30.1,27.6,47.1,6.1,1,32.516666666666666,8.681800888448619,41.7,22.233333333333334,14.558554706821509,41.7,23.90833333333333,12.698679036630654,41.7,29.564583333333335,14.69209498818477,54.3
2026-06-09 04:00:00+00:00,46.4,13.2,88.26013,0.0,1.2074767,1.2246467991473532e-16,-1.0,0.7818314824680298,0.6234898018587336,0.8660254037844386,0.5000000000000001,13.6,14.9,17.6,21.95,13.05,86.56126,80.10554,66.77904,40.86583,96.4639,2.5071096,3.6,4.5891175,6.9480934,1.659518,43.6,41.7,37.6,27.3,23.5,26.7,44.1,4.5,1,36.81666666666667,5.868361497613028,43.6,23.358333333333334,15.698665741412727,43.6,24.575,13.306364936604115,43.6,29.491666666666664,14.611680453450894,54.3
2026-06-09 05:00:00+00:00,49.5,12.9,88.23418,0.0,3.9763298,1.2246467991473532e-16,-1.0,0.7818314824680298,0.6234898018587336,0.9659258262890683,0.25881904510252074,13.2,14.25,16.5,22.5,12.75,88.26013,83.26206,74.982285,39.78954,96.1391,1.2074767,2.1674871,4.3536186,7.386582,1.26,46.4,43.6,41.7,33.5,5.7,16.1,45.8,4.8,1,40.0,4.746788387952452,46.4,25.266666666666666,17.051064127461004,46.4,25.395833333333332,14.031036379542973,46.4,29.539583333333336,14.664281972880293,54.3
2026-06-09 06:00:00+00:00,52.8,12.6,89.09233,0.0,3.8647635,1.2246467991473532e-16,-1.0,0.7818314824680298,0.6234898018587336,1.0,6.123233995736766e-17,12.9,13.6,15.75,23.05,12.3,88.23418,86.56126,77.88267,37.19775,96.44346,3.9763298,2.5071096,3.8856654,8.244708,1.8,49.5,46.4,43.6,37.2,4.5,11.1,45.6,5.5,1,42.666666666666664,4.857845887496516,49.5,28.916666666666668,17.169361365437254,49.5,26.787499999999998,14.70895357316052,49.5,29.61666666666667,14.760979805646206,54.3
2026-06-09 07:00:00+00:00,56.2,12.15,87.581985,0.0,4.3349743,1.2246467991473532e-16,-1.0,0.7818314824680298,0.6234898018587336,0.9659258262890683,-0.25881904510252063,12.6,13.2,14.9,22.3,11.95,89.09233,88.26013,80.10554,39.597824,94.85026,3.8647635,1.2074767,3.6,8.996398,1.8,52.8,49.5,46.4,37.6,3.6,10.6,50.1,7.2,1,45.26666666666667,5.481483983983416,52.8,32.94166666666667,16.576240298217275,52.8,28.525000000000002,15.229012643206934,52.8,29.766666666666666,14.962070247772893,54.3
2026-06-09 08:00:00+00:00,64.6,12.0,86.6934,0.0,4.6102495,1.2246467991473532e-16,-1.0,0.7818314824680298,0.6234898018587336,0.8660254037844387,-0.4999999999999998,12.15,12.9,14.25,20.65,11.65,87.581985,88.23418,83.26206,49.1391,93.89721,4.3349743,3.9763298,2.1674871,6.8612823,1.2979984,56.2,52.8,49.5,41.7,4.3,13.9,54.3,12.0,1,48.36666666666667,5.537749241945378,56.2,37.324999999999996,14.990731985281624,56.2,30.424999999999997,15.731697440131057,56.2,29.89375,15.163006582370837,56.2
2026-06-09 09:00:00+00:00,51.1,11.75,87.54536,0.0,4.293669,1.2246467991473532e-16,-1.0,0.7818314824680298,0.6234898018587336,0.7071067811865476,-0.7071067811865475,12.0,12.6,13.6,18.6,11.25,86.6934,89.09233,86.56126,60.065712,94.82256,4.6102495,3.8647635,2.5071096,5.4119864,1.3104197,64.6,56.2,52.8,43.6,17.8,21.3,54.0,17.3,1,52.18333333333334,7.549944812160315,64.6,42.35,12.870720824625744,64.6,32.5375,16.785003982592677,64.6,30.108333333333334,15.582816959624571,64.6
2026-06-09 10:00:00+00:00,45.7,11.9,86.10428,0.0,4.755544,1.2246467991473532e-16,-1.0,0.7818314824680298,0.6234898018587336,0.49999999999999994,-0.8660254037844387,11.75,12.15,13.2,17.6,10.45,87.54536,87.581985,88.26013,66.77904,100.0,4.293669,4.3349743,1.2074767,4.5891175,1.835647,51.1,64.6,56.2,46.4,27.3,28.8,52.3,9.1,1,53.43333333333333,6.373905134740117,64.6,45.125,10.460586199461483,64.6,33.77916666666667,17.018173895974353,64.6,30.04791666666667,15.493581232147822,64.6
2026-06-09 11:00:00+00:00,45.4,13.35,82.05296,0.0,6.5223618,1.2246467991473532e-16,-1.0,0.7818314824680298,0.6234898018587336,0.258819045102521,-0.9659258262890682,11.9,12.0,12.9,16.5,11.6,86.10428,86.6934,88.23418,74.982285,95.46876,4.755544,4.6102495,3.9763298,4.3536186,3.219938,45.7,51.1,64.6,49.5,33.5,34.5,50.8,14.3,1,53.31666666666666,6.532814605257554,64.6,46.65833333333334,8.83201390946426,64.6,34.483333333333334,17.152301573706136,64.6,29.910416666666663,15.32021664731173,64.6
2026-06-09 12:00:00+00:00,44.4,15.7,71.92419,0.0,3.9477081,1.2246467991473532e-16,-1.0,0.7818314824680298,0.6234898018587336,1.2246467991473532e-16,-1.0,13.35,11.75,12.6,15.75,13.15,82.05296,87.54536,89.09233,77.88267,93.96641,6.5223618,4.293669,3.8647635,3.8856654,2.0991426,45.4,45.7,51.1,52.8,37.2,40.0,48.8,14.3,1,52.63333333333333,7.19295952071652,64.6,47.650000000000006,7.831695508984952,64.6,34.9375,17.29646388842176,64.6,29.797916666666666,15.182765839796758,64.6
2026-06-09 13:00:00+00:00,43.1,18.2,62.83067,0.0,4.991553,1.2246467991473532e-16,-1.0,0.7818314824680298,0.6234898018587336,-0.2588190451025208,-0.9659258262890683,15.7,11.9,12.15,14.9,15.65,71.92419,86.10428,87.581985,80.10554,81.003395,3.9477081,4.755544,4.3349743,3.6,2.8174455,44.4,45.4,45.7,56.2,37.6,40.4,46.7,9.2,1,51.23333333333333,7.93338935554448,64.6,48.25,7.209400428985415,64.6,35.12083333333333,17.37559455765136,64.6,29.70625,15.078523634626835,64.6
2026-06-09 14:00:00+00:00,32.4,20.3,54.401943,0.0,8.714677,1.2246467991473532e-16,-1.0,0.7818314824680298,0.6234898018587336,-0.4999999999999997,-0.8660254037844388,18.2,13.35,12.0,14.25,18.55,62.83067,82.05296,86.6934,83.26206,63.11844,4.991553,6.5223618,4.6102495,2.1674871,2.968636,43.1,44.4,45.4,64.6,41.7,36.0,31.2,3.5,1,49.050000000000004,8.094133678164688,64.6,48.708333333333336,6.621652956686,64.6,35.233333333333334,17.4199452569066,64.6,29.631249999999998,15.000952540677527,64.6
2026-06-09 15:00:00+00:00,23.6,21.55,49.381966,0.0,10.626099,1.2246467991473532e-16,-1.0,0.7818314824680298,0.6234898018587336,-0.7071067811865471,-0.7071067811865479,20.3,15.7,11.75,13.6,20.75,54.401943,71.92419,87.54536,86.56126,48.510624,8.714677,3.9477081,4.293669,2.5071096,4.2481523,32.4,43.1,44.4,51.1,43.6,30.1,24.8,18.3,1,43.68333333333334,6.167468416349344,51.1,47.93333333333333,7.931219479010966,64.6,35.083333333333336,17.428553949012027,64.6,29.656250000000004,15.004622071569758,64.6
2026-06-09 16:00:00+00:00,18.7,22.45,42.27321,0.0,12.413477,1.2246467991473532e-16,-1.0,0.7818314824680298,0.6234898018587336,-0.8660254037844384,-0.5000000000000004,21.55,18.2,11.9,13.2,21.95,49.381966,62.83067,86.10428,88.26013,40.86583,10.626099,4.991553,4.755544,1.2074767,6.9480934,23.6,32.4,43.1,45.7,46.4,23.5,22.4,23.6,1,39.1,9.082730866870387,45.7,46.26666666666667,10.582776172401644,64.6,34.8125,17.559372884216454,64.6,29.631249999999998,15.01388231717708,64.6
2026-06-09 17:00:00+00:00,11.8,22.6,41.188858,0.0,11.672275,1.2246467991473532e-16,-1.0,0.7818314824680298,0.6234898018587336,-0.9659258262890683,-0.25881904510252063,22.45,20.3,13.35,12.9,22.5,42.27321,54.401943,82.05296,88.23418,39.78954,12.413477,8.714677,6.5223618,3.9763298,7.386582,18.7,23.6,32.4,45.4,49.5,5.7,20.5,17.1,1,34.6,11.520243052991555,45.4,43.958333333333336,13.238748796505282,64.6,34.6125,17.720420853280853,64.6,29.55416666666667,15.061221988982782,64.6
2026-06-09 18:00:00+00:00,11.4,22.45,41.565838,0.0,9.12513,1.2246467991473532e-16,-1.0,0.7818314824680298,0.6234898018587336,-1.0,-1.8369701987210297e-16,22.6,21.55,15.7,12.6,23.05,41.188858,49.381966,71.92419,89.09233,37.19775,11.672275,10.626099,3.9477081,3.8647635,8.244708,11.8,18.7,23.6,44.4,52.8,4.5,12.4,16.9,1,29.0,13.25609293872068,44.4,40.81666666666667,15.991238131229775,64.6,34.86666666666667,17.3270752359388,64.6,29.37291666666667,15.223969616579142,64.6
2026-06-09 19:00:00+00:00,12.1,21.85,43.994774,0.0,8.626865,1.2246467991473532e-16,-1.0,0.7818314824680298,0.6234898018587336,-0.9659258262890684,0.2588190451025203,22.45,22.45,18.2,12.15,22.3,41.565838,42.27321,62.83067,87.581985,39.597824,9.12513,12.413477,4.991553,4.3349743,8.996398,11.4,11.8,18.7,43.1,56.2,3.6,11.5,11.0,1,23.5,12.407417136535727,43.1,37.36666666666667,17.5598370945712,64.6,35.15416666666667,16.852041010865232,64.6,29.352083333333336,15.24835518975433,64.6
2026-06-09 20:00:00+00:00,8.8,20.45,53.188015,0.0,4.829907,1.2246467991473532e-16,-1.0,0.7818314824680298,0.6234898018587336,-0.8660254037844386,0.5000000000000001,21.85,22.6,20.3,12.0,20.65,43.994774,41.188858,54.401943,86.6934,49.1391,8.626865,11.672275,8.714677,4.6102495,6.8612823,12.1,11.4,11.8,32.4,64.6,4.3,8.0,5.5,1,18.333333333333332,8.430342025485514,32.4,33.69166666666667,17.87194135730049,64.6,35.50833333333333,16.238197497598495,64.6,29.364583333333332,15.23364822098001,64.6
2026-06-09 21:00:00+00:00,16.3,18.8,61.729313,0.0,3.8939953,1.2246467991473532e-16,-1.0,0.7818314824680298,0.6234898018587336,-0.7071067811865477,0.7071067811865474,20.45,22.45,21.55,11.75,18.6,53.188015,41.565838,49.381966,87.54536,60.065712,4.829907,9.12513,10.626099,4.293669,5.4119864,8.8,12.1,11.4,23.6,51.1,17.8,27.9,2.6,1,14.399999999999999,5.577454616579199,23.6,29.04166666666667,16.287946370543352,51.1,35.69583333333333,15.884295749238456,64.6,29.381249999999998,15.21019613579528,64.6
2026-06-09 22:00:00+00:00,18.4,17.8,66.82089,0.0,2.8856194,1.2246467991473532e-16,-1.0,0.7818314824680298,0.6234898018587336,-0.5000000000000004,0.8660254037844384,18.8,21.85,22.45,11.9,17.6,61.729313,43.994774,42.27321,86.10428,66.77904,3.8939953,8.626865,12.413477,4.755544,4.5891175,16.3,8.8,12.1,18.7,45.7,27.3,35.4,8.4,1,13.183333333333332,3.622936194120358,18.7,26.141666666666666,15.054836633474483,45.7,35.63333333333333,15.960540109272921,64.6,29.139583333333334,15.325944344002458,64.6
2026-06-09 23:00:00+00:00,28.6,16.7,73.54944,0.0,3.8183763,1.2246467991473532e-16,-1.0,0.7818314824680298,0.6234898018587336,-0.25881904510252157,0.9659258262890681,17.8,20.45,22.6,13.35,16.5,66.82089,53.188015,41.188858,82.05296,74.982285,2.8856194,4.829907,11.672275,6.5223618,4.3536186,18.4,16.3,8.8,11.8,45.4,33.5,35.3,12.5,1,13.133333333333333,3.5325156286515287,18.4,23.86666666666667,13.84467953818905,45.4,35.2625,16.263103412593036,64.6,28.785416666666666,15.374543613130658,64.6
2026-06-10 00:00:00+00:00,26.6,16.1,77.17059,0.0,4.6102495,1.2246467991473532e-16,-1.0,0.9749279121818236,-0.22252093395631434,0.0,1.0,16.7,18.8,22.45,15.7,15.75,73.54944,61.729313,41.565838,71.92419,77.88267,3.8183763,3.8939953,9.12513,3.9477081,3.8856654,28.6,18.4,16.3,11.4,44.4,37.2,24.8,5.2,1,15.933333333333332,7.110461775909302,28.6,22.466666666666665,12.223772169858412,44.4,35.05833333333334,16.316860222978914,64.6,28.645833333333332,15.344525093811471,64.6
2026-06-10 01:00:00+00:00,30.5,16.1,73.68721,0.0,5.2323985,1.2246467991473532e-16,-1.0,0.9749279121818236,-0.22252093395631434,0.25881904510252074,0.9659258262890683,16.1,17.8,21.85,18.2,14.9,77.17059,66.82089,43.994774,62.83067,80.10554,4.6102495,2.8856194,8.626865,4.991553,3.6,26.6,28.6,18.4,12.1,43.1,37.6,25.2,10.1,1,18.466666666666665,7.842363589292913,28.6,20.983333333333334,10.239125791281982,43.1,34.61666666666667,16.39962000266725,64.6,28.683333333333337,15.337124107423946,64.6
2026-06-10 02:00:00+00:00,34.0,15.5,76.06373,0.0,3.4623692,1.2246467991473532e-16,-1.0,0.9749279121818236,-0.22252093395631434,0.49999999999999994,0.8660254037844387,16.1,16.7,20.45,20.3,14.25,73.68721,73.54944,53.188015,54.401943,83.26206,5.2323985,3.8183763,4.829907,8.714677,2.1674871,30.5,26.6,28.6,8.8,32.4,41.7,26.3,6.3,1,21.53333333333333,8.430342025485512,30.5,19.933333333333334,8.209897943484014,32.4,34.32083333333333,16.407500383683658,64.6,28.793750000000003,15.330589727175493,64.6
2026-06-10 03:00:00+00:00,38.7,14.9,79.05247,0.0,1.8532133,1.2246467991473532e-16,-1.0,0.9749279121818236,-0.22252093395631434,0.7071067811865475,0.7071067811865476,15.5,16.1,18.8,21.55,13.6,76.06373,77.17059,61.729313,49.381966,86.56126,3.4623692,4.6102495,3.8939953,10.626099,2.5071096,34.0,30.5,26.6,16.3,23.6,43.6,27.6,5.2,1,25.733333333333334,6.968404886820734,34.0,20.066666666666666,8.440522746988071,34.0,34.0,16.332043723120286,64.6,28.95416666666667,15.344220040539119,64.6
2026-06-10 04:00:00+00:00,39.3,14.3,82.44585,0.0,1.659518,1.2246467991473532e-16,-1.0,0.9749279121818236,-0.22252093395631434,0.8660254037844386,0.5000000000000001,14.9,16.1,17.8,22.45,13.2,79.05247,73.68721,66.82089,42.27321,88.26013,1.8532133,5.2323985,2.8856194,12.413477,1.2074767,38.7,34.0,30.5,18.4,18.7,46.4,26.7,3.7,1,29.46666666666667,6.903815370262087,38.7,21.325,9.99719278779611,38.7,33.795833333333334,16.237168289389956,64.6,29.18541666666667,15.406892483330564,64.6
2026-06-10 05:00:00+00:00,38.9,13.85,84.04608,0.0,1.8532133,1.2246467991473532e-16,-1.0,0.9749279121818236,-0.22252093395631434,0.9659258262890683,0.25881904510252074,14.3,15.5,16.7,22.6,12.9,82.44585,76.06373,73.54944,41.188858,88.23418,1.659518,3.4623692,3.8183763,11.672275,3.9763298,39.3,38.7,34.0,28.6,11.8,49.5,16.1,2.5,1,32.95,5.286492220745272,39.3,23.041666666666668,11.20157929882558,39.3,33.5,16.061268562168017,64.6,29.447916666666668,15.470850965927154,64.6
2026-06-10 06:00:00+00:00,46.0,13.25,88.55699,0.0,1.659518,1.2246467991473532e-16,-1.0,0.9749279121818236,-0.22252093395631434,1.0,6.123233995736766e-17,13.85,14.9,16.1,22.45,12.6,84.04608,79.05247,77.17059,41.565838,89.09233,1.8532133,1.8532133,4.6102495,9.12513,3.8647635,38.9,39.3,38.7,26.6,11.4,52.8,11.1,0.3,1,34.666666666666664,5.26371225150719,39.3,25.299999999999997,11.457986496128092,39.3,33.05833333333334,15.744782894844784,64.6,29.922916666666666,15.402172264359109,64.6
2026-06-10 07:00:00+00:00,47.0,12.95,87.65477,0.0,1.2074767,1.2246467991473532e-16,-1.0,0.9749279121818236,-0.22252093395631434,0.9659258262890683,-0.25881904510252063,13.25,14.3,16.1,21.85,12.15,88.55699,82.44585,73.68721,43.994774,87.581985,1.659518,1.659518,5.2323985,8.626865,4.3349743,46.0,38.9,39.3,30.5,12.1,56.2,10.6,0.5,1,37.9,5.275983320671147,46.0,28.183333333333334,11.983536686435722,46.0,32.775,15.432158686947535,64.6,30.650000000000002,15.318227218134057,64.6
2026-06-10 08:00:00+00:00,58.9,12.85,87.93735,0.0,0.6489992,1.2246467991473532e-16,-1.0,0.9749279121818236,-0.22252093395631434,0.8660254037844387,-0.4999999999999998,12.95,13.85,15.5,20.45,12.0,87.65477,84.04608,76.06373,53.188015,86.6934,1.2074767,1.8532133,3.4623692,4.829907,4.6102495,47.0,46.0,38.9,34.0,8.8,64.6,13.9,2.8,1,40.65,4.93669930216537,47.0,31.091666666666665,11.960347998382982,47.0,32.39166666666667,14.931114774382953,64.6,31.40833333333333,15.20510599196699,64.6
2026-06-10 09:00:00+00:00,58.9,12.9,90.904564,0.0,0.742159,1.2246467991473532e-16,-1.0,0.9749279121818236,-0.22252093395631434,0.7071067811865476,-0.7071067811865475,12.85,13.25,14.9,18.8,11.75,87.93735,88.55699,79.05247,61.729313,87.54536,0.6489992,1.659518,1.8532133,3.8939953,4.293669,58.9,47.0,46.0,38.7,16.3,51.1,21.3,4.0,1,44.800000000000004,7.840408152641029,58.9,35.266666666666666,12.213132524483877,58.9,32.15416666666667,14.433565324306201,58.9,32.34583333333334,15.487290030288372,64.6
2026-06-10 10:00:00+00:00,54.1,12.9,91.50756,0.0,0.40249225,1.2246467991473532e-16,-1.0,0.9749279121818236,-0.22252093395631434,0.49999999999999994,-0.8660254037844387,12.9,12.95,14.3,17.8,11.9,90.904564,87.65477,82.44585,66.82089,86.10428,0.742159,1.2074767,1.659518,2.8856194,4.755544,58.9,58.9,47.0,39.3,18.4,45.7,28.8,3.1,1,48.166666666666664,8.954924157504994,58.9,38.81666666666667,12.388912442791403,58.9,32.479166666666664,14.95703932475671,58.9,33.12916666666667,15.863043607147704,64.6
2026-06-10 11:00:00+00:00,44.3,14.25,86.91013,0.0,1.9469976,1.2246467991473532e-16,-1.0,0.9749279121818236,-0.22252093395631434,0.258819045102521,-0.9659258262890682,12.9,12.85,13.85,16.7,13.35,91.50756,87.93735,84.04608,73.54944,82.05296,0.40249225,0.6489992,1.8532133,3.8183763,6.5223618,54.1,58.9,58.9,38.9,28.6,45.4,34.5,5.9,1,50.63333333333333,8.012906255951487,58.9,41.791666666666664,11.276964318575484,58.9,32.829166666666666,15.372377235940373,58.9,33.65625,16.134143869578438,64.6
2026-06-10 12:00:00+00:00,42.2,15.9,81.56904,0.0,0.9693296,1.2246467991473532e-16,-1.0,0.9749279121818236,-0.22252093395631434,1.2246467991473532e-16,-1.0,14.25,12.9,13.25,16.1,15.7,86.91013,90.904564,88.55699,77.17059,71.92419,1.9469976,0.742159,1.659518,4.6102495,3.9477081,44.3,54.1,58.9,46.0,26.6,44.4,40.0,5.3,1,51.53333333333334,6.612311749053161,58.9,43.1,10.490688511939812,58.9,32.78333333333333,15.334861297530297,58.9,33.860416666666666,16.206890307511692,64.6
2026-06-10 13:00:00+00:00,46.7,18.0,70.93883,0.0,2.657668,1.2246467991473532e-16,-1.0,0.9749279121818236,-0.22252093395631434,-0.2588190451025208,-0.9659258262890683,15.9,12.9,12.95,16.1,18.2,81.56904,91.50756,87.65477,73.68721,62.83067,0.9693296,0.40249225,1.2074767,5.2323985,4.991553,42.2,44.3,54.1,47.0,30.5,43.1,40.4,1.9,1,50.900000000000006,7.3851201750546895,58.9,44.4,9.139723488954472,58.9,32.69166666666667,15.268834888117023,58.9,33.90625,16.227719996247036,64.6
2026-06-10 14:00:00+00:00,73.7,19.7,61.328083,0.0,2.907989,1.2246467991473532e-16,-1.0,0.9749279121818236,-0.22252093395631434,-0.4999999999999997,-0.8660254037844388,18.0,14.25,12.85,15.5,20.3,70.93883,86.91013,87.93735,76.06373,54.401943,2.657668,1.9469976,0.6489992,3.4623692,8.714677,46.7,42.2,44.3,58.9,34.0,32.4,36.0,2.1,1,50.85,7.417748984698782,58.9,45.75,8.028868368128103,58.9,32.84166666666667,15.392711902395392,58.9,34.0375,16.306644318687102,64.6
2026-06-10 15:00:00+00:00,48.4,21.1,53.180065,0.0,1.8532133,1.2246467991473532e-16,-1.0,0.9749279121818236,-0.22252093395631434,-0.7071067811865471,-0.7071067811865479,19.7,15.9,12.9,14.9,21.55,61.328083,81.56904,90.904564,79.05247,49.381966,2.907989,0.9693296,0.742159,1.8532133,10.626099,73.7,46.7,42.2,58.9,38.7,23.6,30.1,4.0,1,53.31666666666666,11.79769751547591,73.7,49.05833333333334,10.535175567707704,73.7,34.5625,17.504851811898366,73.7,34.82291666666667,17.28193300338054,73.7
2026-06-10 16:00:00+00:00,39.3,21.95,49.48947,0.0,0.0,1.2246467991473532e-16,-1.0,0.9749279121818236,-0.22252093395631434,-0.8660254037844384,-0.5000000000000004,21.1,18.0,12.9,14.3,22.45,53.180065,70.93883,91.50756,82.44585,42.27321,1.8532133,2.657668,0.40249225,1.659518,12.413477,48.4,73.7,46.7,54.1,39.3,18.7,23.5,4.7,1,51.56666666666667,11.580615988222151,73.7,49.86666666666667,10.028081782795024,73.7,35.59583333333333,17.561481545073885,73.7,35.204166666666666,17.37711821875689,73.7
2026-06-10 17:00:00+00:00,36.5,22.35,48.458923,0.0,1.26,1.2246467991473532e-16,-1.0,0.9749279121818236,-0.22252093395631434,-0.9659258262890683,-0.25881904510252063,21.95,19.7,14.25,13.85,22.6,49.48947,61.328083,86.91013,84.04608,41.188858,0.0,2.907989,1.9469976,1.8532133,11.672275,39.3,48.4,73.7,44.3,38.9,11.8,5.7,7.9,1,49.099999999999994,12.474774547060957,73.7,49.86666666666667,10.028081782795024,73.7,36.45416666666667,17.199468625934124,73.7,35.53333333333333,17.300170129938692,73.7
2026-06-10 18:00:00+00:00,44.3,22.75,47.610962,0.0,4.2366967,1.2246467991473532e-16,-1.0,0.9749279121818236,-0.22252093395631434,-1.0,-1.8369701987210297e-16,22.35,21.1,15.9,13.25,22.45,48.458923,53.180065,81.56904,88.55699,41.565838,1.26,1.8532133,0.9693296,1.659518,9.12513,36.5,39.3,48.4,42.2,46.0,11.4,4.5,9.9,1,47.800000000000004,13.443808984064,73.7,49.666666666666664,10.287267799949603,73.7,37.483333333333334,16.37953831346654,73.7,36.175,16.731960752951164,73.7
2026-06-10 19:00:00+00:00,58.3,22.25,48.754654,0.0,5.771239,1.2246467991473532e-16,-1.0,0.9749279121818236,-0.22252093395631434,-0.9659258262890684,0.2588190451025203,22.75,21.95,18.0,12.95,21.85,47.610962,49.48947,70.93883,87.65477,43.994774,4.2366967,0.0,2.657668,1.2074767,8.626865,44.3,36.5,39.3,46.7,47.0,12.1,3.6,9.3,1,48.150000000000006,13.295375135737988,73.7,49.525000000000006,10.353842062468724,73.7,38.854166666666664,15.452141519421547,73.7,37.00416666666667,16.103230260500386,73.7
2026-06-10 20:00:00+00:00,53.5,17.95,83.42634,0.0,13.0806875,1.2246467991473532e-16,-1.0,0.9749279121818236,-0.22252093395631434,-0.8660254037844386,0.5000000000000001,22.25,22.35,19.7,12.85,20.45,48.754654,48.458923,61.328083,87.93735,53.188015,5.771239,1.26,2.907989,0.6489992,4.829907,58.3,44.3,36.5,73.7,58.9,8.8,4.3,19.1,1,50.083333333333336,13.873199582888821,73.7,50.46666666666667,10.613913110401494,73.7,40.77916666666666,14.839869305842688,73.7,38.143750000000004,15.617160586586612,73.7
2026-06-10 21:00:00+00:00,48.4,16.6,91.444145,0.0,7.0843205,1.2246467991473532e-16,-1.0,0.9749279121818236,-0.22252093395631434,-0.7071067811865477,0.7071067811865474,17.95,22.75,21.1,12.9,18.8,83.42634,47.610962,53.180065,90.904564,61.729313,13.0806875,4.2366967,1.8532133,0.742159,3.8939953,53.5,58.3,44.3,48.4,58.9,16.3,17.8,20.8,1,46.71666666666667,8.345637582993081,58.3,50.01666666666667,10.334657784133576,73.7,42.641666666666666,13.385583311148945,73.7,39.16875,14.94890811141083,73.7
2026-06-10 22:00:00+00:00,43.9,16.95,89.72323,0.1,5.8852015,1.2246467991473532e-16,-1.0,0.9749279121818236,-0.22252093395631434,-0.5000000000000004,0.8660254037844384,16.6,22.25,21.95,12.9,17.8,91.444145,48.754654,49.48947,91.50756,66.82089,7.0843205,5.771239,0.0,0.40249225,2.8856194,48.4,53.5,58.3,39.3,54.1,18.4,27.3,19.0,1,46.71666666666667,8.345637582993081,58.3,49.14166666666666,9.951560712072338,73.7,43.979166666666664,12.189338861646963,73.7,39.80625,14.668078036943784,73.7
2026-06-10 23:00:00+00:00,39.0,16.7,91.744354,0.4,4.2175345,1.2246467991473532e-16,-1.0,0.9749279121818236,-0.22252093395631434,-0.25881904510252157,0.9659258262890681,16.95,17.95,22.35,14.25,16.7,89.72323,83.42634,48.458923,86.91013,73.54944,5.8852015,13.0806875,1.26,1.9469976,3.8183763,43.9,48.4,53.5,36.5,44.3,28.6,33.5,17.3,1,47.48333333333333,7.715547075008134,58.3,48.291666666666664,9.92512498967177,73.7,45.041666666666664,10.906636059983223,73.7,40.15208333333333,14.562250667515183,73.7
2026-06-11 00:00:00+00:00,40.3,16.3,95.32238,0.2,2.0523157,1.2246467991473532e-16,-1.0,0.43388373911755823,-0.900968867902419,0.0,1.0,16.7,16.6,22.75,15.9,16.1,91.744354,91.444145,47.610962,81.56904,77.17059,4.2175345,7.0843205,4.2366967,0.9693296,4.6102495,39.0,43.9,48.4,44.3,42.2,26.6,37.2,25.1,1,47.9,7.041874750377196,58.3,47.849999999999994,10.23207967841609,73.7,45.474999999999994,10.420767308809204,73.7,40.266666666666666,14.530398558522194,73.7
2026-06-11 01:00:00+00:00,41.6,16.25,96.5492,1.9,2.6999998,1.2246467991473532e-16,-1.0,0.43388373911755823,-0.900968867902419,0.25881904510252074,0.9659258262890683,16.3,16.95,22.25,18.0,16.1,95.32238,89.72323,48.754654,70.93883,73.68721,2.0523157,5.8852015,5.771239,2.657668,5.2323985,40.3,39.0,43.9,58.3,46.7,30.5,37.6,29.5,1,47.23333333333333,7.616735958838705,58.3,47.69166666666667,10.341571740340394,73.7,46.04583333333334,9.691591118376582,73.7,40.33125,14.523365711698682,73.7
2026-06-11 02:00:00+00:00,40.4,16.25,97.4798,0.7,1.0495713,1.2246467991473532e-16,-1.0,0.43388373911755823,-0.900968867902419,0.49999999999999994,0.8660254037844387,16.25,16.7,17.95,19.7,15.5,96.5492,91.744354,83.42634,61.328083,76.06373,2.6999998,4.2175345,13.0806875,2.907989,3.4623692,41.6,40.3,39.0,53.5,73.7,34.0,41.7,14.8,1,44.449999999999996,5.529104810003146,53.5,47.26666666666667,10.489764130577601,73.7,46.50833333333333,9.168183010288551,73.7,40.41458333333333,14.518835742305821,73.7
2026-06-11 03:00:00+00:00,32.2,16.25,97.4798,0.2,2.1068459,1.2246467991473532e-16,-1.0,0.43388373911755823,-0.900968867902419,0.7071067811865475,0.7071067811865476,16.25,16.3,16.6,21.1,14.9,97.4798,95.32238,91.444145,53.180065,79.05247,1.0495713,2.0523157,7.0843205,1.8532133,1.8532133,40.4,41.6,40.3,48.4,48.4,38.7,43.6,8.9,1,42.266666666666666,3.4279245421488787,48.4,44.49166666666667,6.511592227200195,58.3,46.775000000000006,8.876997631886606,73.7,40.387499999999996,14.517599370741776,73.7
2026-06-11 04:00:00+00:00,30.0,16.4,96.862114,0.8,3.7842832,1.2246467991473532e-16,-1.0,0.43388373911755823,-0.900968867902419,0.8660254037844386,0.5000000000000001,16.25,16.25,16.95,21.95,14.3,97.4798,96.5492,89.72323,49.48947,82.44585,2.1068459,2.6999998,5.8852015,0.0,1.659518,32.2,40.4,41.6,43.9,39.3,39.3,46.4,8.4,1,39.56666666666666,3.9682069838488245,43.9,43.14166666666666,7.2635401252774585,58.3,46.50416666666666,9.226355404923968,73.7,40.15,14.557121529823226,73.7
2026-06-11 05:00:00+00:00,31.0,16.3,95.628136,1.2,4.5891175,1.2246467991473532e-16,-1.0,0.43388373911755823,-0.900968867902419,0.9659258262890683,0.25881904510252074,16.4,16.25,16.7,22.35,13.85,96.862114,97.4798,91.744354,48.458923,84.04608,3.7842832,1.0495713,4.2175345,1.26,1.8532133,30.0,32.2,40.4,39.0,36.5,38.9,49.5,6.7,1,37.25,4.884158064600275,41.6,42.36666666666667,8.152448972083464,58.3,46.11666666666667,9.723958161100823,73.7,39.80833333333333,14.599706107991237,73.7
2026-06-11 06:00:00+00:00,33.7,15.7,93.17561,0.9,7.256032,1.2246467991473532e-16,-1.0,0.43388373911755823,-0.900968867902419,1.0,6.123233995736766e-17,16.3,16.25,16.3,22.75,13.25,95.628136,97.4798,95.32238,47.610962,88.55699,4.5891175,2.1068459,2.0523157,4.2366967,1.659518,31.0,30.0,32.2,40.3,44.3,46.0,52.8,7.5,1,35.916666666666664,5.377886821667649,41.6,41.90833333333334,8.65158507109678,58.3,45.787499999999994,10.10511332036361,73.7,39.422916666666666,14.582592939665151,73.7
2026-06-11 07:00:00+00:00,34.5,15.45,92.86206,2.1,7.329338,1.2246467991473532e-16,-1.0,0.43388373911755823,-0.900968867902419,0.9659258262890683,-0.25881904510252063,15.7,16.4,16.25,22.25,12.95,93.17561,96.862114,96.5492,48.754654,87.65477,7.256032,3.7842832,2.6999998,5.771239,1.2074767,33.7,31.0,30.0,41.6,58.3,47.0,56.2,7.2,1,34.81666666666667,4.9608131053957845,41.6,41.025,8.922099732482483,58.3,45.275,10.40143175763291,73.7,39.025,14.469961549155645,73.7
2026-06-11 08:00:00+00:00,32.5,15.3,93.45711,1.2,6.7853074,1.2246467991473532e-16,-1.0,0.43388373911755823,-0.900968867902419,0.8660254037844387,-0.4999999999999998,15.45,16.3,16.25,17.95,12.85,92.86206,95.628136,97.4798,83.42634,87.93735,7.329338,4.5891175,1.0495713,13.0806875,0.6489992,34.5,33.7,31.0,40.4,53.5,58.9,64.6,6.1,1,33.63333333333333,3.707649749729139,40.4,39.041666666666664,7.21481535495267,53.5,44.75416666666666,10.621920696152893,73.7,38.572916666666664,14.259401371806241,73.7
2026-06-11 09:00:00+00:00,30.5,15.05,94.0524,0.8,6.763786,1.2246467991473532e-16,-1.0,0.43388373911755823,-0.900968867902419,0.7071067811865476,-0.7071067811865475,15.3,15.7,16.25,16.6,12.9,93.45711,93.17561,97.4798,91.444145,90.904564,6.7853074,7.256032,2.1068459,7.0843205,0.742159,32.5,34.5,33.7,32.2,48.4,58.9,51.1,8.1,1,32.31666666666667,1.6630293643428342,34.5,37.291666666666664,5.796465746600703,48.4,43.65416666666667,10.45902893350444,73.7,37.90416666666667,13.756653451490207,73.7
2026-06-11 10:00:00+00:00,28.8,14.95,94.35322,0.6,6.489992,1.2246467991473532e-16,-1.0,0.43388373911755823,-0.900968867902419,0.49999999999999994,-0.8660254037844387,15.05,15.45,16.4,16.95,12.9,94.0524,92.86206,96.862114,89.72323,91.50756,6.763786,7.329338,3.7842832,5.8852015,0.40249225,30.5,32.5,34.5,30.0,43.9,54.1,45.7,9.9,1,32.03333333333334,1.8239152027072227,34.5,35.800000000000004,4.913987456971448,43.9,42.47083333333333,10.263886846044478,73.7,37.475,13.65719356860014,73.7
2026-06-11 11:00:00+00:00,25.6,15.15,94.36174,0.6,6.689125,1.2246467991473532e-16,-1.0,0.43388373911755823,-0.900968867902419,0.258819045102521,-0.9659258262890682,14.95,15.3,16.3,16.7,14.25,94.35322,93.45711,95.628136,91.744354,86.91013,6.489992,6.7853074,4.5891175,4.2175345,1.9469976,28.8,30.5,32.5,31.0,39.0,44.3,45.4,6.6,1,31.833333333333332,2.1313532477434447,34.5,34.541666666666664,4.572737062463153,41.6,41.416666666666664,10.316667251995916,73.7,37.12291666666667,13.658482511009279,73.7
2026-06-11 12:00:00+00:00,30.3,16.15,94.101326,0.2,5.0142193,1.2246467991473532e-16,-1.0,0.43388373911755823,-0.900968867902419,1.2246467991473532e-16,-1.0,15.15,15.05,15.7,16.3,15.9,94.36174,94.0524,93.17561,95.32238,81.56904,6.689125,6.763786,7.256032,2.0523157,0.9693296,25.6,28.8,30.5,33.7,40.3,42.2,44.4,7.0,1,30.933333333333337,3.3470384919606953,34.5,33.425,5.001113512372639,41.6,40.6375,10.784965884528056,73.7,36.71041666666667,13.70210792268193,73.7
2026-06-11 13:00:00+00:00,30.7,16.7,92.03908,0.2,6.1226463,1.2246467991473532e-16,-1.0,0.43388373911755823,-0.900968867902419,-0.2588190451025208,-0.9659258262890683,16.15,14.95,15.45,16.25,18.0,94.101326,94.35322,92.86206,96.5492,70.93883,5.0142193,6.489992,7.329338,2.6999998,2.657668,30.3,25.6,28.8,34.5,41.6,46.7,43.1,4.4,1,30.366666666666664,3.060501048303451,34.5,32.59166666666667,4.5655744104076845,41.6,40.141666666666666,10.981760240098751,73.7,36.416666666666664,13.684878023746611,73.7
2026-06-11 14:00:00+00:00,23.9,17.4,85.53939,0.2,9.957108,1.2246467991473532e-16,-1.0,0.43388373911755823,-0.900968867902419,-0.4999999999999997,-0.8660254037844388,16.7,15.15,15.3,16.25,19.7,92.03908,94.36174,93.45711,97.4798,61.328083,6.1226463,6.689125,6.7853074,1.0495713,2.907989,30.7,30.3,25.6,32.5,40.4,73.7,32.4,8.1,1,29.733333333333334,2.3432171616532944,32.5,31.683333333333334,3.5906022116664444,40.4,39.475,11.051745878209518,73.7,36.15833333333333,13.673064580973104,73.7
2026-06-11 15:00:00+00:00,20.1,18.4,77.02481,0.1,11.605464,1.2246467991473532e-16,-1.0,0.43388373911755823,-0.900968867902419,-0.7071067811865471,-0.7071067811865479,17.4,16.15,15.05,16.25,21.1,85.53939,94.101326,94.0524,97.4798,53.180065,9.957108,5.0142193,6.763786,2.1068459,1.8532133,23.9,30.7,30.3,30.5,32.2,48.4,23.6,4.6,1,28.299999999999997,2.880972058177562,30.7,30.308333333333337,3.070818171501513,34.5,37.4,8.790162485514053,58.3,35.981249999999996,13.777419951932767,73.7
2026-06-11 16:00:00+00:00,14.2,19.05,71.83232,0.0,10.908951,1.2246467991473532e-16,-1.0,0.43388373911755823,-0.900968867902419,-0.8660254037844384,-0.5000000000000004,18.4,16.7,14.95,16.4,21.95,77.02481,92.03908,94.35322,96.862114,49.48947,11.605464,6.1226463,6.489992,3.7842832,0.0,20.1,23.9,30.7,28.8,30.0,39.3,18.7,0.8,1,26.566666666666666,4.14423294068595,30.7,29.299999999999997,4.179604156985504,34.5,36.22083333333334,9.141542975396113,58.3,35.90833333333333,13.853393982078734,73.7
2026-06-11 17:00:00+00:00,7.5,18.55,74.35262,0.0,9.614426,1.2246467991473532e-16,-1.0,0.43388373911755823,-0.900968867902419,-0.9659258262890683,-0.25881904510252063,19.05,17.4,15.15,16.3,22.35,71.83232,85.53939,94.36174,95.628136,48.458923,10.908951,9.957108,6.689125,4.5891175,1.26,14.2,20.1,23.9,25.6,31.0,36.5,11.8,5.9,1,24.133333333333336,6.297512736522771,30.7,27.98333333333333,6.021753494748409,34.5,35.175,10.15369926163129,58.3,35.81458333333333,13.986908614438457,73.7
2026-06-11 18:00:00+00:00,8.7,18.7,76.82292,0.0,6.1305785,1.2246467991473532e-16,-1.0,0.43388373911755823,-0.900968867902419,-1.0,-1.8369701987210297e-16,18.55,18.4,16.15,15.7,22.75,74.35262,77.02481,94.101326,93.17561,47.610962,9.614426,11.605464,5.0142193,7.256032,4.2366967,7.5,14.2,20.1,30.3,33.7,44.3,11.4,15.3,1,21.116666666666667,9.145581811271851,30.7,26.024999999999995,8.33024336652021,34.5,33.96666666666666,11.610252840248247,58.3,35.725,14.156729096913752,73.7
2026-06-11 19:00:00+00:00,10.1,18.45,78.28664,0.0,4.5,1.2246467991473532e-16,-1.0,0.43388373911755823,-0.900968867902419,-0.9659258262890684,0.2588190451025203,18.7,19.05,16.7,15.45,22.25,76.82292,71.83232,92.03908,92.86206,48.754654,6.1305785,10.908951,6.1226463,7.329338,5.771239,8.7,7.5,14.2,30.7,34.5,58.3,12.1,4.4,1,17.51666666666667,9.058568687528208,30.7,23.941666666666666,9.305370720311124,34.5,32.483333333333334,12.47462351672618,58.3,35.668749999999996,14.260422187209151,73.7
2026-06-11 20:00:00+00:00,12.3,18.1,82.37827,0.0,2.0523157,1.2246467991473532e-16,-1.0,0.43388373911755823,-0.900968867902419,-0.8660254037844386,0.5000000000000001,18.45,18.55,17.4,15.3,17.95,78.28664,74.35262,85.53939,93.45711,83.42634,4.5,9.614426,9.957108,6.7853074,13.0806875,10.1,8.7,7.5,23.9,32.5,53.5,8.8,2.6,1,14.083333333333334,6.644822545912458,23.9,21.90833333333333,9.453182084100082,32.5,30.475000000000005,12.008846376915137,53.5,35.62708333333333,14.333486154966284,73.7
2026-06-11 21:00:00+00:00,25.2,17.2,84.4225,0.0,1.0182338,1.2246467991473532e-16,-1.0,0.43388373911755823,-0.900968867902419,-0.7071067811865477,0.7071067811865474,18.1,18.7,18.4,15.05,16.6,82.37827,76.82292,77.02481,94.0524,91.444145,2.0523157,6.1305785,11.605464,6.763786,7.0843205,12.3,10.1,8.7,20.1,30.5,48.4,16.3,3.4,1,12.149999999999999,4.5859568249166776,20.1,20.224999999999998,9.190521302852247,30.7,28.758333333333336,11.508670329522142,48.4,35.7,14.202412141544764,73.7
2026-06-11 22:00:00+00:00,31.1,16.65,86.01657,0.0,3.4763772,1.2246467991473532e-16,-1.0,0.43388373911755823,-0.900968867902419,-0.5000000000000004,0.8660254037844384,17.2,18.45,19.05,14.95,16.95,84.4225,78.28664,71.83232,94.35322,89.72323,1.0182338,4.5,10.908951,6.489992,5.8852015,25.2,12.3,10.1,14.2,28.8,43.9,18.4,8.9,1,13.0,6.448565732005828,25.2,19.78333333333333,8.769558228049497,30.7,27.791666666666668,10.735512651199203,43.9,35.885416666666664,14.000410170029957,73.7
2026-06-11 23:00:00+00:00,32.9,16.2,88.515045,0.0,4.5572357,1.2246467991473532e-16,-1.0,0.43388373911755823,-0.900968867902419,-0.25881904510252157,0.9659258262890681,16.65,18.1,18.55,15.15,16.7,86.01657,82.37827,74.35262,94.36174,91.744354,3.4763772,2.0523157,9.614426,6.689125,4.2175345,31.1,25.2,12.3,7.5,25.6,39.0,28.6,8.8,1,15.816666666666668,9.86395796152166,31.1,19.975,9.006474943566436,31.1,27.25833333333333,10.205323277016069,41.6,36.15,13.78122373592326,73.7
2026-06-12 00:00:00+00:00,32.9,16.5,90.268875,0.0,4.613762,1.2246467991473532e-16,-1.0,-0.433883739117558,-0.9009688679024191,0.0,1.0,16.2,17.2,18.7,16.15,16.3,88.515045,84.4225,76.82292,94.101326,95.32238,4.5572357,1.0182338,6.1305785,5.0142193,2.0523157,32.9,31.1,25.2,8.7,30.3,40.3,26.6,3.9,1,20.05,10.969366435669833,32.9,20.583333333333332,9.644860462097546,32.9,27.004166666666666,9.973507479782404,41.6,36.239583333333336,13.745029888334397,73.7
2026-06-12 01:00:00+00:00,33.3,15.95,91.402954,0.0,4.175069,1.2246467991473532e-16,-1.0,-0.433883739117558,-0.9009688679024191,0.25881904510252074,0.9659258262890683,16.5,16.65,18.45,16.7,16.25,90.268875,86.01657,78.28664,92.03908,96.5492,4.613762,3.4763772,4.5,6.1226463,2.6999998,32.9,32.9,31.1,10.1,30.7,41.6,30.5,3.2,1,24.083333333333332,10.395463754285645,32.9,20.8,9.908582138732017,32.9,26.695833333333336,9.653856141760004,41.6,36.37083333333333,13.680953654910232,73.7
2026-06-12 02:00:00+00:00,31.8,15.6,91.973854,0.0,4.6834598,1.2246467991473532e-16,-1.0,-0.433883739117558,-0.9009688679024191,0.49999999999999994,0.8660254037844387,15.95,16.2,18.1,17.4,16.25,91.402954,88.515045,82.37827,85.53939,97.4798,4.175069,4.5572357,2.0523157,9.957108,1.0495713,33.3,32.9,32.9,12.3,23.9,40.4,34.0,0.8,1,27.95,8.246635677656675,33.3,21.016666666666666,10.169726315556996,33.3,26.349999999999998,9.236364803460772,40.4,36.42916666666667,13.66134410279734,73.7
2026-06-12 03:00:00+00:00,28.5,15.3,91.955956,0.0,5.5829024,1.2246467991473532e-16,-1.0,-0.433883739117558,-0.9009688679024191,0.7071067811865475,0.7071067811865476,15.6,16.5,17.2,18.4,16.25,91.973854,90.268875,84.4225,77.02481,97.4798,4.6834598,4.613762,1.0182338,11.605464,2.1068459,31.8,33.3,32.9,25.2,20.1,32.2,38.7,2.8,1,31.2,3.051556979641708,33.3,21.675,10.619118693101655,33.3,25.99166666666667,8.825256082830487,34.5,36.38333333333333,13.67335245563014,73.7
2026-06-12 04:00:00+00:00,35.7,14.9,91.33578,0.0,4.3349743,1.2246467991473532e-16,-1.0,-0.433883739117558,-0.9009688679024191,0.8660254037844386,0.5000000000000001,15.3,15.95,16.65,19.05,16.4,91.955956,91.402954,86.01657,71.83232,96.862114,5.5829024,4.175069,3.4763772,10.908951,3.7842832,28.5,31.8,33.3,31.1,14.2,30.0,39.3,3.6,1,31.75,1.7908098726553932,33.3,22.375,10.781476117523356,33.3,25.837500000000002,8.744032126318341,34.5,36.17083333333333,13.715776881423565,73.7
2026-06-12 05:00:00+00:00,33.2,14.65,91.022316,0.0,4.0449963,1.2246467991473532e-16,-1.0,-0.433883739117558,-0.9009688679024191,0.9659258262890683,0.25881904510252074,14.9,15.6,16.2,18.55,16.3,91.33578,91.973854,88.515045,74.35262,95.628136,4.3349743,4.6834598,4.5572357,9.614426,4.5891175,35.7,28.5,31.8,32.9,7.5,31.0,38.9,4.1,1,32.51666666666667,2.353224737815475,35.7,24.166666666666668,11.081707559047105,35.7,26.075,8.937281465859755,35.7,36.09583333333333,13.708142607912478,73.7
2026-06-12 06:00:00+00:00,34.4,14.5,91.60847,0.0,4.323748,1.2246467991473532e-16,-1.0,-0.433883739117558,-0.9009688679024191,1.0,6.123233995736766e-17,14.65,15.3,16.5,18.7,15.7,91.022316,91.955956,90.268875,76.82292,93.17561,4.0449963,5.5829024,4.613762,6.1305785,7.256032,33.2,35.7,28.5,32.9,8.7,33.7,46.0,3.9,1,32.56666666666667,2.366150178384016,35.7,26.308333333333334,9.998314251852026,35.7,26.166666666666668,9.001046638014405,35.7,35.97708333333333,13.708022803613854,73.7
2026-06-12 07:00:00+00:00,37.5,14.7,87.81183,0.0,6.1437774,1.2246467991473532e-16,-1.0,-0.433883739117558,-0.9009688679024191,0.9659258262890683,-0.25881904510252063,14.5,14.9,15.95,18.45,15.45,91.60847,91.33578,91.402954,78.28664,92.86206,4.323748,4.3349743,4.175069,4.5,7.329338,34.4,33.2,35.7,33.3,10.1,34.5,47.0,3.7,1,32.81666666666667,2.4846864322619693,35.7,28.450000000000003,8.528081954236919,35.7,26.195833333333336,9.027613636560593,35.7,35.73541666666667,13.629590611908608,73.7
2026-06-12 08:00:00+00:00,34.1,14.65,84.97193,0.0,5.634891,1.2246467991473532e-16,-1.0,-0.433883739117558,-0.9009688679024191,0.8660254037844387,-0.4999999999999998,14.7,14.65,15.6,18.1,15.3,87.81183,91.022316,91.973854,82.37827,93.45711,6.1437774,4.0449963,4.6834598,2.0523157,6.7853074,37.5,34.4,33.2,31.8,12.3,32.5,58.9,2.5,1,33.51666666666667,3.15050260540548,37.5,30.733333333333334,6.623832086877748,37.5,26.320833333333336,9.167284893513502,37.5,35.5375,13.531155931813961,73.7
2026-06-12 09:00:00+00:00,36.9,14.35,84.65989,0.0,4.896529,1.2246467991473532e-16,-1.0,-0.433883739117558,-0.9009688679024191,0.7071067811865476,-0.7071067811865475,14.65,14.5,15.3,17.2,15.05,84.97193,91.60847,91.955956,84.4225,94.0524,5.634891,4.323748,5.5829024,1.0182338,6.763786,34.1,37.5,34.4,28.5,25.2,30.5,58.9,2.8,1,33.9,3.0377623343507394,37.5,32.55,3.2272983353657234,37.5,26.387500000000003,9.219842142381562,37.5,35.020833333333336,13.086276038941568,73.7
2026-06-12 10:00:00+00:00,29.5,14.75,83.32151,0.0,7.3094187,1.2246467991473532e-16,-1.0,-0.433883739117558,-0.9009688679024191,0.49999999999999994,-0.8660254037844387,14.35,14.7,14.9,16.65,14.95,84.65989,87.81183,91.33578,86.01657,94.35322,4.896529,6.1437774,4.3349743,3.4763772,6.489992,36.9,34.1,37.5,35.7,31.1,28.8,54.1,2.0,1,35.300000000000004,1.686416318706641,37.5,33.525,2.487468592766527,37.5,26.65416666666667,9.434026258670027,37.5,34.5625,12.608687059392919,73.7
2026-06-12 11:00:00+00:00,22.0,16.45,77.7332,0.0,9.979859,1.2246467991473532e-16,-1.0,-0.433883739117558,-0.9009688679024191,0.258819045102521,-0.9659258262890682,14.75,14.65,14.65,16.2,15.15,83.32151,84.97193,91.022316,88.515045,94.36174,7.3094187,5.634891,4.0449963,4.5572357,6.689125,29.5,36.9,34.1,33.2,32.9,25.6,44.3,2.2,1,34.26666666666667,2.873789600278128,37.5,33.39166666666667,2.665762157205282,37.5,26.683333333333334,9.442027539568567,37.5,34.050000000000004,12.293675938672967,73.7
2026-06-12 12:00:00+00:00,21.7,16.2,85.41491,0.0,6.4799995,1.2246467991473532e-16,-1.0,-0.433883739117558,-0.9009688679024191,1.2246467991473532e-16,-1.0,16.45,14.35,14.5,16.5,16.15,77.7332,84.65989,91.60847,90.268875,94.101326,9.979859,4.896529,4.323748,4.613762,5.0142193,22.0,29.5,36.9,34.4,32.9,30.3,42.2,1.1,1,32.4,5.826147955553484,37.5,32.483333333333334,4.2404616672615925,37.5,26.53333333333333,9.488467446998692,37.5,33.58541666666667,12.319418844805917,73.7
2026-06-12 13:00:00+00:00,4.8,16.3,90.254585,2.9,9.47012,1.2246467991473532e-16,-1.0,-0.433883739117558,-0.9009688679024191,-0.2588190451025208,-0.9659258262890683,16.2,14.75,14.7,15.95,16.7,85.41491,83.32151,87.81183,91.402954,92.03908,6.4799995,7.3094187,6.1437774,4.175069,6.1226463,21.7,22.0,29.5,37.5,33.3,30.7,46.7,0.9,1,30.28333333333333,7.117981923738407,37.5,31.55,5.252272235553236,37.5,26.175,9.502413880968227,37.5,33.15833333333333,12.369658027460272,73.7
2026-06-12 14:00:00+00:00,6.0,17.9,86.41738,0.2,11.605464,1.2246467991473532e-16,-1.0,-0.433883739117558,-0.9009688679024191,-0.4999999999999997,-0.8660254037844388,16.3,16.45,14.65,15.6,17.4,90.254585,77.7332,84.97193,91.973854,85.53939,9.47012,9.979859,5.634891,4.6834598,9.957108,4.8,21.7,22.0,34.1,31.8,23.9,73.7,0.1,1,24.833333333333332,11.596838649678052,36.9,29.175,9.284701493218908,37.5,25.09583333333333,10.39496028252935,37.5,32.28541666666667,12.862314896765136,73.7
2026-06-12 15:00:00+00:00,9.4,18.65,80.099915,0.2,18.75631,1.2246467991473532e-16,-1.0,-0.433883739117558,-0.9009688679024191,-0.7071067811865471,-0.7071067811865479,17.9,16.2,14.35,15.3,18.4,86.41738,85.41491,84.65989,91.955956,77.02481,11.605464,6.4799995,4.896529,5.5829024,11.605464,6.0,4.8,21.7,36.9,28.5,20.1,48.4,0.0,1,20.15,12.725211196675673,36.9,27.025000000000002,11.373743686866911,37.5,24.349999999999998,11.102565312653626,37.5,30.875,11.900214551972537,58.3
2026-06-12 16:00:00+00:00,6.4,19.1,79.14045,0.8,21.096123,1.2246467991473532e-16,-1.0,-0.433883739117558,-0.9009688679024191,-0.8660254037844384,-0.5000000000000004,18.65,16.3,14.75,14.9,19.05,80.099915,90.254585,83.32151,91.33578,71.83232,18.75631,9.47012,7.3094187,4.3349743,10.908951,9.4,6.0,4.8,29.5,35.7,14.2,39.3,0.0,1,15.566666666666668,10.184432564785656,29.5,25.433333333333334,12.435457613638727,37.5,23.904166666666665,11.488764990828786,37.5,30.0625,12.009103373265944,58.3
2026-06-12 17:00:00+00:00,4.2,19.95,73.87397,0.6,21.426807,1.2246467991473532e-16,-1.0,-0.433883739117558,-0.9009688679024191,-0.9659258262890683,-0.25881904510252063,19.1,17.9,16.45,14.65,18.55,79.14045,86.41738,77.7332,91.022316,74.35262,21.096123,11.605464,9.979859,4.0449963,9.614426,6.4,9.4,6.0,22.0,33.2,7.5,36.5,0.0,1,11.716666666666667,7.9946023457496915,22.0,22.991666666666664,13.0953467331188,37.5,23.579166666666666,11.878917355391959,37.5,29.377083333333335,12.40307510914615,58.3
2026-06-12 18:00:00+00:00,5.6,20.1,75.81852,0.0,22.17144,1.2246467991473532e-16,-1.0,-0.433883739117558,-0.9009688679024191,-1.0,-1.8369701987210297e-16,19.95,18.65,16.2,14.5,18.7,73.87397,80.099915,85.41491,91.60847,76.82292,21.426807,18.75631,6.4799995,4.323748,6.1305785,4.2,6.4,9.4,21.7,34.4,8.7,44.3,0.7,1,8.75,6.595680404628454,21.7,20.575,13.702032032446168,37.5,23.441666666666666,12.090345291817052,37.5,28.70416666666667,12.875607126083352,58.3
2026-06-12 19:00:00+00:00,8.2,20.1,78.27856,0.0,17.660192,1.2246467991473532e-16,-1.0,-0.433883739117558,-0.9009688679024191,-0.9659258262890684,0.2588190451025203,20.1,19.1,16.3,14.7,18.45,75.81852,79.14045,90.254585,87.81183,78.28664,22.17144,21.096123,9.47012,6.1437774,4.5,5.6,4.2,6.4,4.8,37.5,10.1,58.3,0.9,1,6.066666666666666,1.8184242262647066,9.4,18.175,13.582082113779665,37.5,23.3125,12.269910615882235,37.5,27.897916666666664,13.088154293154501,58.3
2026-06-12 20:00:00+00:00,8.3,19.4,81.75227,0.0,20.073025,1.2246467991473532e-16,-1.0,-0.433883739117558,-0.9009688679024191,-0.8660254037844386,0.5000000000000001,20.1,19.95,17.9,14.65,18.1,78.27856,73.87397,86.41738,84.97193,82.37827,17.660192,21.426807,11.605464,5.634891,2.0523157,8.2,5.6,4.2,6.0,34.1,12.3,53.5,0.8,1,6.633333333333333,1.8736773112428948,9.4,15.733333333333334,12.371913450402133,36.9,23.23333333333333,12.364629309890974,37.5,26.854166666666668,12.600674725827162,53.5
2026-06-12 21:00:00+00:00,9.8,18.65,84.31186,0.0,20.570463,1.2246467991473532e-16,-1.0,-0.433883739117558,-0.9009688679024191,-0.7071067811865477,0.7071067811865474,19.4,20.1,18.65,14.35,17.2,81.75227,75.81852,80.099915,84.65989,84.4225,20.073025,22.17144,18.75631,4.896529,1.0182338,8.3,8.2,5.6,9.4,36.9,25.2,48.4,4.7,1,7.016666666666666,1.9518367418066527,9.4,13.58333333333333,11.062453560936538,36.9,23.066666666666666,12.544067250633116,37.5,25.912499999999998,12.251107201374682,48.4
2026-06-12 22:00:00+00:00,11.6,18.1,86.16082,0.0,19.08,1.2246467991473532e-16,-1.0,-0.433883739117558,-0.9009688679024191,-0.5000000000000004,0.8660254037844384,18.65,20.1,19.1,14.75,16.65,84.31186,78.27856,79.14045,83.32151,86.01657,20.570463,17.660192,21.096123,7.3094187,3.4763772,9.8,8.3,8.2,6.4,29.5,31.1,43.9,14.5,1,7.083333333333333,2.053695855443647,9.8,11.325000000000001,8.288011604940893,29.5,22.424999999999997,12.821017052514597,37.5,25.108333333333334,12.008061712836543,43.9
2026-06-12 23:00:00+00:00,9.6,18.25,87.004906,0.0,20.819393,1.2246467991473532e-16,-1.0,-0.433883739117558,-0.9009688679024191,-0.25881904510252157,0.9659258262890681,18.1,19.4,19.95,16.45,16.2,86.16082,81.75227,73.87397,77.7332,88.515045,19.08,20.073025,21.426807,9.979859,4.5572357,11.6,9.8,8.3,4.2,22.0,32.9,39.0,22.0,1,7.95,2.702406335102062,11.6,9.833333333333334,6.020017114643823,22.0,21.6125,12.865164035183325,37.5,24.43541666666667,11.836393383684637,41.6
2026-06-13 00:00:00+00:00,7.3,19.15,84.63572,0.0,15.629971,1.2246467991473532e-16,-1.0,-0.9749279121818236,-0.2225209339563146,0.0,1.0,18.25,18.65,20.1,16.2,16.5,87.004906,84.31186,75.81852,85.41491,90.268875,20.819393,20.570463,22.17144,6.4799995,4.613762,9.6,11.6,9.8,5.6,21.7,32.9,40.3,22.5,1,8.85,2.015688467992952,11.6,8.8,4.650122188032781,21.7,20.64166666666667,12.855481546682801,37.5,23.822916666666668,11.827361706191205,41.6
2026-06-13 01:00:00+00:00,6.4,18.8,86.229706,0.0,14.896563,1.2246467991473532e-16,-1.0,-0.9749279121818236,-0.2225209339563146,0.25881904510252074,0.9659258262890683,19.15,18.1,20.1,16.3,15.95,84.63572,86.16082,78.27856,90.254585,91.402954,15.629971,19.08,17.660192,9.47012,4.175069,7.3,9.6,11.6,8.2,4.8,33.3,41.6,23.5,1,9.133333333333333,1.527961605102184,11.6,7.6000000000000005,2.2647496349683465,11.6,19.575,12.85620303673444,37.5,23.135416666666668,11.808300174630746,41.6
2026-06-13 02:00:00+00:00,3.8,18.45,87.8587,0.0,18.022486,1.2246467991473532e-16,-1.0,-0.9749279121818236,-0.2225209339563146,0.49999999999999994,0.8660254037844387,18.8,18.25,19.4,17.9,15.6,86.229706,87.004906,81.75227,86.41738,91.973854,14.896563,20.819393,20.073025,11.605464,4.6834598,6.4,7.3,9.6,8.3,6.0,31.8,40.4,23.2,1,8.833333333333334,1.8832595855766774,11.6,7.733333333333334,2.1278812908330074,11.6,18.45416666666667,12.779976837655665,37.5,22.402083333333337,11.729948750742075,40.4
2026-06-13 03:00:00+00:00,2.8,17.6,89.77185,0.0,14.356058,1.2246467991473532e-16,-1.0,-0.9749279121818236,-0.2225209339563146,0.7071067811865475,0.7071067811865476,18.45,19.15,18.65,18.65,15.3,87.8587,84.63572,84.31186,80.099915,91.955956,18.022486,15.629971,20.570463,18.75631,5.5829024,3.8,6.4,7.3,9.8,9.4,28.5,32.2,18.7,1,8.083333333333334,2.8074306165364855,11.6,7.550000000000001,2.3716124165942043,11.6,17.2875,12.786722478380897,37.5,21.639583333333334,11.724691886045242,37.5
2026-06-13 04:00:00+00:00,3.6,17.75,88.6436,0.0,14.4,1.2246467991473532e-16,-1.0,-0.9749279121818236,-0.2225209339563146,0.8660254037844386,0.5000000000000001,17.6,18.8,18.1,19.1,14.9,89.77185,86.229706,86.16082,79.14045,91.33578,14.356058,14.896563,19.08,21.096123,4.3349743,2.8,3.8,6.4,11.6,6.4,35.7,30.0,26.4,1,6.916666666666667,3.352859476128759,11.6,7.0,2.6522717535244706,11.6,16.216666666666665,12.882670080608214,37.5,21.027083333333334,11.927453395572174,37.5
2026-06-13 05:00:00+00:00,3.7,17.65,89.489334,0.0,11.091564,1.2246467991473532e-16,-1.0,-0.9749279121818236,-0.2225209339563146,0.9659258262890683,0.25881904510252074,17.75,18.45,18.25,19.95,14.65,88.6436,87.8587,87.004906,73.87397,91.022316,14.4,18.022486,20.819393,21.426807,4.0449963,3.6,2.8,3.8,9.6,4.2,33.2,31.0,16.2,1,5.583333333333333,2.630906054321667,9.6,6.766666666666666,2.8272483678183695,11.6,14.879166666666668,12.430326840526755,37.5,20.477083333333333,12.112139849654508,37.5
2026-06-13 06:00:00+00:00,2.8,17.6,87.22341,0.0,12.456468,1.2246467991473532e-16,-1.0,-0.9749279121818236,-0.2225209339563146,1.0,6.123233995736766e-17,17.65,17.6,19.15,20.1,14.5,89.489334,89.77185,84.63572,75.81852,91.60847,11.091564,14.356058,15.629971,22.17144,4.323748,3.7,3.6,2.8,7.3,5.6,34.4,33.7,25.5,1,4.6000000000000005,1.8011107683870322,7.3,6.7250000000000005,2.8718460961545795,11.6,13.649999999999999,11.990684790249952,37.5,19.908333333333335,12.247706399842285,37.5
2026-06-13 07:00:00+00:00,1.8,16.75,89.13292,0.0,9.187056,1.2246467991473532e-16,-1.0,-0.9749279121818236,-0.2225209339563146,0.9659258262890683,-0.25881904510252063,17.6,17.75,18.8,20.1,14.7,87.22341,88.6436,86.229706,78.27856,87.81183,12.456468,14.4,14.896563,17.660192,6.1437774,2.8,3.7,3.6,6.4,8.2,37.5,34.5,20.5,1,3.8499999999999996,1.326272973410722,6.4,6.491666666666666,3.0779149770678997,11.6,12.333333333333334,11.329863066315077,37.5,19.264583333333334,12.319237500294106,37.5
2026-06-13 08:00:00+00:00,0.9,16.5,88.5401,0.0,10.233123,1.2246467991473532e-16,-1.0,-0.9749279121818236,-0.2225209339563146,0.8660254037844387,-0.4999999999999998,16.75,17.65,18.45,19.4,14.65,89.13292,89.489334,87.8587,81.75227,84.97193,9.187056,11.091564,18.022486,20.073025,5.634891,1.8,2.8,3.7,3.8,8.3,34.1,32.5,27.7,1,3.0833333333333335,0.7704976746664292,3.8,5.958333333333333,3.301365649471959,11.6,10.845833333333333,10.16579854929896,36.9,18.583333333333332,12.36287051521153,37.5
2026-06-13 09:00:00+00:00,0.3,16.2,89.956635,0.1,12.669238,1.2246467991473532e-16,-1.0,-0.9749279121818236,-0.2225209339563146,0.7071067811865476,-0.7071067811865475,16.5,17.6,17.6,18.65,14.35,88.5401,87.22341,89.77185,84.31186,84.65989,10.233123,12.456468,14.356058,20.570463,4.896529,0.9,1.8,2.8,2.8,9.8,36.9,30.5,29.8,1,2.6,1.0788883167407564,3.7,5.341666666666666,3.508809260167991,11.6,9.4625,9.062911160088328,36.9,17.925,12.447105106486205,37.5
2026-06-13 10:00:00+00:00,0.7,16.15,89.952965,0.1,12.641076,1.2246467991473532e-16,-1.0,-0.9749279121818236,-0.2225209339563146,0.49999999999999994,-0.8660254037844387,16.2,16.75,17.75,18.1,14.75,89.956635,89.13292,88.6436,86.16082,83.32151,12.669238,9.187056,14.4,19.08,7.3094187,0.3,0.9,1.8,3.6,11.6,29.5,28.8,32.8,1,2.1833333333333336,1.4162156144691966,3.7,4.55,3.4830759655534873,11.6,7.9375,7.115372977483132,29.5,17.295833333333334,12.560694491121534,37.5
2026-06-13 11:00:00+00:00,0.0,16.5,90.268875,0.0,11.605464,1.2246467991473532e-16,-1.0,-0.9749279121818236,-0.2225209339563146,0.258819045102521,-0.9659258262890682,16.15,16.5,17.65,18.25,16.45,89.952965,88.5401,89.489334,87.004906,77.7332,12.641076,10.233123,11.091564,20.819393,9.979859,0.7,0.3,0.9,3.7,9.6,22.0,25.6,45.5,1,1.7,1.3281566172706036,3.7,3.641666666666666,2.8391606740956834,9.6,6.737500000000001,5.584669426984667,22.0,16.710416666666667,12.667486267343392,37.5
2026-06-13 12:00:00+00:00,0.0,18.0,87.53929,0.0,13.874019,1.2246467991473532e-16,-1.0,-0.9749279121818236,-0.2225209339563146,1.2246467991473532e-16,-1.0,16.5,16.2,17.6,19.15,16.2,90.268875,89.956635,87.22341,84.63572,85.41491,11.605464,12.669238,12.456468,15.629971,6.4799995,0.0,0.7,0.3,2.8,7.3,21.7,30.3,33.9,1,1.0833333333333333,1.0419532938987006,2.8,2.8416666666666663,2.3110243039248655,7.3,5.820833333333334,4.707161903781031,21.7,16.177083333333332,12.823204359108571,37.5
2026-06-13 13:00:00+00:00,0.0,18.55,84.8411,0.1,13.934605,1.2246467991473532e-16,-1.0,-0.9749279121818236,-0.2225209339563146,-0.2588190451025208,-0.9659258262890683,18.0,16.15,16.75,18.8,16.3,87.53929,89.952965,89.13292,86.229706,90.254585,13.874019,12.641076,9.187056,14.896563,9.47012,0.0,0.0,0.7,1.8,6.4,4.8,30.7,18.6,1,0.6166666666666667,0.685322308601104,1.8,2.2333333333333334,1.965767642484855,6.4,4.916666666666667,3.4372216619858706,11.6,15.545833333333334,12.858922861698822,37.5
2026-06-13 14:00:00+00:00,0.0,19.6,78.95874,0.1,16.056362,1.2246467991473532e-16,-1.0,-0.9749279121818236,-0.2225209339563146,-0.4999999999999997,-0.8660254037844388,18.55,16.5,16.5,18.45,17.9,84.8411,90.268875,88.5401,87.8587,86.41738,13.934605,11.605464,10.233123,18.022486,11.605464,0.0,0.0,0.0,0.9,3.8,6.0,23.9,17.7,1,0.31666666666666665,0.3970726214011026,0.9,1.7000000000000002,1.5585541084893129,3.8,4.716666666666667,3.5809479758576277,11.6,14.90625,12.852624638819226,37.5
2026-06-13 15:00:00+00:00,1.3,20.65,72.81982,0.0,16.037182,1.2246467991473532e-16,-1.0,-0.9749279121818236,-0.2225209339563146,-0.7071067811865471,-0.7071067811865479,19.6,18.0,16.2,17.6,18.65,78.95874,87.53929,89.956635,89.77185,80.099915,16.056362,13.874019,12.669238,14.356058,18.75631,0.0,0.0,0.0,0.3,2.8,9.4,20.1,11.6,1,0.16666666666666666,0.28751811537073924,0.7,1.3833333333333335,1.4769953119469068,3.7,4.466666666666667,3.6950809447707034,11.6,14.408333333333333,12.959295248327871,37.5
2026-06-13 16:00:00+00:00,4.3,21.55,67.16,0.0,15.281989,1.2246467991473532e-16,-1.0,-0.9749279121818236,-0.2225209339563146,-0.8660254037844384,-0.5000000000000004,20.65,18.55,16.15,17.75,19.1,72.81982,84.8411,89.952965,88.6436,79.14045,16.037182,13.934605,12.641076,14.4,21.096123,1.3,0.0,0.0,0.7,3.6,6.4,14.2,14.8,1,0.3333333333333333,0.5501514942871133,1.3,1.2583333333333333,1.4080665876120693,3.7,4.129166666666666,3.5934093253777704,11.6,14.016666666666666,13.067261891204804,37.5
2026-06-13 17:00:00+00:00,4.2,21.7,65.485664,0.1,14.028457,1.2246467991473532e-16,-1.0,-0.9749279121818236,-0.2225209339563146,-0.9659258262890683,-0.25881904510252063,21.55,19.6,16.5,17.65,19.95,67.16,78.95874,90.268875,89.489334,73.87397,15.281989,16.056362,11.605464,11.091564,21.426807,4.3,1.3,0.0,0.0,3.7,4.2,7.5,18.3,1,0.9333333333333332,1.7293544074787996,4.3,1.3166666666666667,1.5236519128439858,4.3,4.041666666666667,3.5611327785788123,11.6,13.810416666666667,13.142221056228667,37.5
2026-06-13 18:00:00+00:00,0.7,21.6,65.46444,0.1,14.25641,1.2246467991473532e-16,-1.0,-0.9749279121818236,-0.2225209339563146,-1.0,-1.8369701987210297e-16,21.7,20.65,18.0,17.6,20.1,65.485664,72.81982,87.53929,87.22341,75.81852,14.028457,16.037182,13.874019,12.456468,22.17144,4.2,4.3,1.3,0.0,2.8,5.6,8.7,26.1,1,1.6333333333333335,2.088699755030952,4.3,1.3583333333333334,1.5996922052423521,4.3,4.041666666666667,3.5611327785788123,11.6,13.741666666666667,13.184498204626577,37.5
2026-06-13 19:00:00+00:00,0.1,20.7,69.85335,0.0,14.982228,1.2246467991473532e-16,-1.0,-0.9749279121818236,-0.2225209339563146,-0.9659258262890684,0.2588190451025203,21.6,21.55,18.55,16.75,20.1,65.46444,67.16,84.8411,89.13292,78.27856,14.25641,15.281989,13.934605,9.187056,17.660192,0.7,4.2,4.3,0.0,1.8,8.2,10.1,13.1,1,1.75,1.9967473550751715,4.3,1.1833333333333333,1.5414475683780438,4.3,3.8375,3.6080601195225053,11.6,13.575000000000001,13.299648051654312,37.5
2026-06-13 20:00:00+00:00,2.3,19.4,78.17545,0.0,12.313894,1.2246467991473532e-16,-1.0,-0.9749279121818236,-0.2225209339563146,-0.8660254037844386,0.5000000000000001,20.7,21.7,19.6,16.5,19.4,69.85335,65.485664,78.95874,88.5401,81.75227,14.982228,14.028457,16.056362,10.233123,20.073025,0.1,0.7,4.2,0.0,0.9,8.3,12.3,16.7,1,1.7666666666666666,1.9795622411700926,4.3,1.0416666666666667,1.5576546083088665,4.3,3.5000000000000004,3.5607766617389007,11.6,13.366666666666665,13.43289600329955,37.5
2026-06-13 21:00:00+00:00,7.4,18.3,83.734985,0.0,9.840914,1.2246467991473532e-16,-1.0,-0.9749279121818236,-0.2225209339563146,-0.7071067811865477,0.7071067811865474,19.4,21.6,20.65,16.2,18.65,78.17545,65.46444,72.81982,89.956635,84.31186,12.313894,14.25641,16.037182,12.669238,20.570463,2.3,0.1,0.7,1.3,0.3,9.8,25.2,17.4,1,2.15,1.7818529681204611,4.3,1.1583333333333332,1.5979864223636515,4.3,3.25,3.4168381010369058,11.6,13.158333333333333,13.52700739550379,37.5
2026-06-13 22:00:00+00:00,21.6,17.45,89.18816,0.0,6.048107,1.2246467991473532e-16,-1.0,-0.9749279121818236,-0.2225209339563146,-0.5000000000000004,0.8660254037844384,18.3,20.7,21.55,16.15,18.1,83.734985,69.85335,67.16,89.952965,86.16082,9.840914,14.982228,15.281989,12.641076,19.08,7.4,2.3,0.1,4.3,0.7,11.6,31.1,23.9,1,3.1666666666666665,2.702344660968763,7.4,1.75,2.376207826845465,7.4,3.15,3.24774169030703,11.6,12.7875,13.433534174800464,37.5
2026-06-13 23:00:00+00:00,26.2,17.05,90.88866,0.0,7.1684303,1.2246467991473532e-16,-1.0,-0.9749279121818236,-0.2225209339563146,-0.25881904510252157,0.9659258262890681,17.45,19.4,21.7,16.5,18.25,89.18816,78.17545,65.485664,90.268875,87.004906,6.048107,12.313894,14.028457,11.605464,20.819393,21.6,7.4,2.3,4.2,0.0,9.6,32.9,27.1,1,6.050000000000001,8.063932043364439,21.6,3.491666666666667,6.169051545391325,21.6,3.5666666666666664,4.697054272688526,21.6,12.589583333333335,13.226379823177256,37.5
2026-06-14 00:00:00+00:00,29.4,17.25,91.48508,0.0,12.514855,1.2246467991473532e-16,-1.0,-0.7818314824680299,0.6234898018587334,0.0,1.0,17.05,18.3,21.6,18.0,19.15,90.88866,83.734985,65.46444,87.53929,84.63572,7.1684303,9.840914,14.25641,13.874019,15.629971,26.2,21.6,7.4,0.7,0.0,7.3,32.9,40.8,1,9.716666666666667,11.376012775426478,26.2,5.675,8.867214895332031,26.2,4.258333333333334,6.500228535558925,26.2,12.449999999999998,13.041537567620606,37.5
2026-06-14 01:00:00+00:00,24.7,16.6,93.52041,0.1,9.931042,1.2246467991473532e-16,-1.0,-0.7818314824680299,0.6234898018587334,0.25881904510252074,0.9659258262890683,17.25,17.45,20.7,18.55,18.8,91.48508,89.18816,69.85335,84.8411,86.229706,12.514855,6.048107,14.982228,13.934605,14.896563,29.4,26.2,21.6,0.1,0.0,6.4,33.3,44.3,1,14.5,12.77434929849657,29.4,8.125,10.969140597810926,29.4,5.179166666666667,8.273371594231314,29.4,12.377083333333333,12.934108619465894,37.5
2026-06-14 02:00:00+00:00,3.9,16.35,93.50829,0.0,7.562142,1.2246467991473532e-16,-1.0,-0.7818314824680299,0.6234898018587334,0.49999999999999994,0.8660254037844387,16.6,17.05,19.4,19.6,18.45,93.52041,90.88866,78.17545,78.95874,87.8587,9.931042,7.1684303,12.313894,16.056362,18.022486,24.7,29.4,26.2,2.3,0.0,3.8,31.8,45.1,1,18.599999999999998,11.061103019138729,29.4,10.183333333333334,11.604923197688166,29.4,5.941666666666666,9.183961287349696,29.4,12.197916666666666,12.69547564884257,37.5
2026-06-14 03:00:00+00:00,0.8,16.05,94.70351,0.0,5.7628117,1.2246467991473532e-16,-1.0,-0.7818314824680299,0.6234898018587334,0.7071067811865475,0.7071067811865476,16.35,17.25,18.3,20.65,17.6,93.50829,91.48508,83.734985,72.81982,89.77185,7.562142,12.514855,9.840914,16.037182,14.356058,3.9,24.7,29.4,7.4,1.3,2.8,28.5,47.1,1,18.866666666666667,10.5991823584023,29.4,10.508333333333333,11.345520408219794,29.4,5.945833333333333,9.182970020957203,29.4,11.616666666666665,12.414496216603265,37.5
2026-06-14 04:00:00+00:00,0.2,16.05,95.31355,0.0,4.542994,1.2246467991473532e-16,-1.0,-0.7818314824680299,0.6234898018587334,0.8660254037844386,0.5000000000000001,16.05,16.6,17.45,21.55,17.75,94.70351,93.52041,89.18816,67.16,88.6436,5.7628117,9.931042,6.048107,15.281989,14.4,0.8,3.9,24.7,21.6,4.3,3.6,35.7,44.1,1,17.76666666666667,12.242330932737708,29.4,10.466666666666667,11.383267891022614,29.4,5.862500000000001,9.221751814147938,29.4,11.039583333333333,12.255780044678762,37.5
2026-06-14 05:00:00+00:00,0.2,16.3,95.32238,0.0,4.752136,1.2246467991473532e-16,-1.0,-0.7818314824680299,0.6234898018587334,0.9659258262890683,0.25881904510252074,16.05,16.35,17.05,21.7,17.65,95.31355,93.50829,90.88866,65.485664,89.489334,4.542994,7.562142,7.1684303,14.028457,11.091564,0.2,0.8,3.9,26.2,4.2,3.7,33.2,45.8,1,14.200000000000001,13.906401403670175,29.4,10.125,11.643736123302066,29.4,5.720833333333334,9.28392622934315,29.4,10.3,11.798575463958494,37.5
2026-06-14 06:00:00+00:00,3.8,16.55,97.7968,0.0,6.989936,1.2246467991473532e-16,-1.0,-0.7818314824680299,0.6234898018587334,1.0,6.123233995736766e-17,16.3,16.05,17.25,21.6,17.6,95.32238,94.70351,91.48508,65.46444,87.22341,4.752136,5.7628117,12.514855,14.25641,12.456468,0.2,0.2,0.8,29.4,0.7,2.8,34.4,45.6,1,9.866666666666667,13.463085332369635,29.4,9.791666666666666,11.883560710137077,29.4,5.574999999999999,9.344342626982192,29.4,9.612499999999999,11.390190348287106,37.5
2026-06-14 07:00:00+00:00,3.6,16.6,97.48651,0.0,2.995797,1.2246467991473532e-16,-1.0,-0.7818314824680299,0.6234898018587334,0.9659258262890683,-0.25881904510252063,16.55,16.05,16.6,20.7,16.75,97.7968,95.31355,93.52041,69.85335,89.13292,6.989936,4.542994,9.931042,14.982228,9.187056,3.8,0.2,0.2,24.7,0.1,1.8,37.5,50.1,1,5.6000000000000005,9.511046209539712,24.7,10.049999999999999,11.700233097911045,29.4,5.616666666666667,9.333654238789705,29.4,8.975,10.815148949899426,37.5
2026-06-14 08:00:00+00:00,2.1,16.65,97.17735,0.0,3.2846913,1.2246467991473532e-16,-1.0,-0.7818314824680299,0.6234898018587334,0.8660254037844387,-0.4999999999999998,16.6,16.3,16.35,19.4,16.5,97.48651,95.32238,93.50829,78.17545,88.5401,2.995797,4.752136,7.562142,12.313894,10.233123,3.6,3.8,0.2,3.9,2.3,0.9,34.1,54.3,1,2.083333333333334,1.859480214109939,3.9,10.341666666666667,11.471027403723182,29.4,5.691666666666666,9.30885117213339,29.4,8.268749999999999,9.988017421954998,36.9
2026-06-14 09:00:00+00:00,3.4,16.85,97.1816,0.3,4.452954,1.2246467991473532e-16,-1.0,-0.7818314824680299,0.6234898018587334,0.7071067811865476,-0.7071067811865475,16.65,16.55,16.05,18.3,16.2,97.17735,97.7968,94.70351,83.734985,89.956635,3.2846913,6.989936,5.7628117,9.840914,12.669238,2.1,3.6,3.8,0.8,7.4,0.3,36.9,54.0,1,1.7833333333333339,1.640020325077205,3.8,10.325,11.483911671234928,29.4,5.741666666666666,9.285187674189963,29.4,7.602083333333333,9.269269511105149,36.9
2026-06-14 10:00:00+00:00,2.1,16.95,97.18376,0.3,6.66,1.2246467991473532e-16,-1.0,-0.7818314824680299,0.6234898018587334,0.49999999999999994,-0.8660254037844387,16.85,16.6,16.05,17.45,16.15,97.1816,97.48651,95.31355,89.18816,89.952965,4.452954,2.995797,4.542994,6.048107,12.641076,3.4,2.1,3.6,0.2,21.6,0.7,29.5,52.3,1,2.2166666666666672,1.6714265364252017,3.8,9.991666666666667,11.633607924170896,29.4,5.870833333333334,9.227580547122027,29.4,6.904166666666666,8.217934676949547,29.5
2026-06-14 11:00:00+00:00,0.2,17.3,96.270515,0.1,7.2359104,1.2246467991473532e-16,-1.0,-0.7818314824680299,0.6234898018587334,0.258819045102521,-0.9659258262890682,16.95,16.65,16.3,17.05,16.5,97.18376,97.17735,95.32238,90.88866,90.268875,6.66,3.2846913,4.752136,7.1684303,11.605464,2.1,3.4,2.1,0.2,26.2,0.0,22.0,50.8,1,2.5333333333333337,1.3647954669716447,3.8,8.366666666666665,11.219247530539363,29.4,5.929166666666666,9.19784848030605,29.4,6.333333333333333,7.538534575505985,29.4
2026-06-14 12:00:00+00:00,0.2,18.15,89.812775,0.1,8.78872,1.2246467991473532e-16,-1.0,-0.7818314824680299,0.6234898018587334,1.2246467991473532e-16,-1.0,17.3,16.85,16.55,17.25,18.0,96.270515,97.1816,97.7968,91.48508,87.53929,7.2359104,4.452954,6.989936,12.514855,13.874019,0.2,2.1,3.4,3.8,29.4,0.0,21.7,48.8,1,2.533333333333334,1.3647954669716447,3.8,6.199999999999999,9.894534763283037,29.4,5.9375,9.192331988745076,29.4,5.879166666666666,7.224749376006008,29.4
2026-06-14 13:00:00+00:00,0.1,19.65,78.212364,0.2,12.284918,1.2246467991473532e-16,-1.0,-0.7818314824680299,0.6234898018587334,-0.2588190451025208,-0.9659258262890683,18.15,16.95,16.6,16.6,18.55,89.812775,97.18376,97.48651,93.52041,84.8411,8.78872,6.66,2.995797,9.931042,13.934605,0.2,0.2,2.1,3.6,24.7,0.0,4.8,46.7,1,1.9333333333333338,1.4827901627224074,3.6,3.766666666666667,6.766405428603923,24.7,5.945833333333333,9.186804296838343,29.4,5.4312499999999995,6.881339436970713,29.4
2026-06-14 14:00:00+00:00,1.5,20.5,72.32788,0.2,12.886039,1.2246467991473532e-16,-1.0,-0.7818314824680299,0.6234898018587334,-0.4999999999999997,-0.8660254037844388,19.65,17.3,16.65,16.35,19.6,78.212364,96.270515,97.17735,93.50829,78.95874,12.284918,7.2359104,3.2846913,7.562142,16.056362,0.1,0.2,0.2,2.1,3.9,0.0,6.0,31.2,1,1.3500000000000005,1.3809417076762036,3.4,1.7166666666666668,1.6078406373610614,3.9,5.949999999999999,9.184012573843928,29.4,5.333333333333333,6.923820533501842,29.4
2026-06-14 15:00:00+00:00,1.1,20.95,72.17738,0.1,11.091564,1.2246467991473532e-16,-1.0,-0.7818314824680299,0.6234898018587334,-0.7071067811865471,-0.7071067811865479,20.5,18.15,16.85,16.05,20.65,72.32788,89.812775,97.1816,94.70351,72.81982,12.886039,8.78872,4.452954,5.7628117,16.037182,1.5,0.1,0.2,3.4,0.8,1.3,9.4,24.8,1,1.2500000000000007,1.3367871932359572,3.4,1.5166666666666668,1.4534181237422155,3.8,6.012499999999999,9.146789054088961,29.4,5.239583333333333,6.945034643950572,29.4
2026-06-14 16:00:00+00:00,0.7,21.15,70.615074,0.0,10.571074,1.2246467991473532e-16,-1.0,-0.7818314824680299,0.6234898018587334,-0.8660254037844384,-0.5000000000000004,20.95,19.65,16.95,16.05,21.55,72.17738,78.212364,97.18376,95.31355,67.16,11.091564,12.284918,6.66,4.542994,15.281989,1.1,1.5,0.1,2.1,0.2,4.3,6.4,22.4,1,0.8666666666666673,0.8310635755863269,2.1,1.5416666666666667,1.442509387605999,3.8,6.004166666666667,9.151359089687576,29.4,5.066666666666666,6.9425709056618015,29.4
2026-06-14 17:00:00+00:00,0.8,21.65,68.266075,0.0,12.242646,1.2246467991473532e-16,-1.0,-0.7818314824680299,0.6234898018587334,-0.9659258262890683,-0.25881904510252063,21.15,20.5,17.3,16.3,21.7,70.615074,72.32788,96.270515,95.32238,65.485664,10.571074,12.886039,7.2359104,4.752136,14.028457,0.7,1.1,1.5,0.2,0.2,4.2,4.2,20.5,1,0.6333333333333339,0.5715476066491118,1.5,1.5833333333333333,1.407017046696689,3.8,5.854166666666667,9.209823638337326,29.4,4.947916666666667,6.9679811656478075,29.4
2026-06-14 18:00:00+00:00,4.3,21.1,70.37983,0.0,11.975074,1.2246467991473532e-16,-1.0,-0.7818314824680299,0.6234898018587334,-1.0,-1.8369701987210297e-16,21.65,20.95,18.15,16.55,21.6,68.266075,72.17738,89.812775,97.7968,65.46444,12.242646,11.091564,8.78872,6.989936,14.25641,0.8,0.7,1.1,0.2,3.8,0.7,5.6,12.4,1,0.733333333333334,0.5316640543297326,1.5,1.633333333333333,1.3633737120782343,3.8,5.712500000000001,9.262374214366323,29.4,4.877083333333333,6.9929824880385665,29.4
2026-06-14 19:00:00+00:00,2.1,20.8,71.91968,0.0,10.650465,1.2246467991473532e-16,-1.0,-0.7818314824680299,0.6234898018587334,-0.9659258262890684,0.2588190451025203,21.1,21.15,19.65,16.6,20.7,70.37983,70.615074,78.212364,97.48651,69.85335,11.975074,10.571074,12.284918,2.995797,14.982228,4.3,0.8,0.7,0.1,3.6,0.1,8.2,11.5,1,1.4166666666666672,1.4864947583716321,4.3,1.675,1.4410381358898925,4.3,5.8625,9.206652249986178,29.4,4.8500000000000005,6.992640508176838,29.4
2026-06-14 20:00:00+00:00,1.9,19.85,77.99231,0.0,7.0199995,1.2246467991473532e-16,-1.0,-0.7818314824680299,0.6234898018587334,-0.8660254037844386,0.5000000000000001,20.8,21.65,20.5,16.65,19.4,71.91968,68.266075,72.32788,97.17735,78.17545,10.650465,12.242646,12.886039,3.2846913,12.313894,2.1,4.3,0.8,1.5,2.1,2.3,8.3,8.0,1,1.7500000000000007,1.3501851724854905,4.3,1.5499999999999998,1.318745960785856,4.3,5.945833333333333,9.161164686097436,29.4,4.722916666666666,6.985889717268935,29.4
2026-06-14 21:00:00+00:00,4.6,19.35,81.22615,0.0,6.6405115,1.2246467991473532e-16,-1.0,-0.7818314824680299,0.6234898018587334,-0.7071067811865477,0.7071067811865474,19.85,21.1,20.95,16.85,18.3,77.99231,70.37983,72.17738,97.1816,83.734985,7.0199995,11.975074,11.091564,4.452954,9.840914,1.9,2.1,4.3,1.1,3.4,7.4,9.8,27.9,1,1.816666666666667,1.3452385166454093,4.3,1.5333333333333332,1.3124116131848051,4.3,5.929166666666666,9.168446796849961,29.4,4.589583333333334,6.977234701370884,29.4
2026-06-14 22:00:00+00:00,5.1,19.0,85.1597,0.1,6.9247384,1.2246467991473532e-16,-1.0,-0.7818314824680299,0.6234898018587334,-0.5000000000000004,0.8660254037844384,19.35,20.8,21.15,16.95,17.45,81.22615,71.91968,70.615074,97.18376,89.18816,6.6405115,10.650465,10.571074,6.66,6.048107,4.6,1.9,2.1,0.7,2.1,21.6,11.6,35.4,1,2.4000000000000004,1.6876018487782247,4.6,1.6333333333333335,1.4998989864971157,4.6,5.8125,9.166731554447637,29.4,4.48125,6.934853578045901,29.4
2026-06-14 23:00:00+00:00,5.0,18.4,88.69689,0.2,6.4096174,1.2246467991473532e-16,-1.0,-0.7818314824680299,0.6234898018587334,-0.25881904510252157,0.9659258262890681,19.0,19.85,21.65,17.3,17.05,85.1597,77.99231,68.266075,96.270515,90.88866,6.9247384,7.0199995,12.242646,7.2359104,7.1684303,5.1,4.6,1.9,0.8,0.2,26.2,9.6,35.3,1,3.1333333333333333,1.7557524502806077,5.1,1.883333333333333,1.8039518907777286,5.1,5.125,8.527665973554747,29.4,4.345833333333333,6.8559015836593336,29.4
2026-06-15 00:00:00+00:00,7.3,17.1,95.04735,0.0,5.8104043,1.2246467991473532e-16,-1.0,0.0,1.0,0.0,1.0,18.4,19.35,21.1,18.15,17.25,88.69689,81.22615,70.37983,89.812775,91.48508,6.4096174,6.6405115,11.975074,8.78872,12.514855,5.0,5.1,4.6,4.3,0.2,29.4,7.3,24.8,1,3.8333333333333335,1.4500574701253626,5.1,2.283333333333333,1.9248770129932076,5.1,4.241666666666666,7.252340951400732,29.4,4.25,6.8129101477159475,29.4
2026-06-15 01:00:00+00:00,10.0,16.4,95.021255,0.6,6.0347,1.2246467991473532e-16,-1.0,0.0,1.0,0.25881904510252074,0.9659258262890683,17.1,19.0,20.8,19.65,16.6,95.04735,85.1597,71.91968,78.212364,93.52041,5.8104043,6.9247384,10.650465,12.284918,9.931042,7.3,5.0,5.1,2.1,0.1,24.7,6.4,25.2,1,4.333333333333334,2.040261421158174,7.3,2.875,2.2839857506317935,7.3,3.3208333333333333,4.959749219349946,24.7,4.25,6.8129101477159475,29.4
2026-06-15 02:00:00+00:00,7.1,16.1,95.62149,0.4,3.148714,1.2246467991473532e-16,-1.0,0.0,1.0,0.49999999999999994,0.8660254037844387,16.4,18.4,19.85,20.5,16.35,95.021255,88.69689,77.99231,72.32788,93.50829,6.0347,6.4096174,7.0199995,12.886039,7.562142,10.0,7.3,5.0,1.9,1.5,3.9,3.8,26.3,1,5.650000000000001,2.7398905087612033,10.0,3.6999999999999997,2.896392740822473,10.0,2.7083333333333335,2.5049371538881773,10.0,4.325,6.856756258098912,29.4
2026-06-15 03:00:00+00:00,7.6,16.35,95.93623,0.7,2.8460498,1.2246467991473532e-16,-1.0,0.0,1.0,0.7071067811865475,0.7071067811865476,16.1,17.1,19.35,20.95,16.05,95.62149,95.04735,81.22615,72.17738,94.70351,3.148714,5.8104043,6.6405115,11.091564,5.7628117,7.1,10.0,7.3,4.6,1.1,0.8,2.8,27.6,1,6.516666666666667,2.0527217703981226,10.0,4.166666666666667,2.9601392268645874,10.0,2.841666666666667,2.6519749271994653,10.0,4.39375,6.867915111496594,29.4
2026-06-15 04:00:00+00:00,9.2,16.45,96.863304,3.5,3.7971036,1.2246467991473532e-16,-1.0,0.0,1.0,0.8660254037844386,0.5000000000000001,16.35,16.4,19.0,21.15,16.05,95.93623,95.021255,85.1597,70.615074,95.31355,2.8460498,6.0347,6.9247384,10.571074,4.542994,7.6,7.1,10.0,5.1,0.7,0.2,3.6,26.7,1,7.016666666666667,1.8476110701839852,10.0,4.708333333333333,2.9426204565851526,10.0,3.125,2.7843116392296428,10.0,4.4937499999999995,6.8791515511601915,29.4
2026-06-15 05:00:00+00:00,14.5,16.35,96.551834,5.1,4.73506,1.2246467991473532e-16,-1.0,0.0,1.0,0.9659258262890683,0.25881904510252074,16.45,16.1,18.4,21.65,16.3,96.863304,95.62149,88.69689,68.266075,95.32238,3.7971036,3.148714,6.4096174,12.242646,4.752136,9.2,7.6,7.1,5.0,0.8,0.2,3.7,16.1,1,7.7,1.7527121840164608,10.0,5.416666666666667,2.9129283402016277,10.0,3.5,2.9729212686458797,10.0,4.610416666666667,6.911083900066526,29.4
2026-06-15 06:00:00+00:00,8.9,16.45,97.48362,0.5,5.637765,1.2246467991473532e-16,-1.0,0.0,1.0,1.0,6.123233995736766e-17,16.35,16.35,17.1,21.1,16.55,96.551834,95.93623,95.04735,70.37983,97.7968,4.73506,2.8460498,5.8104043,11.975074,6.989936,14.5,9.2,7.6,7.3,4.3,3.8,2.8,11.1,1,9.283333333333333,2.802439413558559,14.5,6.558333333333334,3.553348825936771,14.5,4.095833333333333,3.640769049989862,14.5,4.835416666666666,7.055117037898067,29.4
2026-06-15 07:00:00+00:00,0.0,16.3,97.48076,2.2,5.402999,1.2246467991473532e-16,-1.0,0.0,1.0,0.9659258262890683,-0.25881904510252063,16.45,16.45,16.4,20.8,16.6,97.48362,96.863304,95.021255,71.91968,97.48651,5.637765,3.7971036,6.0347,10.650465,2.995797,8.9,14.5,9.2,10.0,2.1,3.6,1.8,10.6,1,9.55,2.6478292996339055,14.5,6.941666666666667,3.5356517550985846,14.5,4.308333333333333,3.769317394859467,14.5,4.9624999999999995,7.072590936367759,29.4
2026-06-15 08:00:00+00:00,0.0,16.0,98.415215,2.6,6.2067385,1.2246467991473532e-16,-1.0,0.0,1.0,0.8660254037844387,-0.4999999999999998,16.3,16.35,16.1,19.85,16.65,97.48076,96.551834,95.62149,77.99231,97.17735,5.402999,4.73506,3.148714,7.0199995,3.2846913,0.0,8.9,14.5,7.1,1.9,2.1,0.9,13.9,1,7.883333333333334,4.677356803437858,14.5,6.766666666666667,3.836270284660357,14.5,4.158333333333333,3.8690428730662765,14.5,4.925,7.094453932174384,29.4
2026-06-15 09:00:00+00:00,0.0,15.75,98.09729,0.5,5.020677,1.2246467991473532e-16,-1.0,0.0,1.0,0.7071067811865476,-0.7071067811865475,16.0,16.45,16.35,19.35,16.85,98.415215,97.48362,95.93623,81.22615,97.1816,6.2067385,5.637765,2.8460498,6.6405115,4.452954,0.0,0.0,8.9,7.6,4.6,3.4,0.3,21.3,1,6.7,5.701227937909493,14.5,6.608333333333334,4.086442848188814,14.5,4.070833333333333,3.940699470759264,14.5,4.906249999999999,7.1064970647932295,29.4
2026-06-15 10:00:00+00:00,0.0,15.95,96.85137,0.4,4.6730714,1.2246467991473532e-16,-1.0,0.0,1.0,0.49999999999999994,-0.8660254037844387,15.75,16.3,16.45,19.0,16.95,98.09729,97.48076,96.863304,85.1597,97.18376,5.020677,5.402999,3.7971036,6.9247384,6.66,0.0,0.0,0.0,9.2,5.1,2.1,0.7,28.8,1,5.4333333333333345,6.276517080887008,14.5,6.2250000000000005,4.487989021214712,14.5,3.9291666666666667,4.026054187271,14.5,4.8999999999999995,7.110764988621417,29.4
2026-06-15 11:00:00+00:00,0.2,15.95,95.923935,0.3,6.5049515,1.2246467991473532e-16,-1.0,0.0,1.0,0.258819045102521,-0.9659258262890682,15.95,16.0,16.35,18.4,17.3,96.85137,98.415215,96.551834,88.69689,96.270515,4.6730714,6.2067385,4.73506,6.4096174,7.2359104,0.0,0.0,0.0,14.5,5.0,0.2,0.0,34.5,1,3.900000000000001,6.296030495478853,14.5,5.800000000000001,4.832465961879668,14.5,3.8416666666666663,4.08985134912906,14.5,4.885416666666666,7.120273410460879,29.4
2026-06-15 12:00:00+00:00,0.0,16.1,93.19596,0.1,6.924738,1.2246467991473532e-16,-1.0,0.0,1.0,1.2246467991473532e-16,-1.0,15.95,15.75,16.45,17.1,18.15,95.923935,98.09729,97.48362,95.04735,89.812775,6.5049515,5.020677,5.637765,5.8104043,8.78872,0.2,0.0,0.0,8.9,7.3,0.2,0.0,40.0,1,1.5166666666666673,3.6179644368990576,8.9,5.3999999999999995,5.096166116887026,14.5,3.841666666666667,4.08985134912906,14.5,4.889583333333333,7.117411661472528,29.4
2026-06-15 13:00:00+00:00,0.0,16.4,90.55296,0.2,9.3962755,1.2246467991473532e-16,-1.0,0.0,1.0,-0.2588190451025208,-0.9659258262890683,16.1,15.95,16.3,16.4,19.65,93.19596,96.85137,97.48076,95.021255,78.212364,6.924738,4.6730714,5.402999,6.0347,12.284918,0.0,0.2,0.0,0.0,10.0,0.1,0.0,40.4,1,0.03333333333333393,0.08164965809047021,0.2,4.791666666666667,5.281091198078528,14.5,3.8333333333333335,4.097790143232422,14.5,4.889583333333333,7.117411661472528,29.4
2026-06-15 14:00:00+00:00,0.0,16.55,88.25909,0.1,10.144082,1.2246467991473532e-16,-1.0,0.0,1.0,-0.4999999999999997,-0.8660254037844388,16.4,15.95,16.0,16.1,20.5,90.55296,95.923935,98.415215,95.62149,72.32788,9.3962755,6.5049515,6.2067385,3.148714,12.886039,0.0,0.0,0.2,0.0,7.1,1.5,0.0,36.0,1,0.03333333333333393,0.08164965809047021,0.2,3.9583333333333335,5.172384421720685,14.5,3.829166666666666,4.1018001527080035,14.5,4.889583333333333,7.117411661472528,29.4
2026-06-15 15:00:00+00:00,0.3,16.25,88.519226,0.2,9.021574,1.2246467991473532e-16,-1.0,0.0,1.0,-0.7071067811865471,-0.7071067811865479,16.55,16.1,15.75,16.35,20.95,88.25909,93.19596,98.09729,95.93623,72.17738,10.144082,6.924738,5.020677,2.8460498,11.091564,0.0,0.0,0.0,0.0,7.6,1.1,1.3,30.1,1,0.03333333333333393,0.08164965809047021,0.2,3.3666666666666667,5.186404137626191,14.5,3.766666666666666,4.149978173506638,14.5,4.889583333333333,7.117411661472528,29.4
2026-06-15 16:00:00+00:00,1.4,16.3,87.10315,0.2,8.587338,1.2246467991473532e-16,-1.0,0.0,1.0,-0.8660254037844384,-0.5000000000000004,16.25,16.4,15.95,16.45,21.15,88.519226,90.55296,96.85137,96.863304,70.615074,9.021574,9.3962755,4.6730714,3.7971036,10.571074,0.3,0.0,0.0,0.0,9.2,0.7,4.3,23.5,1,0.08333333333333393,0.13291601358110122,0.3,2.758333333333333,5.07157109122326,14.5,3.733333333333333,4.175463178334228,14.5,4.8687499999999995,7.129595382568972,29.4
2026-06-15 17:00:00+00:00,0.0,16.35,85.98644,0.1,8.942214,1.2246467991473532e-16,-1.0,0.0,1.0,-0.9659258262890683,-0.25881904510252063,16.3,16.55,15.95,16.35,21.65,87.10315,88.25909,95.923935,96.551834,68.266075,8.587338,10.144082,6.5049515,4.73506,12.242646,1.4,0.3,0.0,0.2,14.5,0.8,4.2,5.7,1,0.31666666666666726,0.5455883674220842,1.4,2.1083333333333334,4.65353401060709,14.5,3.7624999999999997,4.155751645506769,14.5,4.808333333333333,7.146784229476563,29.4
2026-06-15 18:00:00+00:00,0.0,15.7,89.33859,0.1,9.039514,1.2246467991473532e-16,-1.0,0.0,1.0,-1.0,-1.8369701987210297e-16,16.35,16.25,16.1,16.45,21.1,85.98644,88.519226,93.19596,97.48362,70.37983,8.942214,9.021574,6.924738,5.637765,11.975074,0.0,1.4,0.3,0.0,8.9,4.3,0.7,4.5,1,0.28333333333333394,0.56005952064606,1.4,0.9,2.5509356572188935,8.9,3.7291666666666665,4.183661717003494,14.5,4.720833333333333,7.18002424974667,29.4
2026-06-15 19:00:00+00:00,0.0,15.45,91.667564,0.7,9.422101,1.2246467991473532e-16,-1.0,0.0,1.0,-0.9659258262890684,0.2588190451025203,15.7,16.3,16.4,16.3,20.8,89.33859,87.10315,90.55296,97.48076,71.91968,9.039514,8.587338,9.3962755,5.402999,10.650465,0.0,0.0,1.4,0.0,0.0,2.1,0.1,3.6,1,0.28333333333333394,0.56005952064606,1.4,0.15833333333333333,0.40330077504207307,1.4,3.5500000000000003,4.249705872175367,14.5,4.70625,7.189069902555523,29.4
2026-06-15 20:00:00+00:00,0.1,15.2,92.248695,0.2,8.942214,1.2246467991473532e-16,-1.0,0.0,1.0,-0.8660254037844386,0.5000000000000001,15.45,16.35,16.55,16.0,19.85,91.667564,85.98644,88.25909,98.415215,77.99231,9.422101,8.942214,10.144082,6.2067385,7.0199995,0.0,0.0,0.0,0.0,0.0,1.9,2.3,4.3,1,0.28333333333333394,0.56005952064606,1.4,0.15833333333333333,0.40330077504207307,1.4,3.4625,4.302154414790043,14.5,4.704166666666667,7.190447514653924,29.4
2026-06-15 21:00:00+00:00,0.0,14.9,94.96458,0.8,8.163749,1.2246467991473532e-16,-1.0,0.0,1.0,-0.7071067811865477,0.7071067811865474,15.2,15.7,16.25,15.75,19.35,92.248695,89.33859,88.519226,98.09729,81.22615,8.942214,9.039514,9.021574,5.020677,6.6405115,0.1,0.0,0.0,0.3,0.0,4.6,7.4,17.8,1,0.3000000000000006,0.5513619500832717,1.4,0.16666666666666666,0.40075685970932884,1.4,3.3874999999999997,4.34604392822815,14.5,4.658333333333333,7.213074220906917,29.4
2026-06-15 22:00:00+00:00,0.1,14.7,96.50828,1.0,6.151683,1.2246467991473532e-16,-1.0,0.0,1.0,-0.5000000000000004,0.8660254037844384,14.9,15.45,16.3,15.95,19.0,94.96458,91.667564,87.10315,96.85137,85.1597,8.163749,9.422101,8.587338,4.6730714,6.9247384,0.0,0.1,0.0,1.4,0.0,5.1,21.6,27.3,1,0.2500000000000006,0.5648008498573877,1.4,0.16666666666666666,0.40075685970932884,1.4,3.195833333333333,4.3914421882515375,14.5,4.504166666666666,7.232284543372995,29.4
2026-06-15 23:00:00+00:00,4.8,14.75,95.26723,0.4,6.198903,1.2246467991473532e-16,-1.0,0.0,1.0,-0.25881904510252157,0.9659258262890681,14.7,15.2,16.35,15.95,18.4,96.50828,92.248695,85.98644,95.923935,88.69689,6.151683,8.942214,8.942214,6.5049515,6.4096174,0.1,0.0,0.1,0.0,0.2,5.0,26.2,33.5,1,0.03333333333333393,0.05163977794579101,0.1,0.17500000000000002,0.39800639556056566,1.4,2.9875000000000003,4.415714280690893,14.5,4.05625,6.804063437044,29.4
2026-06-16 00:00:00+00:00,2.1,14.95,95.58321,0.2,7.8954163,1.2246467991473532e-16,-1.0,0.7818314824680298,0.6234898018587336,0.0,1.0,14.75,14.9,15.7,16.1,17.1,95.26723,94.96458,89.33859,93.19596,95.04735,6.198903,8.163749,9.039514,6.924738,5.8104043,4.8,0.1,0.0,0.0,0.0,7.3,29.4,37.2,1,0.8333333333333339,1.9438792829459095,4.8,0.5583333333333333,1.3937903411738644,4.8,2.9791666666666665,4.411938267401773,14.5,3.610416666666666,5.972534284551382,29.4
2026-06-16 01:00:00+00:00,0.8,14.8,95.88821,0.0,7.8583965,1.2246467991473532e-16,-1.0,0.7818314824680298,0.6234898018587336,0.25881904510252074,0.9659258262890683,14.95,14.7,15.45,16.4,16.4,95.58321,96.50828,91.667564,90.55296,95.021255,7.8954163,6.151683,9.422101,9.3962755,6.0347,2.1,4.8,0.1,0.0,0.0,10.0,24.7,37.6,1,1.1833333333333338,1.9528611488445122,4.8,0.7333333333333334,1.4480917432841567,4.8,2.7624999999999997,4.317186332102057,14.5,3.041666666666666,4.608495085204545,24.7
2026-06-16 02:00:00+00:00,0.0,14.65,96.1948,0.1,7.229191,1.2246467991473532e-16,-1.0,0.7818314824680298,0.6234898018587336,0.49999999999999994,0.8660254037844387,14.8,14.75,15.2,16.55,16.1,95.88821,95.26723,92.248695,88.25909,95.62149,7.8583965,6.198903,8.942214,10.144082,3.148714,0.8,2.1,4.8,0.1,0.0,7.1,3.9,41.7,1,1.3166666666666673,1.8819316317726078,4.8,0.7999999999999999,1.429558100825013,4.8,2.379166666666667,4.0465744145827225,14.5,2.5437499999999997,3.3333840864930244,14.5
2026-06-16 03:00:00+00:00,0.0,14.55,95.88039,0.0,6.8541956,1.2246467991473532e-16,-1.0,0.7818314824680298,0.6234898018587336,0.7071067811865475,0.7071067811865476,14.65,14.95,14.9,16.25,16.35,96.1948,95.58321,94.96458,88.519226,95.93623,7.229191,7.8954163,8.163749,9.021574,2.8460498,0.0,0.8,2.1,0.0,0.3,7.6,0.8,43.6,1,1.3000000000000007,1.8952572384770472,4.8,0.7999999999999999,1.429558100825013,4.8,2.0833333333333335,3.9446900651568098,14.5,2.4625,3.3471248379543437,14.5
2026-06-16 04:00:00+00:00,0.9,14.5,95.56807,0.0,6.3639607,1.2246467991473532e-16,-1.0,0.7818314824680298,0.6234898018587336,0.8660254037844386,0.5000000000000001,14.55,14.8,14.7,16.3,16.45,95.88039,95.88821,96.50828,87.10315,96.863304,6.8541956,7.8583965,6.151683,8.587338,3.7971036,0.0,0.0,0.8,0.1,1.4,9.2,0.2,46.4,1,1.3000000000000007,1.8952572384770472,4.8,0.7749999999999999,1.4416688561896398,4.8,1.7666666666666666,3.7843690722978183,14.5,2.4458333333333333,3.357554729094535,14.5
2026-06-16 05:00:00+00:00,1.7,14.45,94.63918,0.0,7.353611,1.2246467991473532e-16,-1.0,0.7818314824680298,0.6234898018587336,0.9659258262890683,0.25881904510252074,14.5,14.65,14.75,16.35,16.35,95.56807,96.1948,95.26723,85.98644,96.551834,6.3639607,7.229191,6.198903,8.942214,4.73506,0.9,0.0,0.0,4.8,0.0,14.5,0.2,49.5,1,1.4333333333333338,1.8206226041292335,4.8,0.7333333333333334,1.4291340883284163,4.8,1.4208333333333334,3.4390316087234583,14.5,2.4604166666666667,3.3491021078906873,14.5
2026-06-16 06:00:00+00:00,2.3,14.5,94.94928,0.0,7.289444,1.2246467991473532e-16,-1.0,0.7818314824680298,0.6234898018587336,1.0,6.123233995736766e-17,14.45,14.55,14.95,15.7,16.45,94.63918,95.88039,95.58321,89.33859,97.48362,7.353611,6.8541956,7.8954163,9.039514,5.637765,1.7,0.9,0.0,2.1,0.0,8.9,3.8,52.8,1,0.9166666666666673,0.8612007121840431,2.1,0.875,1.4340819045957476,4.8,0.8875000000000001,2.023838904914487,8.9,2.4916666666666667,3.3345281546546026,14.5
2026-06-16 07:00:00+00:00,0.0,14.35,95.87411,0.0,7.570707,1.2246467991473532e-16,-1.0,0.7818314824680298,0.6234898018587336,0.9659258262890683,-0.25881904510252063,14.5,14.5,14.8,15.45,16.3,94.94928,95.56807,95.88821,91.667564,97.48076,7.289444,6.3639607,7.8583965,9.422101,5.402999,2.3,1.7,0.9,0.8,0.0,0.0,3.6,56.2,1,0.9500000000000005,0.9181503144908446,2.3,1.0666666666666667,1.4599709420098812,4.8,0.6124999999999999,1.1456202041583954,4.8,2.4604166666666667,3.3290302455649687,14.5
2026-06-16 08:00:00+00:00,0.4,14.5,94.334,0.0,7.3799996,1.2246467991473532e-16,-1.0,0.7818314824680298,0.6234898018587336,0.8660254037844387,-0.4999999999999998,14.35,14.45,14.65,15.2,16.0,95.87411,94.63918,96.1948,92.248695,98.415215,7.570707,7.353611,7.229191,8.942214,6.2067385,0.0,2.3,1.7,0.0,0.1,0.0,2.1,64.6,1,0.8166666666666673,0.9988326519824536,2.3,1.0666666666666667,1.4599709420098812,4.8,0.6124999999999999,1.1456202041583954,4.8,2.3854166666666665,3.3433318572647326,14.5
2026-06-16 09:00:00+00:00,0.2,14.45,94.33186,0.0,6.341009,1.2246467991473532e-16,-1.0,0.7818314824680298,0.6234898018587336,0.7071067811865476,-0.7071067811865475,14.5,14.5,14.55,14.9,15.75,94.334,94.94928,95.88039,94.96458,98.09729,7.3799996,7.289444,6.8541956,8.163749,5.020677,0.4,0.0,2.3,0.0,0.0,0.0,3.4,51.1,1,0.8833333333333339,0.9453394452080706,2.3,1.0916666666666666,1.4443987949267847,4.8,0.6291666666666667,1.139213751240961,4.8,2.35,3.355402122586076,14.5
2026-06-16 10:00:00+00:00,0.0,14.25,94.63105,0.0,5.5799994,1.2246467991473532e-16,-1.0,0.7818314824680298,0.6234898018587336,0.49999999999999994,-0.8660254037844387,14.45,14.35,14.5,14.7,15.95,94.33186,95.87411,95.56807,96.50828,96.85137,6.341009,7.570707,6.3639607,6.151683,4.6730714,0.2,0.4,0.0,0.9,0.1,0.0,2.1,45.7,1,0.9166666666666673,0.9108603991097116,2.3,1.1083333333333334,1.4317556503895181,4.8,0.6375,1.1351355023510017,4.8,2.283333333333333,3.3658695777145344,14.5
2026-06-16 11:00:00+00:00,0.0,14.4,93.10881,0.0,6.12,1.2246467991473532e-16,-1.0,0.7818314824680298,0.6234898018587336,0.258819045102521,-0.9659258262890682,14.25,14.5,14.45,14.75,15.95,94.63105,94.334,94.63918,95.26723,95.923935,5.5799994,7.3799996,7.353611,6.198903,6.5049515,0.0,0.2,0.4,1.7,4.8,0.2,0.2,45.4,1,0.7666666666666672,0.9852241707684098,2.3,1.1,1.438433491367946,4.8,0.6375,1.1351355023510017,4.8,2.2395833333333335,3.381913067023992,14.5
2026-06-16 12:00:00+00:00,0.1,15.0,90.16085,0.0,8.885877,1.2246467991473532e-16,-1.0,0.7818314824680298,0.6234898018587336,1.2246467991473532e-16,-1.0,14.4,14.45,14.5,14.95,16.1,93.10881,94.33186,94.94928,95.58321,93.19596,6.12,6.341009,7.289444,7.8954163,6.924738,0.0,0.0,0.2,2.3,2.1,0.0,0.2,44.4,1,0.4833333333333339,0.9042492281812002,2.3,0.7000000000000001,0.8717797887070159,2.3,0.6291666666666667,1.139213751240961,4.8,2.2354166666666666,3.3846015248872834,14.5
2026-06-16 13:00:00+00:00,0.1,15.5,87.02832,0.0,9.044888,1.2246467991473532e-16,-1.0,0.7818314824680298,0.6234898018587336,-0.2588190451025208,-0.9659258262890683,15.0,14.25,14.35,14.8,16.4,90.16085,94.63105,95.87411,95.88821,90.55296,8.885877,5.5799994,7.570707,7.8583965,9.3962755,0.1,0.0,0.0,0.0,0.8,0.0,0.1,43.1,1,0.11666666666666727,0.16020819787479904,0.4,0.5333333333333333,0.7643575238332287,2.3,0.6333333333333333,1.1369932379704002,4.8,2.233333333333333,3.385911570481484,14.5
2026-06-16 14:00:00+00:00,0.8,15.5,85.90058,0.0,8.649369,1.2246467991473532e-16,-1.0,0.7818314824680298,0.6234898018587336,-0.4999999999999997,-0.8660254037844388,15.5,14.4,14.5,14.65,16.55,87.02832,93.10881,94.334,96.1948,88.25909,9.044888,6.12,7.3799996,7.229191,10.144082,0.1,0.1,0.0,0.4,0.0,0.0,1.5,32.4,1,0.13333333333333394,0.15055453054056867,0.4,0.4749999999999999,0.7688539286720211,2.3,0.6375000000000001,1.134752415058135,4.8,2.2333333333333334,3.385911570481484,14.5
2026-06-16 15:00:00+00:00,0.0,15.9,83.18506,0.0,7.256032,1.2246467991473532e-16,-1.0,0.7818314824680298,0.6234898018587336,-0.7071067811865471,-0.7071067811865479,15.5,15.0,14.45,14.55,16.25,85.90058,90.16085,94.33186,95.88039,88.519226,8.649369,8.885877,6.341009,6.8541956,9.021574,0.8,0.1,0.1,0.2,0.0,0.3,1.1,23.6,1,0.20000000000000062,0.30331501776144454,0.8,0.5416666666666666,0.7585372686142908,2.3,0.6708333333333334,1.1269347292811493,4.8,2.21875,3.3906414537790526,14.5
2026-06-16 16:00:00+00:00,0.8,16.35,80.83164,0.0,5.6521144,1.2246467991473532e-16,-1.0,0.7818314824680298,0.6234898018587336,-0.8660254037844384,-0.5000000000000004,15.9,15.5,14.25,14.5,16.3,83.18506,87.02832,94.63105,95.56807,87.10315,7.256032,9.044888,5.5799994,6.3639607,8.587338,0.0,0.8,0.1,0.0,0.9,1.4,0.7,18.7,1,0.16666666666666727,0.3141125063831295,0.8,0.5416666666666666,0.7585372686142908,2.3,0.6583333333333333,1.132875013893173,4.8,2.1958333333333333,3.402061848746265,14.5
2026-06-16 17:00:00+00:00,0.0,17.0,78.071,0.0,2.968636,1.2246467991473532e-16,-1.0,0.7818314824680298,0.6234898018587336,-0.9659258262890683,-0.25881904510252063,16.35,15.5,14.4,14.45,16.35,80.83164,85.90058,93.10881,94.63918,85.98644,5.6521144,8.649369,6.12,7.353611,8.942214,0.8,0.0,0.8,0.0,1.7,0.0,0.8,11.8,1,0.30000000000000066,0.3898717737918802,0.8,0.5333333333333333,0.7547827301250408,2.3,0.6333333333333333,1.12236809689582,4.8,2.1979166666666665,3.4011568484563073,14.5
2026-06-16 18:00:00+00:00,0.1,17.45,76.626724,0.0,3.3481934,1.2246467991473532e-16,-1.0,0.7818314824680298,0.6234898018587336,-1.0,-1.8369701987210297e-16,17.0,15.9,15.0,14.5,15.7,78.071,83.18506,90.16085,94.94928,89.33859,2.968636,7.256032,8.885877,7.289444,9.039514,0.0,0.8,0.0,0.1,2.3,0.0,4.3,11.4,1,0.30000000000000066,0.3898717737918802,0.8,0.39166666666666666,0.6707639245086723,2.3,0.6333333333333333,1.12236809689582,4.8,2.18125,3.4101011559214545,14.5
2026-06-16 19:00:00+00:00,0.1,17.55,76.39327,0.0,5.728979,1.2246467991473532e-16,-1.0,0.7818314824680298,0.6234898018587336,-0.9659258262890684,0.2588190451025203,17.45,16.35,15.5,14.35,15.45,76.626724,80.83164,87.02832,95.87411,91.667564,3.3481934,5.6521144,9.044888,7.570707,9.422101,0.1,0.0,0.8,0.1,0.0,0.0,2.1,12.1,1,0.3000000000000006,0.3898717737918802,0.8,0.20833333333333334,0.29987371078883596,0.8,0.6375,1.120098015898341,4.8,2.09375,3.408462949901448,14.5
2026-06-16 20:00:00+00:00,1.7,16.6,82.99794,0.0,6.384293,1.2246467991473532e-16,-1.0,0.7818314824680298,0.6234898018587336,-0.8660254037844386,0.5000000000000001,17.55,17.0,15.5,14.5,15.2,76.39327,78.071,85.90058,94.334,92.248695,5.728979,2.968636,8.649369,7.3799996,8.942214,0.1,0.1,0.0,0.8,0.4,0.1,1.9,8.8,1,0.30000000000000066,0.3898717737918802,0.8,0.21666666666666667,0.294906251150635,0.8,0.6416666666666666,1.1178071182566323,4.8,2.0520833333333335,3.4205878294951875,14.5
2026-06-16 21:00:00+00:00,3.5,15.25,91.95294,0.0,6.3690495,1.2246467991473532e-16,-1.0,0.7818314824680298,0.6234898018587336,-0.7071067811865477,0.7071067811865474,16.6,17.45,15.9,14.45,14.9,82.99794,76.626724,83.18506,94.33186,94.96458,6.384293,3.3481934,7.256032,6.341009,8.163749,1.7,0.1,0.1,0.0,0.2,0.0,4.6,16.3,1,0.4500000000000006,0.6833739825305243,1.7,0.325,0.520707560569648,1.7,0.7083333333333334,1.1317230674733458,4.8,2.0479166666666666,3.4208988232429594,14.5
2026-06-16 22:00:00+00:00,4.9,14.65,95.26364,0.0,5.896202,1.2246467991473532e-16,-1.0,0.7818314824680298,0.6234898018587336,-0.5000000000000004,0.8660254037844384,15.25,17.55,16.35,14.25,14.7,91.95294,76.39327,80.83164,94.63105,96.50828,6.3690495,5.728979,5.6521144,5.5799994,6.151683,3.5,1.7,0.1,0.8,0.0,0.1,5.1,18.4,1,1.0333333333333339,1.3706446172025428,3.5,0.6,1.0505409861754123,3.5,0.8541666666666666,1.2552426291251457,4.8,2.025,3.4070952250179687,14.5
2026-06-16 23:00:00+00:00,3.7,14.5,95.87882,0.0,5.293959,1.2246467991473532e-16,-1.0,0.7818314824680298,0.6234898018587336,-0.25881904510252157,0.9659258262890681,14.65,16.6,17.0,14.4,14.75,95.26364,82.99794,78.071,93.10881,95.26723,5.896202,6.384293,2.968636,6.12,6.198903,4.9,3.5,1.7,0.0,0.0,4.8,5.0,28.6,1,1.7166666666666675,2.073081442362146,4.9,1.0083333333333335,1.603098325874713,4.9,1.0541666666666665,1.490252142852793,4.9,2.020833333333333,3.4033749415701497,14.5
2026-06-17 00:00:00+00:00,6.0,14.85,91.6303,0.0,3.9640884,1.2246467991473532e-16,-1.0,0.9749279121818236,-0.22252093395631434,0.0,1.0,14.5,15.25,17.45,15.0,14.95,95.87882,91.95294,76.626724,90.16085,95.58321,5.293959,6.3690495,3.3481934,8.885877,7.8954163,3.7,4.9,3.5,0.1,0.1,2.1,7.3,26.6,1,2.333333333333334,2.009643417789914,4.9,1.3166666666666667,1.7413857247670095,4.9,1.0083333333333335,1.3831019537600027,4.9,1.9937500000000001,3.384281956590193,14.5
2026-06-17 01:00:00+00:00,5.9,14.7,92.21972,0.0,3.3043609,1.2246467991473532e-16,-1.0,0.9749279121818236,-0.22252093395631434,0.25881904510252074,0.9659258262890683,14.85,14.65,17.55,15.5,14.8,91.6303,95.26364,76.39327,87.02832,95.88821,3.9640884,5.896202,5.728979,9.044888,7.8583965,6.0,3.7,4.9,0.1,0.1,0.8,10.0,30.5,1,3.3166666666666678,2.137677867843128,6.0,1.8083333333333336,2.1513033399788526,6.0,1.1708333333333334,1.7079046828787234,6.0,1.9666666666666666,3.345898304042238,14.5
2026-06-17 02:00:00+00:00,23.6,14.65,91.916916,0.0,2.52,1.2246467991473532e-16,-1.0,0.9749279121818236,-0.22252093395631434,0.49999999999999994,0.8660254037844387,14.7,14.5,16.6,15.5,14.65,92.21972,95.87882,82.99794,85.90058,96.1948,3.3043609,5.293959,6.384293,8.649369,7.229191,5.9,6.0,3.7,1.7,0.8,0.0,7.1,34.0,1,4.283333333333334,1.6473210575556778,6.0,2.2916666666666665,2.3727461394810807,6.0,1.3833333333333335,1.9586301039399776,6.0,1.8812499999999999,3.1849149926863216,14.5
2026-06-17 03:00:00+00:00,32.6,14.2,92.79496,0.0,1.6981165,1.2246467991473532e-16,-1.0,0.9749279121818236,-0.22252093395631434,0.7071067811865475,0.7071067811865476,14.65,14.85,15.25,15.9,14.55,91.916916,91.6303,91.95294,83.18506,95.88039,2.52,3.9640884,6.3690495,7.256032,6.8541956,23.6,5.9,6.0,3.5,0.0,0.0,7.6,38.7,1,7.9333333333333345,7.747171526864912,23.6,4.191666666666667,6.539593861914218,23.6,2.3666666666666667,4.919761983167111,23.6,2.225,4.413591194712349,23.6
2026-06-17 04:00:00+00:00,34.2,13.8,93.38289,0.0,1.3708391,1.2246467991473532e-16,-1.0,0.9749279121818236,-0.22252093395631434,0.8660254037844386,0.5000000000000001,14.2,14.7,14.65,16.35,14.5,92.79496,92.21972,95.26364,80.83164,95.56807,1.6981165,3.3043609,5.896202,5.6521144,6.3639607,32.6,23.6,5.9,4.9,0.8,0.9,9.2,39.3,1,12.783333333333333,12.229050113016402,32.6,6.908333333333334,10.319131247201389,32.6,3.725,7.8598180087350995,32.6,2.7458333333333336,6.1821279244090945,32.6
2026-06-17 05:00:00+00:00,27.1,13.35,94.59427,0.0,0.8049845,1.2246467991473532e-16,-1.0,0.9749279121818236,-0.22252093395631434,0.9659258262890683,0.25881904510252074,13.8,14.65,14.5,17.0,14.45,93.38289,91.916916,95.87882,78.071,94.63918,1.3708391,2.52,5.293959,2.968636,7.353611,34.2,32.6,23.6,3.7,0.0,1.7,14.5,38.9,1,17.666666666666668,14.150571248775314,34.2,9.691666666666668,12.741803663769865,34.2,5.1125,9.990008595548462,34.2,3.266666666666667,7.622707770790187,34.2
2026-06-17 06:00:00+00:00,35.9,12.4,99.019516,0.0,0.56920993,1.2246467991473532e-16,-1.0,0.9749279121818236,-0.22252093395631434,1.0,6.123233995736766e-17,13.35,14.2,14.85,17.45,14.5,94.59427,92.79496,91.6303,76.626724,94.94928,0.8049845,1.6981165,3.9640884,3.3481934,7.289444,27.1,34.2,32.6,6.0,0.1,2.3,8.9,46.0,1,21.566666666666666,12.6795373206859,34.2,11.950000000000001,13.258993517266225,34.2,6.170833333333334,10.915345367543587,34.2,3.529166666666667,8.211951807108305,34.2
2026-06-17 07:00:00+00:00,32.7,11.8,100.0,0.0,0.6489992,1.2246467991473532e-16,-1.0,0.9749279121818236,-0.22252093395631434,0.9659258262890683,-0.25881904510252063,12.4,13.8,14.7,17.55,14.35,99.019516,93.38289,92.21972,76.39327,95.87411,0.56920993,1.3708391,3.3043609,5.728979,7.570707,35.9,27.1,34.2,5.9,0.1,0.0,0.0,47.0,1,26.55,11.117328815862196,35.9,14.933333333333335,14.334277629218501,35.9,7.570833333333333,12.444886470971275,35.9,4.091666666666667,9.423077902846842,35.9
2026-06-17 08:00:00+00:00,34.1,11.55,100.0,0.0,1.7076298,1.2246467991473532e-16,-1.0,0.9749279121818236,-0.22252093395631434,0.8660254037844387,-0.4999999999999998,11.8,13.35,14.65,16.6,14.5,100.0,94.59427,91.916916,82.99794,94.334,0.6489992,0.8049845,2.52,6.384293,7.3799996,32.7,35.9,27.1,23.6,1.7,0.4,0.0,58.9,1,31.01666666666667,4.683339264527679,35.9,17.650000000000002,14.356658258927643,35.9,8.933333333333334,13.337970208219982,35.9,4.772916666666667,10.26536709157654,35.9
2026-06-17 09:00:00+00:00,32.1,11.65,99.6703,0.0,2.0991426,1.2246467991473532e-16,-1.0,0.9749279121818236,-0.22252093395631434,0.7071067811865476,-0.7071067811865475,11.55,12.4,14.2,15.25,14.45,100.0,99.019516,92.79496,91.95294,94.33186,1.7076298,0.56920993,1.6981165,6.3690495,6.341009,34.1,32.7,35.9,32.6,3.5,0.2,0.0,58.9,1,32.76666666666667,3.0263289092011583,35.9,20.35,14.129176775864737,35.9,10.3375,14.149752263924487,35.9,5.483333333333333,11.075972332963246,35.9
2026-06-17 10:00:00+00:00,27.0,11.9,96.43247,0.0,1.0948973,1.2246467991473532e-16,-1.0,0.9749279121818236,-0.22252093395631434,0.49999999999999994,-0.8660254037844387,11.65,11.8,13.8,14.65,14.25,99.6703,100.0,93.38289,95.26364,94.63105,2.0991426,0.6489992,1.3708391,5.896202,5.5799994,32.1,34.1,32.7,34.2,4.9,0.0,0.0,54.1,1,32.68333333333333,3.0386948952908504,35.9,22.733333333333334,13.42300151594154,35.9,11.666666666666666,14.645660187196816,35.9,6.152083333333334,11.689911809785706,35.9
2026-06-17 11:00:00+00:00,26.3,11.8,98.03839,0.0,0.40249225,1.2246467991473532e-16,-1.0,0.9749279121818236,-0.22252093395631434,0.258819045102521,-0.9659258262890682,11.9,11.55,13.35,14.5,14.4,96.43247,100.0,94.59427,95.87882,93.10881,1.0948973,1.7076298,0.8049845,5.293959,6.12,27.0,32.1,34.1,27.1,3.7,0.0,0.2,44.3,1,31.483333333333334,3.675005668929867,35.9,24.575000000000003,12.215573145486319,35.9,12.791666666666666,14.74717118538385,35.9,6.714583333333334,12.032172998122057,35.9
2026-06-17 12:00:00+00:00,24.5,13.35,91.536125,0.0,1.08,1.2246467991473532e-16,-1.0,0.9749279121818236,-0.22252093395631434,1.2246467991473532e-16,-1.0,11.8,11.65,12.4,14.85,15.0,98.03839,99.6703,99.019516,91.6303,90.16085,0.40249225,2.0991426,0.56920993,3.9640884,8.885877,26.3,27.0,32.1,35.9,6.0,0.1,0.0,42.2,1,31.350000000000005,3.8749193539995126,35.9,26.458333333333332,10.295935502847092,35.9,13.887500000000001,14.732463783442194,35.9,7.258333333333334,12.317861677744911,35.9
2026-06-17 13:00:00+00:00,25.7,14.55,82.749725,0.0,3.06,1.2246467991473532e-16,-1.0,0.9749279121818236,-0.22252093395631434,-0.2588190451025208,-0.9659258262890683,13.35,11.9,11.8,14.7,15.5,91.536125,96.43247,100.0,92.21972,87.02832,1.08,1.0948973,0.6489992,3.3043609,9.044888,24.5,26.3,27.0,32.7,5.9,0.1,0.0,46.7,1,29.450000000000003,3.990864567985239,34.1,28.0,8.106338709474622,35.9,14.904166666666667,14.58076395585063,35.9,7.768750000000001,12.516697889772276,35.9
2026-06-17 14:00:00+00:00,20.4,15.85,76.120445,0.0,3.4247334,1.2246467991473532e-16,-1.0,0.9749279121818236,-0.22252093395631434,-0.4999999999999997,-0.8660254037844388,14.55,11.8,11.55,14.65,15.5,82.749725,98.03839,100.0,91.916916,85.90058,3.06,0.40249225,1.7076298,2.52,8.649369,25.7,24.5,26.3,34.1,23.6,0.8,0.0,73.7,1,28.28333333333333,3.872165630066292,34.1,29.650000000000002,4.338516713431764,35.9,15.970833333333333,14.385756215231053,35.9,8.304166666666667,12.725246448030802,35.9
2026-06-17 15:00:00+00:00,11.1,16.8,68.86225,0.0,2.7534704,1.2246467991473532e-16,-1.0,0.9749279121818236,-0.22252093395631434,-0.7071067811865471,-0.7071067811865479,15.85,13.35,11.65,14.2,15.9,76.120445,91.536125,99.6703,92.79496,83.18506,3.4247334,1.08,2.0991426,1.6981165,7.256032,20.4,25.7,24.5,32.1,32.6,0.0,0.3,48.4,1,26.0,3.7947331922020604,32.1,29.38333333333333,4.8162288780808655,35.9,16.7875,14.039240426003513,35.9,8.729166666666666,12.782533933413408,35.9
2026-06-17 16:00:00+00:00,18.5,17.8,57.126125,0.0,2.2768397,1.2246467991473532e-16,-1.0,0.9749279121818236,-0.22252093395631434,-0.8660254037844384,-0.5000000000000004,16.8,14.55,11.9,13.8,16.35,68.86225,82.749725,96.43247,93.38289,80.83164,2.7534704,3.06,1.0948973,1.3708391,5.6521144,11.1,20.4,25.7,27.0,34.2,0.8,1.4,39.3,1,22.5,6.054750201288247,27.0,27.59166666666667,7.010181988732597,35.9,17.25,13.63929744461237,35.9,8.954166666666667,12.725931949041344,35.9
2026-06-17 17:00:00+00:00,23.9,18.45,51.78081,0.0,2.1068459,1.2246467991473532e-16,-1.0,0.9749279121818236,-0.22252093395631434,-0.9659258262890683,-0.25881904510252063,17.8,15.85,11.8,13.35,17.0,57.126125,76.120445,98.03839,94.59427,78.071,2.2768397,3.4247334,0.40249225,0.8049845,2.968636,18.5,11.1,20.4,26.3,27.1,0.0,0.0,36.5,1,21.083333333333332,5.779417502367064,26.3,26.28333333333333,7.128793514311964,35.9,17.9875,13.182013849576837,35.9,9.310416666666667,12.749288500520471,35.9
2026-06-17 18:00:00+00:00,15.0,19.2,45.53318,0.0,3.244996,1.2246467991473532e-16,-1.0,0.9749279121818236,-0.22252093395631434,-1.0,-1.8369701987210297e-16,18.45,16.8,13.35,12.4,17.45,51.78081,68.86225,91.536125,99.019516,76.626724,2.1068459,2.7534704,1.08,0.56920993,3.3481934,23.9,18.5,11.1,24.5,35.9,0.1,0.0,44.3,1,20.683333333333334,5.417902423140043,25.7,26.016666666666666,7.155269302260966,35.9,18.983333333333334,12.656349726749724,35.9,9.808333333333334,12.844285646109917,35.9
2026-06-17 19:00:00+00:00,3.1,19.2,49.41081,0.0,2.8460498,1.2246467991473532e-16,-1.0,0.9749279121818236,-0.22252093395631434,-0.9659258262890684,0.2588190451025203,19.2,17.8,14.55,11.8,17.55,45.53318,57.126125,82.749725,100.0,76.39327,3.244996,2.2768397,3.06,0.6489992,5.728979,15.0,23.9,18.5,25.7,32.7,0.1,0.0,58.3,1,19.099999999999998,5.467357679903529,25.7,24.274999999999995,7.0740402497119526,34.1,19.604166666666668,12.0402397479621,35.9,10.120833333333334,12.782900119338839,35.9
2026-06-17 20:00:00+00:00,3.0,18.45,60.230263,0.0,1.781909,1.2246467991473532e-16,-1.0,0.9749279121818236,-0.22252093395631434,-0.8660254037844386,0.5000000000000001,19.2,18.45,15.85,11.55,16.6,49.41081,51.78081,76.120445,100.0,82.99794,2.8460498,2.1068459,3.4247334,1.7076298,6.384293,3.1,15.0,23.9,20.4,34.1,1.7,0.1,53.5,1,15.333333333333334,7.440071684242485,23.9,21.808333333333334,8.815529513651452,34.1,19.729166666666668,11.842902081421833,35.9,10.185416666666667,12.738432208943296,35.9
2026-06-17 21:00:00+00:00,2.1,16.35,78.48632,0.0,9.5196,1.2246467991473532e-16,-1.0,0.9749279121818236,-0.22252093395631434,-0.7071067811865477,0.7071067811865474,18.45,19.2,16.8,11.65,15.25,60.230263,45.53318,68.86225,99.6703,91.95294,1.781909,3.244996,2.7534704,2.0991426,6.3690495,3.0,3.1,15.0,11.1,32.1,3.5,0.0,48.4,1,12.433333333333332,8.399444426071694,23.9,19.216666666666665,9.42393792745926,32.1,19.783333333333335,11.759535138204543,35.9,10.245833333333334,12.696388468452119,35.9
2026-06-17 22:00:00+00:00,1.5,15.2,93.15004,0.0,7.327127,1.2246467991473532e-16,-1.0,0.9749279121818236,-0.22252093395631434,-0.5000000000000004,0.8660254037844384,16.35,19.2,17.8,11.9,14.65,78.48632,49.41081,57.126125,96.43247,95.26364,9.5196,2.8460498,2.2768397,1.0948973,5.896202,2.1,3.0,3.1,18.5,27.0,4.9,0.1,43.9,1,10.933333333333332,9.42606315842764,23.9,16.716666666666665,9.671498270065387,27.0,19.725,11.8469680582803,35.9,10.289583333333335,12.663908165943916,35.9
2026-06-17 23:00:00+00:00,1.2,14.45,95.25645,0.0,5.5596404,1.2246467991473532e-16,-1.0,0.9749279121818236,-0.22252093395631434,-0.25881904510252157,0.9659258262890681,15.2,18.45,18.45,11.8,14.5,93.15004,60.230263,51.78081,98.03839,95.87882,7.327127,1.781909,2.1068459,0.40249225,5.293959,1.5,2.1,3.0,23.9,26.3,3.7,4.8,39.0,1,8.1,9.250081080725737,23.9,14.591666666666667,10.002405013825673,26.3,19.583333333333332,12.050533694357329,35.9,10.31875,12.641533307384123,35.9
2026-06-18 00:00:00+00:00,2.4,13.35,96.15681,0.0,5.3939967,1.2246467991473532e-16,-1.0,0.43388373911755823,-0.900968867902419,0.0,1.0,14.45,16.35,19.2,13.35,14.85,95.25645,78.48632,45.53318,91.536125,91.6303,5.5596404,9.5196,3.244996,1.08,3.9640884,1.2,1.5,2.1,15.0,24.5,6.0,2.1,40.3,1,4.316666666666666,5.289770001301282,15.0,12.5,9.955720146547032,25.7,19.479166666666668,12.20363378409204,35.9,10.24375,12.68557408608759,35.9
2026-06-18 01:00:00+00:00,4.4,12.4,96.7646,0.0,4.327493,1.2246467991473532e-16,-1.0,0.43388373911755823,-0.900968867902419,0.25881904510252074,0.9659258262890683,13.35,15.2,19.2,14.55,14.7,96.15681,93.15004,49.41081,82.749725,92.21972,5.3939967,7.327127,2.8460498,3.06,3.3043609,2.4,1.2,1.5,3.1,25.7,5.9,0.8,41.6,1,2.216666666666667,0.7730890418748617,3.1,10.658333333333333,9.570737440318478,25.7,19.329166666666666,12.397106224987503,35.9,10.25,12.681549673744907,35.9
2026-06-18 02:00:00+00:00,7.3,11.75,97.39111,0.0,3.7585104,1.2246467991473532e-16,-1.0,0.43388373911755823,-0.900968867902419,0.49999999999999994,0.8660254037844387,12.4,14.45,18.45,15.85,14.65,96.7646,95.25645,60.230263,76.120445,91.916916,4.327493,5.5596404,1.781909,3.4247334,2.52,4.4,2.4,1.2,3.0,20.4,23.6,0.0,40.4,1,2.4333333333333336,1.1570076346623601,4.4,8.883333333333333,8.435297411724205,23.9,19.26666666666667,12.471312007499714,35.9,10.325000000000001,12.63503235267688,35.9
2026-06-18 03:00:00+00:00,6.4,11.35,99.34001,0.0,3.362677,1.2246467991473532e-16,-1.0,0.43388373911755823,-0.900968867902419,0.7071067811865475,0.7071067811865476,11.75,13.35,16.35,16.8,14.2,97.39111,96.15681,78.48632,68.86225,92.79496,3.7585104,5.3939967,9.5196,2.7534704,1.6981165,7.3,4.4,2.4,2.1,11.1,32.6,0.0,32.2,1,3.15,2.3227139298674544,7.3,7.791666666666667,7.617379450767062,23.9,18.587500000000002,12.667360059205942,35.9,10.477083333333333,12.551769216369177,35.9
2026-06-18 04:00:00+00:00,11.1,11.15,100.0,0.0,2.9024127,1.2246467991473532e-16,-1.0,0.43388373911755823,-0.900968867902419,0.8660254037844386,0.5000000000000001,11.35,12.4,15.2,17.8,13.8,99.34001,96.7646,93.15004,57.126125,93.38289,3.362677,4.327493,7.327127,2.2768397,1.3708391,6.4,7.3,4.4,1.5,18.5,34.2,0.9,30.0,1,3.8666666666666667,2.5827633779862555,7.3,7.3999999999999995,7.552362664635512,23.9,17.495833333333334,12.53553138488553,35.9,10.610416666666667,12.471844709624671,35.9
2026-06-18 05:00:00+00:00,26.0,11.1,99.33871,0.0,2.8001428,1.2246467991473532e-16,-1.0,0.43388373911755823,-0.900968867902419,0.9659258262890683,0.25881904510252074,11.15,11.75,14.45,18.45,13.35,100.0,97.39111,95.25645,51.78081,94.59427,2.9024127,3.7585104,5.5596404,2.1068459,0.8049845,11.1,6.4,7.3,1.2,23.9,27.1,1.7,31.0,1,5.466666666666666,3.5975917871080028,11.1,6.783333333333334,6.831322690150734,23.9,16.533333333333335,12.075583221730056,35.9,10.822916666666666,12.389498634667978,35.9
2026-06-18 06:00:00+00:00,18.1,11.5,98.03382,0.0,4.752136,1.2246467991473532e-16,-1.0,0.43388373911755823,-0.900968867902419,1.0,6.123233995736766e-17,11.1,11.35,13.35,19.2,12.4,99.33871,99.34001,96.15681,45.53318,99.019516,2.8001428,3.362677,5.3939967,3.244996,0.56920993,26.0,11.1,6.4,2.4,15.0,35.9,2.3,33.7,1,9.6,8.551257217509027,26.0,6.958333333333333,7.319147781157504,26.0,16.4875,12.035755155947381,35.9,11.329166666666666,12.504721803218436,35.9
2026-06-18 07:00:00+00:00,18.0,11.3,97.70589,0.0,4.3349743,1.2246467991473532e-16,-1.0,0.43388373911755823,-0.900968867902419,0.9659258262890683,-0.25881904510252063,11.5,11.15,12.4,19.2,11.8,98.03382,100.0,96.7646,49.41081,100.0,4.752136,2.9024127,4.327493,2.8460498,0.6489992,18.1,26.0,11.1,4.4,3.1,32.7,0.0,34.5,1,12.216666666666667,8.306001846054867,26.0,7.216666666666666,7.674850704302457,26.0,15.745833333333332,11.314322557163429,34.1,11.658333333333333,12.469892820323462,35.9
2026-06-18 08:00:00+00:00,11.0,11.6,96.10478,0.0,6.522361,1.2246467991473532e-16,-1.0,0.43388373911755823,-0.900968867902419,0.8660254037844387,-0.4999999999999998,11.3,11.1,11.75,18.45,11.55,97.70589,99.33871,97.39111,60.230263,100.0,4.3349743,2.8001428,3.7585104,1.781909,1.7076298,18.0,18.1,26.0,7.3,3.0,34.1,0.4,32.5,1,14.483333333333333,7.569257999742567,26.0,8.458333333333334,8.139517333616352,26.0,15.133333333333333,10.739916065847549,34.1,12.033333333333333,12.382182348694114,35.9
2026-06-18 09:00:00+00:00,11.7,11.65,93.89721,0.0,7.0407386,1.2246467991473532e-16,-1.0,0.43388373911755823,-0.900968867902419,0.7071067811865476,-0.7071067811865475,11.6,11.5,11.35,16.35,11.65,96.10478,98.03382,99.34001,78.48632,99.6703,6.522361,4.752136,3.362677,9.5196,2.0991426,11.0,18.0,18.1,6.4,2.1,32.1,0.2,30.5,1,15.1,6.995998856489342,26.0,9.125,7.977824378750166,26.0,14.170833333333333,9.974030591084286,32.1,12.254166666666668,12.26425281715607,35.9
2026-06-18 10:00:00+00:00,18.5,11.6,93.58287,0.0,7.841887,1.2246467991473532e-16,-1.0,0.43388373911755823,-0.900968867902419,0.49999999999999994,-0.8660254037844387,11.65,11.3,11.15,15.2,11.9,93.89721,97.70589,100.0,93.15004,96.43247,7.0407386,4.3349743,2.9024127,7.327127,1.0948973,11.7,11.0,18.0,11.1,1.5,27.0,0.0,28.8,1,15.983333333333333,5.9314135470954,26.0,9.924999999999999,7.685301792145988,26.0,13.320833333333333,9.220439448485607,27.0,12.49375,12.135413383100035,35.9
2026-06-18 11:00:00+00:00,21.2,12.15,89.35328,0.0,7.596341,1.2246467991473532e-16,-1.0,0.43388373911755823,-0.900968867902419,0.258819045102521,-0.9659258262890682,11.6,11.6,11.1,14.45,11.8,93.58287,96.10478,99.33871,95.25645,98.03839,7.841887,6.522361,2.8001428,5.5596404,0.40249225,18.5,11.7,11.0,26.0,1.2,26.3,0.0,25.6,1,17.216666666666665,5.463850900845192,26.0,11.341666666666667,7.556870243611877,26.0,12.966666666666667,8.82701715666505,26.3,12.879166666666668,12.023433827027446,35.9
2026-06-18 12:00:00+00:00,10.0,13.5,76.24697,0.0,8.854829,1.2246467991473532e-16,-1.0,0.43388373911755823,-0.900968867902419,1.2246467991473532e-16,-1.0,12.15,11.65,11.5,13.35,13.35,89.35328,93.89721,98.03382,96.15681,91.536125,7.596341,7.0407386,4.752136,5.3939967,1.08,21.2,18.5,11.7,18.1,2.4,24.5,0.1,30.3,1,16.416666666666668,4.102397672906276,21.2,13.008333333333335,7.318526718768754,26.0,12.754166666666668,8.549089916815607,26.0,13.320833333333333,11.929276668933943,35.9
2026-06-18 13:00:00+00:00,4.5,14.9,62.284306,0.0,9.194106,1.2246467991473532e-16,-1.0,0.43388373911755823,-0.900968867902419,-0.2588190451025208,-0.9659258262890683,13.5,11.6,11.3,12.4,14.55,76.24697,93.58287,97.70589,96.7646,82.749725,8.854829,7.841887,4.3349743,4.327493,3.06,10.0,21.2,18.5,18.0,4.4,25.7,0.1,30.7,1,15.066666666666668,4.723416842357536,21.2,13.641666666666666,6.611760642058788,26.0,12.15,8.187636490730952,26.0,13.527083333333332,11.780487646290252,35.9
2026-06-18 14:00:00+00:00,2.0,16.0,57.84593,0.0,9.178235,1.2246467991473532e-16,-1.0,0.43388373911755823,-0.900968867902419,-0.4999999999999997,-0.8660254037844388,14.9,12.15,11.6,11.75,15.85,62.284306,89.35328,96.10478,97.39111,76.120445,9.194106,7.596341,6.522361,3.7585104,3.4247334,4.5,10.0,21.2,11.0,7.3,20.4,0.8,23.9,1,12.816666666666668,6.070063151785726,21.2,13.65,6.599104622460586,26.0,11.266666666666667,7.796468914594169,26.0,13.61875,11.690560954271271,35.9
2026-06-18 15:00:00+00:00,0.0,16.85,56.12113,0.0,9.2660675,1.2246467991473532e-16,-1.0,0.43388373911755823,-0.900968867902419,-0.7071067811865471,-0.7071067811865479,16.0,13.5,11.65,11.35,16.8,57.84593,76.24697,93.89721,99.34001,68.86225,9.178235,8.854829,7.0407386,3.362677,2.7534704,2.0,4.5,10.0,11.7,6.4,11.1,0.0,20.1,1,11.316666666666668,7.54225872445827,21.2,13.208333333333334,7.211664583201641,26.0,10.5,7.763907577345738,26.0,13.643749999999999,11.663817597915653,35.9
2026-06-18 16:00:00+00:00,0.0,17.4,54.942265,0.0,9.9408245,1.2246467991473532e-16,-1.0,0.43388373911755823,-0.900968867902419,-0.8660254037844384,-0.5000000000000004,16.85,14.9,11.6,11.15,17.8,56.12113,62.284306,93.58287,100.0,57.126125,9.2660675,9.194106,7.841887,2.9024127,2.2768397,0.0,2.0,4.5,18.5,11.1,18.5,0.8,14.2,1,9.366666666666667,8.826475325217134,21.2,12.675000000000002,7.958885828830719,26.0,10.0375,8.051886762416867,26.0,13.643749999999999,11.663817597915653,35.9
2026-06-18 17:00:00+00:00,0.3,17.6,54.2532,0.0,9.957108,1.2246467991473532e-16,-1.0,0.43388373911755823,-0.900968867902419,-0.9659258262890683,-0.25881904510252063,17.4,16.0,12.15,11.1,18.45,54.942265,57.84593,89.35328,99.33871,51.78081,9.9408245,9.178235,7.596341,2.8001428,2.1068459,0.0,0.0,2.0,21.2,26.0,23.9,0.0,7.5,1,6.283333333333334,8.20741534629916,21.2,11.75,8.762990357178237,26.0,9.266666666666666,8.091953419597084,26.0,13.627083333333333,11.683116379345599,35.9
2026-06-18 18:00:00+00:00,0.2,17.8,54.121407,0.0,9.807935,1.2246467991473532e-16,-1.0,0.43388373911755823,-0.900968867902419,-1.0,-1.8369701987210297e-16,17.6,16.85,13.5,11.5,19.2,54.2532,56.12113,76.24697,98.03382,45.53318,9.957108,9.2660675,8.854829,4.752136,3.244996,0.3,0.0,0.0,10.0,18.1,15.0,0.1,8.7,1,2.7999999999999994,3.9319206502675383,10.0,9.608333333333333,8.077404886284231,21.2,8.283333333333333,7.658735658322427,26.0,13.633333333333335,11.675749250792258,35.9
2026-06-18 19:00:00+00:00,0.1,16.8,60.038578,0.0,10.548061,1.2246467991473532e-16,-1.0,0.43388373911755823,-0.900968867902419,-0.9659258262890684,0.2588190451025203,17.8,17.4,14.9,11.3,19.2,54.121407,54.942265,62.284306,97.70589,49.41081,9.807935,9.9408245,9.194106,4.3349743,2.8460498,0.2,0.3,0.0,4.5,18.0,3.1,0.1,10.1,1,1.166666666666666,1.8007405883877292,4.5,8.116666666666665,8.01927601961589,21.2,7.666666666666667,7.690178189074143,26.0,13.635416666666666,11.6732917486126,35.9
2026-06-18 20:00:00+00:00,2.1,15.3,70.89621,0.0,10.855358,1.2246467991473532e-16,-1.0,0.43388373911755823,-0.900968867902419,-0.8660254037844386,0.5000000000000001,16.8,17.6,16.0,11.6,18.45,60.038578,54.2532,57.84593,96.10478,60.230263,10.548061,9.957108,9.178235,6.522361,1.781909,0.1,0.2,0.3,2.0,11.0,3.0,1.7,12.3,1,0.43333333333333274,0.7763160868273895,2.0,6.625,7.670975403191056,21.2,7.541666666666667,7.791350648477951,26.0,13.635416666666666,11.6732917486126,35.9
2026-06-18 21:00:00+00:00,4.9,13.8,80.486885,0.0,9.449572,1.2246467991473532e-16,-1.0,0.43388373911755823,-0.900968867902419,-0.7071067811865477,0.7071067811865474,15.3,17.8,16.85,11.65,16.35,70.89621,54.121407,56.12113,93.89721,78.48632,10.855358,9.807935,9.2660675,7.0407386,9.5196,2.1,0.1,0.2,0.0,11.7,2.1,3.5,25.2,1,0.44999999999999946,0.8167006795640152,2.1,5.883333333333334,7.639708863245381,21.2,7.504166666666667,7.816286183997262,26.0,13.643750000000002,11.664729639095437,35.9
2026-06-18 22:00:00+00:00,10.3,12.9,87.06971,0.0,8.461915,1.2246467991473532e-16,-1.0,0.43388373911755823,-0.900968867902419,-0.5000000000000004,0.8660254037844384,13.8,16.8,17.4,11.6,15.2,80.486885,60.038578,54.942265,93.58287,93.15004,9.449572,10.548061,9.9408245,7.841887,7.327127,4.9,2.1,0.1,0.0,18.5,1.5,4.9,31.1,1,1.2666666666666662,1.9459359359102715,4.9,5.316666666666667,7.418016560844832,21.2,7.620833333333333,7.752754302527835,26.0,13.672916666666667,11.640551635377363,35.9
2026-06-18 23:00:00+00:00,5.4,12.5,91.17926,0.0,6.989936,1.2246467991473532e-16,-1.0,0.43388373911755823,-0.900968867902419,-0.25881904510252157,0.9659258262890681,12.9,15.3,17.6,12.15,14.45,87.06971,70.89621,54.2532,89.35328,95.25645,8.461915,10.855358,9.957108,7.596341,5.5596404,10.3,4.9,2.1,0.3,21.2,1.2,3.7,32.9,1,2.983333333333333,4.031087529025756,10.3,4.633333333333333,6.4011836026745845,21.2,7.9875,7.658204608528585,26.0,13.785416666666665,11.579898018573715,35.9
2026-06-19 00:00:00+00:00,5.6,12.25,92.075424,0.0,6.544677,1.2246467991473532e-16,-1.0,-0.433883739117558,-0.9009688679024191,0.0,1.0,12.5,13.8,17.8,13.5,13.35,91.17926,80.486885,54.121407,76.24697,96.15681,6.989936,9.449572,9.807935,8.854829,5.3939967,5.4,10.3,4.9,0.2,10.0,2.4,6.0,32.9,1,3.8333333333333335,3.887244096614845,10.3,3.316666666666667,3.766559397775124,10.3,8.1625,7.543486248586272,26.0,13.820833333333335,11.550959402602341,35.9
2026-06-19 01:00:00+00:00,4.2,12.05,93.91579,0.0,5.8104043,1.2246467991473532e-16,-1.0,-0.433883739117558,-0.9009688679024191,0.25881904510252074,0.9659258262890683,12.25,12.9,16.8,14.9,12.4,92.075424,87.06971,60.038578,62.284306,96.7646,6.544677,8.461915,10.548061,9.194106,4.327493,5.6,5.4,10.3,0.1,4.5,4.4,5.9,33.3,1,4.733333333333333,3.4817620060347254,10.3,2.9500000000000006,3.2332083699685605,10.3,8.295833333333333,7.465076904386671,26.0,13.8125,11.55686449783317,35.9
2026-06-19 02:00:00+00:00,5.5,11.6,94.83645,0.0,4.7110505,1.2246467991473532e-16,-1.0,-0.433883739117558,-0.9009688679024191,0.49999999999999994,0.8660254037844387,12.05,12.5,15.3,16.0,11.75,93.91579,91.17926,70.89621,57.84593,97.39111,5.8104043,6.989936,10.855358,9.178235,3.7585104,4.2,5.6,5.4,2.1,2.0,7.3,23.6,31.8,1,5.416666666666667,2.706596879231731,10.3,2.9250000000000003,3.2212716292000745,10.3,8.2875,7.469725127356585,26.0,13.777083333333335,11.58420126601879,35.9
2026-06-19 03:00:00+00:00,8.7,11.5,92.64674,0.0,5.3999996,1.2246467991473532e-16,-1.0,-0.433883739117558,-0.9009688679024191,0.7071067811865475,0.7071067811865476,11.6,12.25,13.8,16.85,11.35,94.83645,92.075424,80.486885,56.12113,99.34001,4.7110505,6.544677,9.449572,9.2660675,3.362677,5.5,4.2,5.6,4.9,0.0,6.4,32.6,28.5,1,5.983333333333333,2.1775368347440054,10.3,3.216666666666667,3.2876721063369874,10.3,8.2125,7.489082633784572,26.0,13.4,11.55219422834302,35.9
2026-06-19 04:00:00+00:00,7.4,11.3,91.09943,0.0,7.596341,1.2246467991473532e-16,-1.0,-0.433883739117558,-0.9009688679024191,0.8660254037844386,0.5000000000000001,11.5,12.05,12.9,17.4,11.15,92.64674,93.91579,87.06971,54.942265,100.0,5.3999996,5.8104043,8.461915,9.9408245,2.9024127,8.7,5.5,4.2,10.3,0.0,11.1,34.2,35.7,1,6.616666666666666,2.3455631875238274,10.3,3.9416666666666664,3.468156002922085,10.3,8.308333333333334,7.479590587881152,26.0,12.902083333333335,11.217245263969973,35.9
2026-06-19 05:00:00+00:00,17.6,11.05,91.6955,0.0,8.65873,1.2246467991473532e-16,-1.0,-0.433883739117558,-0.9009688679024191,0.9659258262890683,0.25881904510252074,11.3,11.6,12.5,17.6,11.1,91.09943,94.83645,91.17926,54.2532,99.33871,7.596341,4.7110505,6.989936,9.957108,2.8001428,7.4,8.7,5.5,5.4,0.3,26.0,27.1,33.2,1,6.133333333333333,1.6219330031375958,8.7,4.558333333333334,3.359777680234887,10.3,8.154166666666667,7.457647324940345,26.0,12.34375,10.793573861429202,35.9
2026-06-19 06:00:00+00:00,26.3,10.7,94.48379,0.0,9.446141,1.2246467991473532e-16,-1.0,-0.433883739117558,-0.9009688679024191,1.0,6.123233995736766e-17,11.05,11.5,12.25,17.8,11.5,91.6955,92.64674,92.075424,54.121407,98.03382,8.65873,5.3999996,6.544677,9.807935,4.752136,17.6,7.4,8.7,5.6,0.2,18.1,35.9,34.4,1,8.166666666666666,4.884533413404696,17.6,6.0,4.778550560007079,17.6,7.804166666666667,6.74694643760313,21.2,12.145833333333334,10.602648371150934,35.9
2026-06-19 07:00:00+00:00,27.1,10.4,96.06851,0.0,8.244708,1.2246467991473532e-16,-1.0,-0.433883739117558,-0.9009688679024191,0.9659258262890683,-0.25881904510252063,10.7,11.3,12.05,16.8,11.3,94.48379,91.09943,93.91579,60.038578,97.70589,9.446141,7.596341,5.8104043,10.548061,4.3349743,26.3,17.6,7.4,4.2,0.1,18.0,32.7,37.5,1,11.616666666666667,8.60358452429375,26.3,8.175,7.216537195283324,26.3,8.145833333333334,7.460853148946601,26.3,11.945833333333333,10.228994217176755,34.1
2026-06-19 08:00:00+00:00,32.7,10.0,98.33977,0.0,7.282774,1.2246467991473532e-16,-1.0,-0.433883739117558,-0.9009688679024191,0.8660254037844387,-0.4999999999999998,10.4,11.05,11.6,15.3,11.6,96.06851,91.6955,94.83645,70.89621,96.10478,8.244708,8.65873,4.7110505,10.855358,6.522361,27.1,26.3,17.6,5.5,2.1,11.0,34.1,34.1,1,15.433333333333332,9.668850328072459,27.1,10.425,8.554969316134262,27.1,8.525,8.17999946848099,27.1,11.829166666666667,10.016984689491323,34.1
2026-06-19 09:00:00+00:00,34.1,9.8,98.999344,0.0,5.3457265,1.2246467991473532e-16,-1.0,-0.433883739117558,-0.9009688679024191,0.7071067811865476,-0.7071067811865475,10.0,10.7,11.5,13.8,11.65,98.33977,94.48379,92.64674,80.486885,93.89721,7.282774,9.446141,5.3999996,9.449572,7.0407386,32.7,27.1,26.3,8.7,4.9,11.7,32.1,36.9,1,19.966666666666665,10.4268243807339,32.7,12.975,10.242081198307602,32.7,9.429166666666667,9.55002750584103,32.7,11.800000000000002,9.952589741026781,32.7
2026-06-19 10:00:00+00:00,37.6,9.75,98.00677,0.0,5.0911684,1.2246467991473532e-16,-1.0,-0.433883739117558,-0.9009688679024191,0.49999999999999994,-0.8660254037844387,9.8,10.4,11.3,12.9,11.6,98.999344,96.06851,91.09943,87.06971,93.58287,5.3457265,8.244708,7.596341,8.461915,7.841887,34.1,32.7,27.1,7.4,10.3,18.5,27.0,29.5,1,24.2,10.088409190749557,34.1,15.408333333333333,11.536145435766247,34.1,10.3625,10.795039621732936,34.1,11.841666666666667,10.043158639640865,34.1
2026-06-19 11:00:00+00:00,36.7,10.2,95.419624,0.0,4.724786,1.2246467991473532e-16,-1.0,-0.433883739117558,-0.9009688679024191,0.258819045102521,-0.9659258262890682,9.75,10.0,11.05,12.5,12.15,98.00677,98.33977,91.6955,91.17926,89.35328,5.0911684,7.282774,8.65873,6.989936,7.596341,37.6,34.1,32.7,17.6,5.4,21.2,26.3,22.0,1,29.23333333333333,7.1301238885917515,37.6,17.683333333333334,13.032046747316455,37.6,11.158333333333333,12.051913673288865,37.6,12.0625,10.490149888388206,37.6
2026-06-19 12:00:00+00:00,32.9,11.75,92.66065,0.0,5.6002855,1.2246467991473532e-16,-1.0,-0.433883739117558,-0.9009688679024191,1.2246467991473532e-16,-1.0,10.2,9.8,10.7,12.25,13.5,95.419624,98.999344,94.48379,92.075424,76.24697,4.724786,5.3457265,9.446141,6.544677,8.854829,36.7,37.6,34.1,26.3,5.6,10.0,24.5,21.7,1,32.416666666666664,4.770918849306362,37.6,20.291666666666668,13.47485593333901,37.6,11.804166666666667,12.992053730835968,37.6,12.279166666666669,10.89024467484612,37.6
2026-06-19 13:00:00+00:00,28.7,14.45,82.46448,0.0,3.6447225,1.2246467991473532e-16,-1.0,-0.433883739117558,-0.9009688679024191,-0.2588190451025208,-0.9659258262890683,11.75,9.75,10.4,12.05,14.9,92.66065,98.00677,96.06851,93.91579,62.284306,5.6002855,5.0911684,8.244708,5.8104043,9.194106,32.9,36.7,37.6,27.1,4.2,4.5,25.7,4.8,1,33.51666666666667,3.7247371271898815,37.6,22.566666666666666,13.067331461134316,37.6,12.758333333333335,13.676667426096868,37.6,12.454166666666667,11.155076286173694,37.6
2026-06-19 14:00:00+00:00,26.9,17.35,72.703125,0.0,2.50064,1.2246467991473532e-16,-1.0,-0.433883739117558,-0.9009688679024191,-0.4999999999999997,-0.8660254037844388,14.45,10.2,10.0,11.6,16.0,82.46448,95.419624,98.33977,94.83645,57.84593,3.6447225,4.724786,7.282774,4.7110505,9.178235,28.7,32.9,36.7,32.7,5.5,2.0,20.4,6.0,1,33.78333333333333,3.192752208779556,37.6,24.608333333333334,11.788164968871644,37.6,13.766666666666667,13.93106215453884,37.6,12.516666666666667,11.238958332388425,37.6
2026-06-19 15:00:00+00:00,23.7,20.2,62.662914,0.0,5.020677,1.2246467991473532e-16,-1.0,-0.433883739117558,-0.9009688679024191,-0.7071067811865471,-0.7071067811865479,17.35,11.75,9.8,11.5,16.85,72.703125,92.66065,98.999344,92.64674,56.12113,2.50064,5.6002855,5.3457265,5.3999996,9.2660675,26.9,28.7,32.9,34.1,8.7,0.0,11.1,9.4,1,32.81666666666667,4.2794470047737185,37.6,26.39166666666667,10.137819232353582,37.6,14.804166666666667,13.943846364948104,37.6,12.652083333333335,11.374308294766642,37.6
2026-06-19 16:00:00+00:00,20.0,22.4,49.44617,0.0,10.564942,1.2246467991473532e-16,-1.0,-0.433883739117558,-0.9009688679024191,-0.8660254037844384,-0.5000000000000004,20.2,14.45,9.75,11.3,17.4,62.662914,82.46448,98.00677,91.09943,54.942265,5.020677,3.6447225,5.0911684,7.596341,9.9408245,23.7,26.9,28.7,37.6,7.4,0.0,18.5,6.4,1,31.083333333333332,5.567914031903398,37.6,27.641666666666666,8.560103900530544,37.6,15.791666666666666,13.686677643881923,37.6,12.914583333333333,11.482604597099625,37.6
2026-06-19 17:00:00+00:00,5.3,22.9,48.768375,0.0,11.35285,1.2246467991473532e-16,-1.0,-0.433883739117558,-0.9009688679024191,-0.9659258262890683,-0.25881904510252063,22.4,17.35,10.2,11.05,17.6,49.44617,72.703125,95.419624,91.6955,54.2532,10.564942,2.50064,4.724786,8.65873,9.957108,20.0,23.7,26.9,36.7,17.6,0.3,23.9,4.2,1,28.149999999999995,6.062260304539892,36.7,28.691666666666666,6.335105413965902,37.6,16.625,13.286385643893595,37.6,12.945833333333333,11.500156489838746,37.6
2026-06-19 18:00:00+00:00,3.4,23.25,46.653522,0.0,10.385547,1.2246467991473532e-16,-1.0,-0.433883739117558,-0.9009688679024191,-1.0,-1.8369701987210297e-16,22.9,20.2,11.75,10.7,17.8,48.768375,62.662914,92.66065,94.48379,54.121407,11.35285,5.020677,5.6002855,9.446141,9.807935,5.3,20.0,23.7,32.9,26.3,0.2,15.0,5.6,1,22.916666666666668,9.679342264155492,32.9,27.666666666666668,8.806024108873427,37.6,16.833333333333332,13.0564881977495,37.6,12.558333333333335,11.436388980259524,37.6
2026-06-19 19:00:00+00:00,2.8,22.5,52.32532,0.0,6.9270773,1.2246467991473532e-16,-1.0,-0.433883739117558,-0.9009688679024191,-0.9659258262890684,0.2588190451025203,23.25,22.4,14.45,10.4,16.8,46.653522,49.44617,82.46448,96.06851,60.038578,10.385547,10.564942,3.6447225,8.244708,10.548061,3.4,5.3,20.0,28.7,27.1,0.1,3.1,8.2,1,17.999999999999996,10.996726785730385,28.7,25.758333333333336,11.26664089113061,37.6,16.96666666666667,12.894578121347637,37.6,12.316666666666668,11.506045281250396,37.6
2026-06-19 20:00:00+00:00,2.9,20.85,60.398148,0.0,5.068846,1.2246467991473532e-16,-1.0,-0.433883739117558,-0.9009688679024191,-0.8660254037844386,0.5000000000000001,22.5,22.9,17.35,10.0,15.3,52.32532,48.768375,72.703125,98.33977,70.89621,6.9270773,11.35285,2.50064,7.282774,10.855358,2.8,3.4,5.3,26.9,32.7,2.1,3.0,8.3,1,13.683333333333332,11.03982185846614,26.9,23.733333333333334,13.046722565340652,37.6,17.079166666666666,12.752015328078036,37.6,12.310416666666667,11.511238534087136,37.6
2026-06-19 21:00:00+00:00,5.3,19.15,67.101555,0.0,5.2694216,1.2246467991473532e-16,-1.0,-0.433883739117558,-0.9009688679024191,-0.7071067811865477,0.7071067811865474,20.85,23.25,20.2,9.8,13.8,60.398148,46.653522,62.662914,98.999344,80.486885,5.068846,10.385547,5.020677,5.3457265,9.449572,2.9,2.8,3.4,23.7,34.1,4.9,2.1,9.8,1,9.683333333333332,9.539269713487862,23.7,21.250000000000004,13.987039455412708,37.6,17.1125,12.712141149652822,37.6,12.308333333333335,11.512968327773343,37.6
2026-06-19 22:00:00+00:00,8.0,18.2,72.38154,0.0,5.232399,1.2246467991473532e-16,-1.0,-0.433883739117558,-0.9009688679024191,-0.5000000000000004,0.8660254037844384,19.15,22.5,22.4,9.75,12.9,67.101555,52.32532,49.44617,98.00677,87.06971,5.2694216,6.9270773,10.564942,5.0911684,8.461915,5.3,2.9,2.8,20.0,37.6,10.3,1.5,11.6,1,6.616666666666667,6.652944210397889,20.0,18.849999999999998,14.052401929919277,37.6,17.129166666666666,12.695684962484993,37.6,12.375,11.461749522985558,37.6
2026-06-19 23:00:00+00:00,11.8,17.3,76.603035,0.0,5.2200003,1.2246467991473532e-16,-1.0,-0.433883739117558,-0.9009688679024191,-0.25881904510252157,0.9659258262890681,18.2,20.85,22.9,10.2,12.5,72.38154,60.398148,48.768375,95.419624,91.17926,5.232399,5.068846,11.35285,4.724786,6.989936,8.0,5.3,2.9,5.3,36.7,5.4,1.2,9.6,1,4.616666666666666,2.0054093513960685,8.0,16.383333333333333,13.022067517266269,36.7,17.033333333333335,12.758004023618568,37.6,12.510416666666666,11.368550115893791,37.6
2026-06-20 00:00:00+00:00,23.2,16.9,79.33982,0.0,5.4029994,1.2246467991473532e-16,-1.0,-0.9749279121818236,-0.2225209339563146,0.0,1.0,17.3,19.15,23.25,11.75,12.25,76.603035,67.101555,46.653522,92.66065,92.075424,5.2200003,5.2694216,10.385547,5.6002855,6.544677,11.8,8.0,5.3,3.4,32.9,5.6,2.4,7.3,1,5.7,3.583294573433802,11.8,14.308333333333332,11.369373400286856,32.9,17.3,12.569770500481841,37.6,12.731250000000001,11.246468121715637,37.6
2026-06-20 01:00:00+00:00,34.6,16.4,79.52827,0.0,5.426933,1.2246467991473532e-16,-1.0,-0.9749279121818236,-0.2225209339563146,0.25881904510252074,0.9659258262890683,16.9,18.2,22.5,14.45,12.05,79.33982,72.38154,52.32532,82.46448,93.91579,5.4029994,5.232399,6.9270773,3.6447225,5.8104043,23.2,11.8,8.0,2.8,28.7,4.2,4.4,6.4,1,9.0,7.7436425537340074,23.2,13.5,10.213449243744456,28.7,18.033333333333335,12.369305160150605,37.6,13.164583333333333,11.240646032455183,37.6
2026-06-20 02:00:00+00:00,34.3,16.0,78.95156,0.0,5.1544156,1.2246467991473532e-16,-1.0,-0.9749279121818236,-0.2225209339563146,0.49999999999999994,0.8660254037844387,16.4,17.3,20.85,17.35,11.6,79.52827,76.603035,60.398148,72.703125,94.83645,5.426933,5.2200003,5.068846,2.50064,4.7110505,34.6,23.2,11.8,2.9,26.9,5.5,7.3,3.8,1,14.300000000000002,12.232742946698428,34.6,13.991666666666665,11.11399268190024,34.6,19.3,12.447419847886788,37.6,13.793750000000001,11.579703561597258,37.6
2026-06-20 03:00:00+00:00,37.3,15.6,79.41468,0.0,4.5536795,1.2246467991473532e-16,-1.0,-0.9749279121818236,-0.2225209339563146,0.7071067811865475,0.7071067811865476,16.0,16.9,19.15,20.2,11.5,78.95156,79.33982,67.101555,62.662914,92.64674,5.1544156,5.4029994,5.2694216,5.020677,5.3999996,34.3,34.6,23.2,5.3,23.7,8.7,6.4,2.8,1,19.53333333333333,13.06838424085651,34.6,14.608333333333334,12.060337575053248,34.6,20.5,12.447419847886785,37.6,14.356250000000001,11.90865778831305,37.6
2026-06-20 04:00:00+00:00,45.5,15.15,80.67052,0.0,2.7416782,1.2246467991473532e-16,-1.0,-0.9749279121818236,-0.2225209339563146,0.8660254037844386,0.5000000000000001,15.6,16.4,18.2,22.4,11.3,79.41468,79.52827,72.38154,49.44617,91.09943,4.5536795,5.426933,5.232399,10.564942,7.596341,37.3,34.3,34.6,8.0,20.0,7.4,11.1,3.6,1,24.866666666666664,12.619931325750816,37.3,15.741666666666665,13.540542377570654,37.3,21.691666666666666,12.63621148049172,37.6,15.0,12.298226822543302,37.6
2026-06-20 05:00:00+00:00,45.5,14.7,81.68255,0.0,3.671294,1.2246467991473532e-16,-1.0,-0.9749279121818236,-0.2225209339563146,0.9659258262890683,0.25881904510252074,15.15,16.0,17.3,22.9,11.05,80.67052,78.95156,76.603035,48.768375,91.6955,2.7416782,5.1544156,5.2200003,11.35285,8.65873,45.5,37.3,34.3,11.8,5.3,17.6,26.0,3.7,1,31.116666666666664,11.859075287165805,45.5,17.866666666666664,16.039855663221182,45.5,23.27916666666667,13.145671437253876,45.5,15.716666666666669,13.04571884343075,45.5
2026-06-20 06:00:00+00:00,34.4,14.3,84.375496,0.0,4.514377,1.2246467991473532e-16,-1.0,-0.9749279121818236,-0.2225209339563146,1.0,6.123233995736766e-17,14.7,15.6,16.9,23.25,10.7,81.68255,79.41468,79.33982,46.653522,94.48379,3.671294,4.5536795,5.4029994,10.385547,9.446141,45.5,45.5,37.3,23.2,3.4,26.3,18.1,2.8,1,36.73333333333333,8.338505061860111,45.5,21.21666666666667,17.323280884580143,45.5,24.441666666666666,13.837061659265643,45.5,16.12291666666667,13.661831277879564,45.5
2026-06-20 07:00:00+00:00,31.2,14.1,83.24416,0.0,4.6834598,1.2246467991473532e-16,-1.0,-0.9749279121818236,-0.2225209339563146,0.9659258262890683,-0.25881904510252063,14.3,15.15,16.4,22.5,10.4,84.375496,80.67052,79.52827,52.32532,96.06851,4.514377,2.7416782,5.426933,6.9270773,8.244708,34.4,45.5,45.5,34.6,2.8,27.1,18.0,1.8,1,38.6,5.4596703197171195,45.5,23.8,16.725973269683923,45.5,24.77916666666667,13.982379568792913,45.5,16.462500000000002,13.912303218772367,45.5
2026-06-20 08:00:00+00:00,30.1,14.0,82.40846,0.0,4.7110505,1.2246467991473532e-16,-1.0,-0.9749279121818236,-0.2225209339563146,0.8660254037844387,-0.4999999999999998,14.1,14.7,16.0,20.85,10.0,83.24416,81.68255,78.95156,60.398148,98.33977,4.6834598,3.671294,5.1544156,5.068846,7.282774,31.2,34.4,45.5,34.3,2.9,32.7,11.0,0.9,1,38.03333333333333,6.09710313728304,45.5,26.166666666666668,15.444583241873215,45.5,24.950000000000003,14.036907872059858,45.5,16.7375,14.07287454191007,45.5
2026-06-20 09:00:00+00:00,28.3,13.95,81.85688,0.0,4.452954,1.2246467991473532e-16,-1.0,-0.9749279121818236,-0.2225209339563146,0.7071067811865476,-0.7071067811865475,14.0,14.3,15.6,19.15,9.8,82.40846,84.375496,79.41468,67.101555,98.999344,4.7110505,4.514377,4.5536795,5.2694216,5.3457265,30.1,31.2,34.4,37.3,5.3,34.1,11.7,0.3,1,37.333333333333336,6.810775775685665,45.5,28.433333333333334,13.606036984524255,45.5,24.841666666666665,13.984429747484135,45.5,17.135416666666668,14.176838911577672,45.5
2026-06-20 10:00:00+00:00,24.6,14.1,80.79596,0.0,4.2366967,1.2246467991473532e-16,-1.0,-0.9749279121818236,-0.2225209339563146,0.49999999999999994,-0.8660254037844387,13.95,14.1,15.15,18.2,9.75,81.85688,83.24416,80.67052,72.38154,98.00677,4.452954,4.6834598,2.7416782,5.232399,5.0911684,28.3,30.1,31.2,45.5,8.0,37.6,18.5,0.7,1,35.833333333333336,7.7463970119447545,45.5,30.349999999999998,11.509482256738632,45.5,24.599999999999998,13.867102139204528,45.5,17.48125,14.243739292845586,45.5
2026-06-20 11:00:00+00:00,23.3,15.6,75.07901,0.0,5.2939587,1.2246467991473532e-16,-1.0,-0.9749279121818236,-0.2225209339563146,0.258819045102521,-0.9659258262890682,14.1,14.0,14.7,17.3,10.2,80.79596,82.40846,81.68255,76.603035,95.419624,4.2366967,4.7110505,3.671294,5.2200003,4.724786,24.6,28.3,30.1,45.5,11.8,36.7,21.2,0.0,1,32.35,7.210755854971089,45.5,31.733333333333334,9.37950699744668,45.5,24.058333333333334,13.588323525434786,45.5,17.60833333333333,14.280187634105104,45.5
2026-06-20 12:00:00+00:00,23.6,17.3,73.65453,0.0,4.514377,1.2246467991473532e-16,-1.0,-0.9749279121818236,-0.2225209339563146,1.2246467991473532e-16,-1.0,15.6,13.95,14.3,16.9,11.75,75.07901,81.85688,84.375496,79.33982,92.66065,5.2939587,4.452954,4.514377,5.4029994,5.6002855,23.3,24.6,28.3,34.4,23.2,32.9,10.0,0.0,1,28.650000000000002,4.166893327168303,34.4,32.69166666666667,7.570812173716682,45.5,23.5,13.318930626873867,45.5,17.652083333333334,14.294635053475723,45.5
2026-06-20 13:00:00+00:00,24.0,19.65,67.42389,0.0,3.5455887,1.2246467991473532e-16,-1.0,-0.9749279121818236,-0.2225209339563146,-0.2588190451025208,-0.9659258262890683,17.3,14.1,14.1,16.4,14.45,73.65453,80.79596,83.24416,79.52827,82.46448,4.514377,4.2366967,4.6834598,5.426933,3.6447225,23.6,23.3,24.6,31.2,34.6,28.7,4.5,0.0,1,26.849999999999998,3.4587570021612795,31.2,32.725,7.52597018813701,45.5,23.1125,13.167988605441757,45.5,17.93541666666667,14.27450471747017,45.5
2026-06-20 14:00:00+00:00,23.3,21.65,60.585102,0.0,7.771331,1.2246467991473532e-16,-1.0,-0.9749279121818236,-0.2225209339563146,-0.4999999999999997,-0.8660254037844388,19.65,15.6,14.0,16.0,17.35,67.42389,75.07901,82.40846,78.95156,72.703125,3.5455887,5.2939587,4.7110505,5.1544156,2.50064,24.0,23.6,23.3,30.1,34.3,26.9,2.0,0.0,1,25.650000000000002,2.841654447676502,30.1,31.841666666666665,7.898729280233875,45.5,22.916666666666668,13.116125709339206,45.5,18.34166666666667,14.161031837229785,45.5
2026-06-20 15:00:00+00:00,16.9,22.4,56.023224,0.0,12.24,1.2246467991473532e-16,-1.0,-0.9749279121818236,-0.2225209339563146,-0.7071067811865471,-0.7071067811865479,21.65,17.3,13.95,15.6,20.2,60.585102,73.65453,81.85688,79.41468,62.662914,7.771331,4.514377,4.452954,4.5536795,5.020677,23.3,24.0,23.6,28.3,37.3,23.7,0.0,1.3,1,24.51666666666667,1.9177243458501212,28.3,30.924999999999997,8.219281654079666,45.5,22.766666666666666,13.089148066297124,45.5,18.785416666666666,13.97050067765638,45.5
2026-06-20 16:00:00+00:00,8.0,22.2,57.08012,0.0,15.379206,1.2246467991473532e-16,-1.0,-0.9749279121818236,-0.2225209339563146,-0.8660254037844384,-0.5000000000000004,22.4,19.65,14.1,15.15,22.4,56.023224,67.42389,80.79596,80.67052,49.44617,12.24,3.5455887,4.2366967,2.7416782,10.564942,16.9,23.3,24.0,24.6,45.5,20.0,0.0,4.3,1,22.616666666666664,2.8435306691973983,24.6,29.225000000000005,8.865164203986067,45.5,22.48333333333333,13.141559257186547,45.5,19.1375,13.697283858721159,45.5
2026-06-20 17:00:00+00:00,8.4,21.2,62.27804,0.0,11.4862,1.2246467991473532e-16,-1.0,-0.9749279121818236,-0.2225209339563146,-0.9659258262890683,-0.25881904510252063,22.2,21.65,15.6,14.7,22.9,57.08012,60.585102,75.07901,81.68255,48.768375,15.379206,7.771331,5.2939587,3.671294,11.35285,8.0,16.9,23.3,23.3,45.5,5.3,0.3,4.2,1,19.849999999999998,6.390852838236803,24.0,26.100000000000005,9.209382567399762,45.5,21.98333333333333,13.464467462843508,45.5,19.304166666666667,13.506814014514868,45.5
2026-06-20 18:00:00+00:00,6.7,21.5,63.981335,0.0,7.9036193,1.2246467991473532e-16,-1.0,-0.9749279121818236,-0.2225209339563146,-1.0,-1.8369701987210297e-16,21.2,22.4,17.3,14.3,23.25,62.27804,56.023224,73.65453,84.375496,46.653522,11.4862,12.24,4.514377,4.514377,10.385547,8.4,8.0,16.9,23.6,34.4,3.4,0.2,0.7,1,17.366666666666667,7.568531341460241,24.0,23.008333333333336,8.285634702558495,34.4,22.1125,13.311463268470021,45.5,19.472916666666666,13.313546765692069,45.5
2026-06-20 19:00:00+00:00,7.1,20.25,74.63933,0.5,7.3094187,1.2246467991473532e-16,-1.0,-0.9749279121818236,-0.2225209339563146,-0.9659258262890684,0.2588190451025203,21.5,22.2,19.65,14.1,22.5,63.981335,57.08012,67.42389,83.24416,52.32532,7.9036193,15.379206,3.5455887,4.6834598,6.9270773,6.7,8.4,8.0,24.0,31.2,2.8,0.1,0.1,1,14.549999999999999,7.921300398293146,24.0,20.7,8.672946442818557,31.2,22.25,13.125514482670122,45.5,19.608333333333334,13.145338682514591,45.5
2026-06-20 20:00:00+00:00,12.1,19.2,82.512856,0.4,8.790563,1.2246467991473532e-16,-1.0,-0.9749279121818236,-0.2225209339563146,-0.8660254037844386,0.5000000000000001,20.25,21.2,21.65,14.0,20.85,74.63933,62.27804,60.585102,82.40846,60.398148,7.3094187,11.4862,7.771331,4.7110505,5.068846,7.1,6.7,8.4,23.3,30.1,2.9,2.1,2.3,1,11.733333333333333,6.816646291738019,23.3,18.691666666666666,8.809752688029407,30.1,22.429166666666664,12.875439348068772,45.5,19.754166666666666,12.961858258118175,45.5
2026-06-20 21:00:00+00:00,19.2,18.3,86.73246,0.4,11.385622,1.2246467991473532e-16,-1.0,-0.9749279121818236,-0.2225209339563146,-0.7071067811865477,0.7071067811865474,19.2,21.5,22.4,13.95,19.15,82.512856,63.981335,56.023224,81.85688,67.101555,8.790563,7.9036193,12.24,4.452954,5.2694216,12.1,7.1,6.7,16.9,28.3,5.3,4.9,7.4,1,9.866666666666667,3.9439404998891123,16.9,17.191666666666666,8.202156959475822,28.3,22.8125,12.396784733919151,45.5,19.962500000000002,12.75071337178285,45.5
2026-06-20 22:00:00+00:00,22.7,17.4,92.080215,0.9,13.466357,1.2246467991473532e-16,-1.0,-0.9749279121818236,-0.2225209339563146,-0.5000000000000004,0.8660254037844384,18.3,20.25,22.2,14.1,18.2,86.73246,74.63933,57.08012,80.79596,72.38154,11.385622,7.3094187,15.379206,4.2366967,5.232399,19.2,12.1,7.1,8.0,24.6,8.0,10.3,21.6,1,10.25,4.78612578188235,19.2,16.433333333333334,7.469736922875431,24.6,23.39166666666667,11.855943901566924,45.5,20.260416666666668,12.556878924849663,45.5
2026-06-20 23:00:00+00:00,23.8,16.85,94.13216,1.7,15.283048,1.2246467991473532e-16,-1.0,-0.9749279121818236,-0.2225209339563146,-0.25881904510252157,0.9659258262890681,17.4,19.2,21.2,15.6,17.3,92.080215,82.512856,62.27804,75.07901,76.603035,13.466357,8.790563,11.4862,5.2939587,5.2200003,22.7,19.2,12.1,8.4,23.3,11.8,5.4,26.2,1,12.700000000000001,6.759585786126178,22.7,16.275,7.299081511333444,24.0,24.004166666666666,11.397043062992724,45.5,20.51875,12.474888073518287,45.5
2026-06-21 00:00:00+00:00,14.2,17.0,90.3045,2.5,10.920824,1.2246467991473532e-16,-1.0,-0.7818314824680299,0.6234898018587334,0.0,1.0,16.85,18.3,21.5,17.3,16.9,94.13216,86.73246,63.981335,73.65453,79.33982,15.283048,11.385622,7.9036193,4.514377,5.4029994,23.8,22.7,19.2,6.7,23.6,23.2,5.6,29.4,1,15.266666666666666,7.663593586997281,23.8,16.316666666666666,7.344117415051275,24.0,24.504166666666663,11.097648758679242,45.5,20.902083333333334,12.281632880267756,45.5
2026-06-21 01:00:00+00:00,0.1,16.55,88.54426,0.2,7.6579366,1.2246467991473532e-16,-1.0,-0.7818314824680299,0.6234898018587334,0.25881904510252074,0.9659258262890683,17.0,17.4,20.25,19.65,16.4,90.3045,92.080215,74.63933,67.42389,79.52827,10.920824,13.466357,7.3094187,3.5455887,5.426933,14.2,23.8,22.7,7.1,24.0,34.6,4.2,24.7,1,16.51666666666667,6.511963349610155,23.8,15.533333333333331,6.989385892302265,24.0,24.129166666666666,11.293956797550093,45.5,21.08125,12.115256010150576,45.5
2026-06-21 02:00:00+00:00,0.8,16.15,89.08525,0.0,5.95906,1.2246467991473532e-16,-1.0,-0.7818314824680299,0.6234898018587334,0.49999999999999994,0.8660254037844387,16.55,16.85,19.2,21.65,16.0,88.54426,94.13216,82.512856,60.585102,78.95156,7.6579366,15.283048,8.790563,7.771331,5.1544156,0.1,14.2,23.8,12.1,23.3,34.3,5.5,3.9,1,15.35,8.771487901148767,23.8,13.541666666666666,7.724042551237792,23.8,22.691666666666666,12.072063209945847,45.5,20.995833333333334,12.250505127811062,45.5
2026-06-21 03:00:00+00:00,2.3,16.0,91.40613,0.0,7.2403865,1.2246467991473532e-16,-1.0,-0.7818314824680299,0.6234898018587334,0.7071067811865475,0.7071067811865476,16.15,17.0,18.3,22.4,15.6,89.08525,90.3045,86.73246,56.023224,79.41468,5.95906,10.920824,11.385622,12.24,4.5536795,0.8,0.1,14.2,19.2,16.9,37.3,8.7,0.8,1,13.466666666666667,10.625943095399379,23.8,11.666666666666666,7.8694268398579945,23.8,21.295833333333334,12.596807020092426,45.5,20.897916666666667,12.3949284341026,45.5
2026-06-21 04:00:00+00:00,2.1,15.45,94.07026,0.0,7.5363917,1.2246467991473532e-16,-1.0,-0.7818314824680299,0.6234898018587334,0.8660254037844386,0.5000000000000001,16.0,16.55,17.4,22.2,15.15,91.40613,88.54426,92.080215,57.08012,80.67052,7.2403865,7.6579366,13.466357,15.379206,2.7416782,2.3,0.8,0.1,22.7,8.0,45.5,7.4,0.2,1,10.65,11.03426481465797,23.8,10.450000000000001,8.111663880431033,23.8,19.8375,12.689085090532854,45.5,20.76458333333333,12.562227908912545,45.5
2026-06-21 05:00:00+00:00,0.6,15.2,94.05911,0.0,7.5170207,1.2246467991473532e-16,-1.0,-0.7818314824680299,0.6234898018587334,0.9659258262890683,0.25881904510252074,15.45,16.15,16.85,21.2,14.7,94.07026,89.08525,94.13216,62.27804,81.68255,7.5363917,5.95906,15.283048,11.4862,3.671294,2.1,2.3,0.8,23.8,8.4,45.5,17.6,0.2,1,7.216666666666668,9.653479510863706,23.8,9.958333333333334,8.445596844545955,23.8,18.029166666666665,11.943471171447147,45.5,20.654166666666665,12.704680965680192,45.5
2026-06-21 06:00:00+00:00,1.8,14.55,88.95657,0.0,7.9465466,1.2246467991473532e-16,-1.0,-0.7818314824680299,0.6234898018587334,1.0,6.123233995736766e-17,15.2,16.0,17.0,21.5,14.3,94.05911,91.40613,90.3045,63.981335,84.375496,7.5170207,7.2403865,10.920824,7.9036193,4.514377,0.6,2.1,2.3,14.2,6.7,34.4,26.3,3.8,1,3.3499999999999996,5.385443342938304,14.2,9.308333333333332,8.866121252306701,23.8,16.158333333333335,10.92662948415744,34.4,20.3,13.024559452671344,45.5
2026-06-21 07:00:00+00:00,0.4,13.5,89.754745,0.0,6.297428,1.2246467991473532e-16,-1.0,-0.7818314824680299,0.6234898018587334,0.9659258262890683,-0.25881904510252063,14.55,15.45,16.55,20.25,14.1,88.95657,94.07026,88.54426,74.63933,83.24416,7.9465466,7.5363917,7.6579366,7.3094187,4.6834598,1.8,0.6,2.1,0.1,7.1,31.2,27.1,3.6,1,1.2833333333333332,0.9020347369503295,2.3,8.9,9.106740760158145,23.8,14.799999999999999,10.581197433676188,31.2,19.789583333333333,13.262316468874042,45.5
2026-06-21 08:00:00+00:00,0.2,12.65,92.40439,0.0,9.139322,1.2246467991473532e-16,-1.0,-0.7818314824680299,0.6234898018587334,0.8660254037844387,-0.4999999999999998,13.5,15.2,16.15,19.2,14.0,89.754745,94.05911,89.08525,82.512856,82.40846,6.297428,7.5170207,5.95906,8.790563,4.7110505,0.4,1.8,0.6,0.8,12.1,30.1,32.7,2.1,1,1.3333333333333333,0.8286535263094298,2.3,8.341666666666667,9.426891740058666,23.8,13.516666666666667,10.371351287861804,30.1,19.233333333333334,13.50685142662764,45.5
2026-06-21 09:00:00+00:00,1.7,12.0,96.116776,0.0,4.5820518,1.2246467991473532e-16,-1.0,-0.7818314824680299,0.6234898018587334,0.7071067811865476,-0.7071067811865475,12.65,14.55,16.0,18.3,13.95,92.40439,88.95657,91.40613,86.73246,81.85688,9.139322,7.9465466,7.2403865,11.385622,4.452954,0.2,0.4,1.8,2.3,19.2,28.3,34.1,3.4,1,1.2333333333333332,0.9352361555591442,2.3,7.3500000000000005,9.619535048299005,23.8,12.270833333333334,10.08457621996248,28.3,18.55625,13.631439040657046,45.5
2026-06-21 10:00:00+00:00,3.2,11.65,97.71213,0.0,5.3517847,1.2246467991473532e-16,-1.0,-0.7818314824680299,0.6234898018587334,0.49999999999999994,-0.8660254037844387,12.0,13.5,15.45,17.4,14.1,96.116776,89.754745,94.07026,92.080215,80.79596,4.5820518,6.297428,7.5363917,13.466357,4.2366967,1.7,0.2,0.4,2.1,22.7,24.6,37.6,2.1,1,1.1333333333333333,0.8238122763500447,2.1,5.891666666666667,8.963913343191173,23.8,11.1625,9.700731146805873,24.6,17.88125,13.647549172076848,45.5
2026-06-21 11:00:00+00:00,1.9,12.0,90.843124,0.0,6.7757506,1.2246467991473532e-16,-1.0,-0.7818314824680299,0.6234898018587334,0.258819045102521,-0.9659258262890682,11.65,12.65,15.2,16.85,15.6,97.71213,92.40439,94.05911,94.13216,75.07901,5.3517847,9.139322,7.5170207,15.283048,5.2939587,3.2,1.7,0.2,0.6,23.8,23.3,36.7,0.2,1,1.3166666666666667,1.1426577206955075,3.2,4.266666666666667,7.241965244742537,23.8,10.270833333333334,9.39044283655822,24.0,17.164583333333333,13.49236962585029,45.5
2026-06-21 12:00:00+00:00,1.4,13.8,85.16123,0.0,6.804381,1.2246467991473532e-16,-1.0,-0.7818314824680299,0.6234898018587334,1.2246467991473532e-16,-1.0,12.0,12.0,14.55,17.0,17.3,90.843124,96.116776,88.95657,90.3045,73.65453,6.7757506,4.5820518,7.9465466,10.920824,4.514377,1.9,3.2,1.7,1.8,14.2,23.6,32.9,0.2,1,1.5333333333333334,1.1021191708091571,3.2,2.441666666666667,3.825621359710985,14.2,9.379166666666668,9.111339288117273,24.0,16.439583333333335,13.354587060908171,45.5
2026-06-21 13:00:00+00:00,2.1,14.95,76.22724,0.0,6.6624317,1.2246467991473532e-16,-1.0,-0.7818314824680299,0.6234898018587334,-0.2588190451025208,-0.9659258262890683,13.8,11.65,13.5,16.55,19.65,85.16123,97.71213,89.754745,88.54426,67.42389,6.804381,5.3517847,6.297428,7.6579366,3.5455887,1.4,1.9,3.2,0.4,0.1,24.0,28.7,0.1,1,1.4666666666666668,1.0948363652459943,3.2,1.375,0.9611782542076802,3.2,8.454166666666666,8.723480516333005,24.0,15.783333333333333,13.302364744714321,45.5
2026-06-21 14:00:00+00:00,2.1,16.25,71.076614,0.0,6.452441,1.2246467991473532e-16,-1.0,-0.7818314824680299,0.6234898018587334,-0.4999999999999997,-0.8660254037844388,14.95,12.0,12.65,16.15,21.65,76.22724,90.843124,92.40439,89.08525,60.585102,6.6624317,6.7757506,9.139322,5.95906,7.771331,2.1,1.4,1.9,0.2,0.8,23.3,26.9,1.5,1,1.75,0.9772410142837891,3.2,1.5416666666666667,0.8908201872761426,3.2,7.541666666666667,8.153415750824811,23.8,15.229166666666666,13.306884449744999,45.5
2026-06-21 15:00:00+00:00,0.7,17.35,66.94821,0.0,4.0449963,1.2246467991473532e-16,-1.0,-0.7818314824680299,0.6234898018587334,-0.7071067811865471,-0.7071067811865479,16.25,13.8,12.0,16.0,22.4,71.076614,85.16123,96.116776,91.40613,56.023224,6.452441,6.804381,4.5820518,7.2403865,12.24,2.1,2.1,1.4,1.7,2.3,16.9,23.7,1.1,1,2.066666666666667,0.6153589738234849,3.2,1.6500000000000001,0.8712582332976889,3.2,6.658333333333334,7.493644650297249,23.8,14.712499999999999,13.325541384555052,45.5
2026-06-21 16:00:00+00:00,0.7,18.15,63.028214,0.0,1.4058449,1.2246467991473532e-16,-1.0,-0.7818314824680299,0.6234898018587334,-0.8660254037844384,-0.5000000000000004,17.35,14.95,11.65,15.45,22.2,66.94821,76.22724,97.71213,94.07026,57.08012,4.0449963,6.6624317,5.3517847,7.5363917,15.379206,0.7,2.1,2.1,3.2,2.1,8.0,20.0,0.7,1,1.9000000000000001,0.8318653737224653,3.2,1.5166666666666666,0.8850612031557071,3.2,5.983333333333333,7.2568807927773475,23.8,14.233333333333334,13.408751244209059,45.5
2026-06-21 17:00:00+00:00,3.0,18.7,57.158466,0.0,2.0991426,1.2246467991473532e-16,-1.0,-0.7818314824680299,0.6234898018587334,-0.9659258262890683,-0.25881904510252063,18.15,16.25,12.0,15.2,21.2,63.028214,71.076614,90.843124,94.05911,62.27804,1.4058449,6.452441,6.7757506,7.5170207,11.4862,0.7,0.7,2.1,1.9,0.6,8.4,5.3,0.8,1,1.4833333333333334,0.6585337247742601,2.1,1.4000000000000001,0.8934102183095441,3.2,5.679166666666667,7.321379008063387,23.8,13.831250000000002,13.521049881337504,45.5
2026-06-21 18:00:00+00:00,6.5,19.75,47.106686,0.0,2.9301877,1.2246467991473532e-16,-1.0,-0.7818314824680299,0.6234898018587334,-1.0,-1.8369701987210297e-16,18.7,17.35,13.8,14.55,21.5,57.158466,66.94821,85.16123,88.95657,63.981335,2.0991426,4.0449963,6.804381,7.9465466,7.9036193,3.0,0.7,0.7,1.4,1.8,6.7,3.4,4.3,1,1.6666666666666667,0.9048020041230406,3.0,1.6000000000000003,0.963893619176415,3.2,5.454166666666667,7.317102014053041,23.8,13.783333333333333,13.555957053310754,45.5
2026-06-21 19:00:00+00:00,7.2,19.65,49.033203,0.0,2.6208394,1.2246467991473532e-16,-1.0,-0.7818314824680299,0.6234898018587334,-0.9659258262890684,0.2588190451025203,19.75,18.15,14.95,13.5,20.25,47.106686,63.028214,76.22724,89.754745,74.63933,2.9301877,1.4058449,6.6624317,6.297428,7.3094187,6.5,3.0,0.7,2.1,0.4,7.1,2.8,2.1,1,2.516666666666667,2.1470134295493164,6.5,1.9916666666666665,1.7148858076651785,6.5,5.445833333333334,7.315735225119828,23.8,13.847916666666668,13.51275189043602,45.5
2026-06-21 20:00:00+00:00,29.9,18.8,60.313175,0.0,1.8089776,1.2246467991473532e-16,-1.0,-0.7818314824680299,0.6234898018587334,-0.8660254037844386,0.5000000000000001,19.65,18.7,16.25,12.65,19.2,49.033203,57.158466,71.076614,92.40439,82.512856,2.6208394,2.0991426,6.452441,9.139322,8.790563,7.2,6.5,3.0,2.1,0.2,12.1,2.9,1.9,1,3.3666666666666667,2.8451127687079762,7.2,2.558333333333333,2.1968813984341584,7.2,5.449999999999999,7.31674672301131,23.8,13.939583333333333,13.450994419987124,45.5
2026-06-21 21:00:00+00:00,37.6,17.25,62.824146,0.0,3.6402748,1.2246467991473532e-16,-1.0,-0.7818314824680299,0.6234898018587334,-0.7071067811865477,0.7071067811865474,18.8,19.75,17.35,12.0,18.3,60.313175,47.106686,66.94821,96.116776,86.73246,1.8089776,2.9301877,4.0449963,4.5820518,11.385622,29.9,7.2,6.5,0.7,1.7,19.2,5.3,4.6,1,8.0,11.082238041117812,29.9,5.033333333333333,8.099307864181121,29.9,6.191666666666666,8.776644732107155,29.9,14.502083333333331,13.543742994120203,45.5
2026-06-21 22:00:00+00:00,36.0,16.15,72.968025,0.0,2.7059932,1.2246467991473532e-16,-1.0,-0.7818314824680299,0.6234898018587334,-0.5000000000000004,0.8660254037844384,17.25,19.65,18.15,11.65,17.4,62.824146,49.033203,63.028214,97.71213,92.080215,3.6402748,2.6208394,1.4058449,5.3517847,13.466357,37.6,29.9,7.2,0.7,3.2,22.7,8.0,5.1,1,14.15,15.556445609457164,37.6,8.025,12.298050473735415,37.6,6.958333333333333,10.580618732079152,37.6,15.174999999999999,13.875165323914429,45.5
2026-06-21 23:00:00+00:00,41.3,15.15,81.47182,0.0,1.1384199,1.2246467991473532e-16,-1.0,-0.7818314824680299,0.6234898018587334,-0.25881904510252157,0.9659258262890681,16.15,18.8,18.7,12.0,16.85,72.968025,60.313175,57.158466,90.843124,94.13216,2.7059932,1.8089776,2.0991426,6.7757506,15.283048,36.0,37.6,29.9,3.0,1.9,23.8,11.8,5.0,1,20.03333333333333,16.11740260298371,37.6,10.758333333333333,14.564368621170363,37.6,7.5125,11.727126209367572,37.6,15.758333333333333,14.152901113520082,45.5
2026-06-22 00:00:00+00:00,48.2,13.95,95.86151,0.0,0.56920993,1.2246467991473532e-16,-1.0,0.0,1.0,0.0,1.0,15.15,17.25,19.75,13.8,17.0,81.47182,62.824146,47.106686,85.16123,90.3045,1.1384199,3.6402748,2.9301877,6.804381,10.920824,41.3,36.0,37.6,6.5,1.4,14.2,23.2,7.3,1,26.416666666666668,15.598130229827754,41.3,14.041666666666666,16.674120302996094,41.3,8.241666666666665,13.231448593561439,41.3,16.37291666666667,14.610470445239114,45.5
2026-06-22 01:00:00+00:00,53.0,13.35,98.06184,0.0,0.71999997,1.2246467991473532e-16,-1.0,0.0,1.0,0.25881904510252074,0.9659258262890683,13.95,16.15,19.65,14.95,16.55,95.86151,72.968025,49.033203,76.22724,88.54426,0.56920993,2.7059932,2.6208394,6.6624317,7.6579366,48.2,41.3,36.0,7.2,2.1,0.1,34.6,10.0,1,33.36666666666667,14.174154883684135,48.2,17.941666666666666,18.787687376835287,48.2,9.658333333333333,15.51946650435224,48.2,16.89375,15.288869630370588,48.2
2026-06-22 02:00:00+00:00,54.4,12.75,99.022194,0.0,1.0182338,1.2246467991473532e-16,-1.0,0.0,1.0,0.49999999999999994,0.8660254037844387,13.35,15.15,18.8,16.25,16.15,98.06184,81.47182,60.313175,71.076614,89.08525,0.71999997,1.1384199,1.8089776,6.452441,5.95906,53.0,48.2,41.3,29.9,2.1,0.8,34.3,7.1,1,41.0,8.434453153583851,53.0,22.183333333333334,20.549223977089873,53.0,11.862499999999999,17.705533708788458,53.0,17.277083333333334,15.958273243965902,53.0
2026-06-22 03:00:00+00:00,54.5,11.85,99.015305,0.0,2.7534704,1.2246467991473532e-16,-1.0,0.0,1.0,0.7071067811865475,0.7071067811865476,12.75,13.95,17.25,17.35,16.0,99.022194,95.86151,62.824146,66.94821,91.40613,1.0182338,0.56920993,3.6402748,4.0449963,7.2403865,54.4,53.0,48.2,37.6,0.7,2.3,37.3,7.6,1,45.083333333333336,7.8994725562323085,54.4,26.541666666666668,21.429820273854293,54.4,14.095833333333333,19.535396617793396,54.4,17.695833333333333,16.662634441312775,54.4
2026-06-22 04:00:00+00:00,52.6,11.0,100.0,0.0,3.244996,1.2246467991473532e-16,-1.0,0.0,1.0,0.8660254037844386,0.5000000000000001,11.85,13.35,16.15,18.15,15.45,99.015305,98.06184,72.968025,63.028214,94.07026,2.7534704,0.71999997,2.7059932,1.4058449,7.5363917,54.5,54.4,53.0,36.0,0.7,2.1,45.5,9.2,1,47.9,7.708177475901866,54.5,31.024999999999995,21.15802555661906,54.5,16.270833333333332,21.01484939102674,54.5,18.054166666666664,17.267174100542327,54.5
2026-06-22 05:00:00+00:00,50.0,10.6,100.0,0.0,3.494968,1.2246467991473532e-16,-1.0,0.0,1.0,0.9659258262890683,0.25881904510252074,11.0,12.75,15.15,18.7,15.2,100.0,99.022194,81.47182,57.158466,94.05911,3.244996,1.0182338,1.1384199,2.0991426,7.5170207,52.6,54.5,54.4,41.3,3.0,0.6,45.5,14.5,1,50.666666666666664,5.130951828527304,54.5,35.35,19.646165482908316,54.5,18.375,22.03760126613643,54.5,18.20208333333333,17.535611056984695,54.5
2026-06-22 06:00:00+00:00,45.7,11.1,98.02769,0.0,3.06,1.2246467991473532e-16,-1.0,0.0,1.0,1.0,6.123233995736766e-17,10.6,11.85,13.95,19.75,14.55,100.0,99.015305,95.86151,47.106686,88.95657,3.494968,2.7534704,0.56920993,2.9301877,7.9465466,50.0,52.6,54.5,48.2,6.5,1.8,34.4,8.9,1,52.11666666666667,2.519060671493992,54.5,39.266666666666666,17.13504295208206,54.5,20.433333333333334,22.604918023310333,54.5,18.295833333333334,17.69595407939741,54.5
2026-06-22 07:00:00+00:00,48.9,10.75,96.723045,0.0,2.8460495,1.2246467991473532e-16,-1.0,0.0,1.0,0.9659258262890683,-0.25881904510252063,11.1,11.0,13.35,19.65,13.5,98.02769,100.0,98.06184,49.033203,89.754745,3.06,3.244996,0.71999997,2.6208394,6.297428,45.7,50.0,52.6,53.0,7.2,0.4,31.2,0.0,1,51.699999999999996,3.3621421742694158,54.5,42.53333333333333,13.71590538776281,54.5,22.2625,22.80684131723562,54.5,18.53125,17.987515247727632,54.5
2026-06-22 08:00:00+00:00,39.2,10.7,95.1185,0.0,2.0124612,1.2246467991473532e-16,-1.0,0.0,1.0,0.8660254037844387,-0.4999999999999998,10.75,10.6,12.75,18.8,12.65,96.723045,100.0,99.022194,60.313175,92.40439,2.8460495,3.494968,1.0182338,1.8089776,9.139322,48.9,45.7,50.0,54.4,29.9,0.2,30.1,0.0,1,51.01666666666667,3.4602986383645717,54.5,46.00833333333333,8.071099771106288,54.5,24.28333333333333,22.93381150495765,54.5,18.900000000000002,18.428770291804202,54.5
2026-06-22 09:00:00+00:00,35.4,10.45,96.070045,0.0,2.0991426,1.2246467991473532e-16,-1.0,0.0,1.0,0.7071067811865476,-0.7071067811865475,10.7,11.1,11.85,17.25,12.0,95.1185,98.02769,99.015305,62.824146,96.116776,2.0124612,3.06,2.7534704,3.6402748,4.5820518,39.2,48.9,45.7,54.5,37.6,1.7,28.3,0.0,1,48.48333333333333,5.468973090687828,54.5,46.78333333333334,6.716578313577883,54.5,25.90833333333333,22.531329235121696,54.5,19.089583333333334,18.59252011100201,54.5
2026-06-22 10:00:00+00:00,38.2,10.05,100.0,0.0,1.5379207,1.2246467991473532e-16,-1.0,0.0,1.0,0.49999999999999994,-0.8660254037844387,10.45,10.75,11.0,16.15,11.65,96.070045,96.723045,100.0,72.968025,97.71213,2.0991426,2.8460495,3.244996,2.7059932,5.3517847,35.4,39.2,48.9,52.6,36.0,3.2,24.6,0.0,1,45.300000000000004,6.6890956040410074,52.6,46.6,7.013493488204818,54.5,27.3125,22.00091524776028,54.5,19.2375,18.695313157113823,54.5
2026-06-22 11:00:00+00:00,33.4,11.6,94.83645,0.0,5.154415,1.2246467991473532e-16,-1.0,0.0,1.0,0.258819045102521,-0.9659258262890682,10.05,10.7,10.6,15.15,12.0,100.0,95.1185,100.0,81.47182,90.843124,1.5379207,2.0124612,3.494968,1.1384199,6.7757506,38.2,35.4,39.2,50.0,41.3,1.9,23.3,0.2,1,42.900000000000006,6.1037693272272815,50.0,46.78333333333333,6.734420854269855,54.5,28.770833333333332,21.48711401841997,54.5,19.520833333333332,18.8804521034642,54.5
2026-06-22 12:00:00+00:00,34.3,15.1,79.08144,0.0,4.802999,1.2246467991473532e-16,-1.0,0.0,1.0,1.2246467991473532e-16,-1.0,11.6,10.45,11.1,13.95,13.8,94.83645,96.070045,98.02769,95.86151,85.16123,5.154415,2.0991426,3.06,0.56920993,6.804381,33.4,38.2,35.4,45.7,48.2,1.4,23.6,0.0,1,40.13333333333333,6.003221357460268,48.9,46.125,7.643907258844696,54.5,30.083333333333332,20.722864219245263,54.5,19.73125,18.979486756843333,54.5
2026-06-22 13:00:00+00:00,32.7,18.6,66.76794,0.0,3.84796,1.2246467991473532e-16,-1.0,0.0,1.0,-0.2588190451025208,-0.9659258262890683,15.1,10.05,10.75,13.35,14.95,79.08144,100.0,96.723045,98.06184,76.22724,4.802999,1.5379207,2.8460495,0.71999997,6.6624317,34.3,33.4,38.2,48.9,53.0,2.1,24.0,0.0,1,38.23333333333333,5.684599077038504,48.9,44.96666666666667,8.3238248783874,54.5,31.454166666666666,19.811063645186326,54.5,19.954166666666666,19.08841643101836,54.5
2026-06-22 14:00:00+00:00,27.1,21.3,58.36891,0.0,8.209263,1.2246467991473532e-16,-1.0,0.0,1.0,-0.4999999999999997,-0.8660254037844388,18.6,11.6,10.7,12.75,16.25,66.76794,94.83645,95.1185,99.022194,71.076614,3.84796,5.154415,2.0124612,1.0182338,6.452441,32.7,34.3,33.4,39.2,54.4,2.1,23.3,0.0,1,35.53333333333334,2.633375527088166,39.2,43.275,8.60096453364919,54.5,32.729166666666664,18.798554041680205,54.5,20.135416666666668,19.168785459514847,54.5
2026-06-22 15:00:00+00:00,16.4,23.25,49.83707,0.0,12.758432,1.2246467991473532e-16,-1.0,0.0,1.0,-0.7071067811865471,-0.7071067811865479,21.3,15.1,10.45,11.85,17.35,58.36891,79.08144,96.070045,99.015305,66.94821,8.209263,4.802999,2.0991426,2.7534704,4.0449963,27.1,32.7,34.3,35.4,54.5,0.7,16.9,0.3,1,33.516666666666666,3.6864165074861983,38.2,41.00000000000001,8.992421051287389,54.5,33.770833333333336,17.68734450948196,54.5,20.214583333333334,19.189968451886447,54.5
2026-06-22 16:00:00+00:00,1.8,24.35,43.66612,0.0,14.607751,1.2246467991473532e-16,-1.0,0.0,1.0,-0.8660254037844384,-0.5000000000000004,23.25,18.6,10.05,11.0,18.15,49.83707,66.76794,100.0,100.0,63.028214,12.758432,3.84796,1.5379207,3.244996,1.4058449,16.4,27.1,32.7,38.2,52.6,0.7,8.0,1.4,1,30.349999999999998,7.709928663742606,38.2,37.824999999999996,10.40735098598364,52.6,34.425000000000004,16.672243269943433,54.5,20.20416666666667,19.191941552833466,54.5
2026-06-22 17:00:00+00:00,0.2,24.75,42.49257,0.0,13.776762,1.2246467991473532e-16,-1.0,0.0,1.0,-0.9659258262890683,-0.25881904510252063,24.35,21.3,11.6,10.6,18.7,43.66612,58.36891,94.83645,100.0,57.158466,14.607751,8.209263,5.154415,3.494968,2.0991426,1.8,16.4,27.1,33.4,50.0,3.0,8.4,0.0,1,24.283333333333335,12.883076754667965,34.3,33.59166666666667,13.671101460800994,50.0,34.47083333333333,16.57673800099475,54.5,20.075,19.296405794752157,54.5
2026-06-22 18:00:00+00:00,0.1,25.3,43.497677,0.0,12.800266,1.2246467991473532e-16,-1.0,0.0,1.0,-1.0,-1.8369701987210297e-16,24.75,23.25,15.1,11.1,19.75,42.49257,49.83707,79.08144,98.02769,47.106686,13.776762,12.758432,4.802999,3.06,2.9301877,0.2,1.8,16.4,34.3,45.7,6.5,6.7,0.0,1,18.75,15.119887565719496,34.3,29.441666666666666,15.652444382636052,48.9,34.354166666666664,16.81598564427331,54.5,19.90416666666667,19.437745232313134,54.5
2026-06-22 19:00:00+00:00,0.3,24.7,47.98128,0.0,9.743304,1.2246467991473532e-16,-1.0,0.0,1.0,-0.9659258262890684,0.2588190451025203,25.3,24.35,18.6,10.75,19.65,43.497677,43.66612,66.76794,96.723045,49.033203,12.800266,14.607751,3.84796,2.8460495,2.6208394,0.1,0.2,1.8,32.7,48.9,7.2,7.1,0.0,1,13.049999999999999,14.519882919638116,32.7,25.64166666666667,16.836943057311537,48.9,34.0875,17.320089177900762,54.5,19.766666666666666,19.55612037116849,54.5
2026-06-22 20:00:00+00:00,0.0,23.05,54.387043,0.0,6.9270773,1.2246467991473532e-16,-1.0,0.0,1.0,-0.8660254037844386,0.5000000000000001,24.7,24.75,21.3,10.7,18.8,47.98128,42.49257,58.36891,95.1185,60.313175,9.743304,13.776762,8.209263,2.0124612,1.8089776,0.3,0.1,0.2,27.1,39.2,29.9,12.1,0.1,1,7.6499999999999995,11.450895161514591,27.1,21.591666666666665,16.57689840127097,39.2,33.8,17.835406895566894,54.5,19.625,19.67410545696843,54.5
2026-06-22 21:00:00+00:00,0.4,21.05,61.03953,0.0,7.562142,1.2246467991473532e-16,-1.0,0.0,1.0,-0.7071067811865477,0.7071067811865474,23.05,25.3,23.25,10.45,17.25,54.387043,43.497677,49.83707,96.070045,62.824146,6.9270773,12.800266,12.758432,2.0991426,3.6402748,0.0,0.3,0.1,16.4,35.4,37.6,19.2,0.0,1,3.133333333333333,6.533503399146939,16.4,18.325,16.653753330705946,38.2,32.55416666666667,19.117849141498677,54.5,19.372916666666665,19.849312540572615,54.5
2026-06-22 22:00:00+00:00,1.1,20.05,65.133194,0.0,9.181765,1.2246467991473532e-16,-1.0,0.0,1.0,-0.5000000000000004,0.8660254037844384,21.05,24.7,24.35,10.05,16.15,61.03953,47.98128,43.66612,100.0,72.968025,7.562142,9.743304,14.607751,1.5379207,2.7059932,0.4,0.0,0.3,1.8,38.2,36.0,22.7,0.1,1,0.4666666666666666,0.6683312551904433,1.8,15.408333333333333,16.455143342561367,38.2,31.004166666666663,20.170026819120945,54.5,18.98125,20.037386930435815,54.5
2026-06-22 23:00:00+00:00,2.7,19.45,67.38289,0.0,9.044888,1.2246467991473532e-16,-1.0,0.0,1.0,-0.25881904510252157,0.9659258262890681,20.05,23.05,24.75,11.6,15.15,65.133194,54.387043,42.49257,94.83645,81.47182,9.181765,6.9270773,13.776762,5.154415,1.1384199,1.1,0.4,0.0,0.2,33.4,41.3,23.8,4.8,1,0.35000000000000003,0.3937003936977441,1.1,12.316666666666668,15.222760073075557,34.3,29.549999999999997,21.033761680564485,54.5,18.53125,20.194028570189186,54.5
2026-06-23 00:00:00+00:00,4.5,19.8,66.14972,0.0,9.741642,1.2246467991473532e-16,-1.0,0.7818314824680298,0.6234898018587336,0.0,1.0,19.45,21.05,25.3,15.1,13.95,67.38289,61.03953,43.497677,79.08144,95.86151,9.044888,7.562142,12.800266,4.802999,0.56920993,2.7,1.1,0.4,0.1,34.3,48.2,14.2,2.1,1,0.7666666666666667,1.023067283547106,2.7,9.758333333333333,13.877677191894298,34.3,27.941666666666666,21.56528846704043,54.5,18.091666666666665,20.306238778595443,54.5
2026-06-23 01:00:00+00:00,4.9,19.8,64.024284,0.0,12.739371,1.2246467991473532e-16,-1.0,0.7818314824680298,0.6234898018587336,0.25881904510252074,0.9659258262890683,19.8,20.05,24.7,18.6,13.35,66.14972,65.133194,47.98128,66.76794,98.06184,9.741642,9.181765,9.743304,3.84796,0.71999997,4.5,2.7,1.1,0.3,32.7,53.0,0.1,0.8,1,1.5,1.7606816861652872,4.5,7.2749999999999995,11.559500225119784,32.7,26.120833333333334,21.625226395732067,54.5,17.88958333333333,20.393868911621382,54.5
2026-06-23 02:00:00+00:00,3.3,20.5,58.55918,0.0,14.49531,1.2246467991473532e-16,-1.0,0.7818314824680298,0.6234898018587336,0.49999999999999994,0.8660254037844387,19.8,19.45,23.05,21.3,12.75,64.024284,67.38289,54.387043,58.36891,99.022194,12.739371,9.044888,6.9270773,8.209263,1.0182338,4.9,4.5,2.7,0.0,27.1,54.4,0.8,0.0,1,2.266666666666667,2.10206247924855,4.9,4.958333333333333,8.337479271701932,27.1,24.116666666666664,21.25148929137555,54.5,17.989583333333332,20.316404016536012,54.5
2026-06-23 03:00:00+00:00,4.1,20.15,58.474472,0.0,13.647988,1.2246467991473532e-16,-1.0,0.7818314824680298,0.6234898018587336,0.7071067811865475,0.7071067811865476,20.5,19.8,21.05,23.25,11.85,58.55918,66.14972,61.03953,49.83707,99.015305,14.49531,9.741642,7.562142,12.758432,2.7534704,3.3,4.9,4.5,0.4,16.4,54.5,2.3,0.0,1,2.8166666666666664,1.8004629034402784,4.9,2.975,4.572074325332246,16.4,21.987499999999997,20.636445440888867,54.5,18.041666666666668,20.274560449450927,54.5
2026-06-23 04:00:00+00:00,1.9,19.05,64.06912,0.0,14.224556,1.2246467991473532e-16,-1.0,0.7818314824680298,0.6234898018587336,0.8660254037844386,0.5000000000000001,20.15,19.8,20.05,24.35,11.0,58.474472,64.024284,65.133194,43.66612,100.0,13.647988,12.739371,9.181765,14.607751,3.244996,4.1,3.3,4.9,1.1,1.8,52.6,2.1,0.9,1,3.4333333333333336,1.3952299690963637,4.9,1.95,1.8676674806240157,4.9,19.8875,19.72848993758498,52.6,18.07916666666667,20.246470229093973,54.5
2026-06-23 05:00:00+00:00,1.6,16.85,81.426056,1.5,15.3264475,1.2246467991473532e-16,-1.0,0.7818314824680298,0.6234898018587336,0.9659258262890683,0.25881904510252074,19.05,20.5,19.45,24.75,10.6,64.06912,58.55918,67.38289,42.49257,100.0,14.224556,14.49531,9.044888,13.776762,3.494968,1.9,4.1,3.3,2.7,0.2,50.0,0.6,1.7,1,3.5666666666666664,1.143095213297934,4.9,1.9583333333333333,1.867160378432051,4.9,17.775000000000002,18.764264139466075,50.0,18.075,20.249848961874342,54.5
2026-06-23 06:00:00+00:00,3.4,17.1,83.05769,0.4,13.633737,1.2246467991473532e-16,-1.0,0.7818314824680298,0.6234898018587336,1.0,6.123233995736766e-17,16.85,20.15,19.8,25.3,11.1,81.426056,58.474472,66.14972,43.497677,98.02769,15.3264475,13.647988,9.741642,12.800266,3.06,1.6,1.9,4.1,4.5,0.1,45.7,1.8,2.3,1,3.3833333333333333,1.3746514709789668,4.9,2.0749999999999997,1.789426012592893,4.9,15.758333333333335,17.722275755980522,48.9,18.095833333333335,20.23199444668716,54.5
2026-06-23 07:00:00+00:00,7.6,17.35,85.80996,0.0,12.514855,1.2246467991473532e-16,-1.0,0.7818314824680298,0.6234898018587336,0.9659258262890683,-0.25881904510252063,17.1,19.05,19.8,24.7,10.75,83.05769,64.06912,64.024284,47.98128,96.723045,13.633737,14.224556,12.739371,9.743304,2.8460495,3.4,1.6,1.9,4.9,0.3,48.9,0.4,0.0,1,3.1999999999999997,1.2649110640665442,4.9,2.35,1.7101302449065428,4.9,13.995833333333332,16.68830569894529,48.9,18.129166666666666,20.20587610270869,54.5
2026-06-23 08:00:00+00:00,8.6,17.35,88.61063,0.1,11.844492,1.2246467991473532e-16,-1.0,0.7818314824680298,0.6234898018587336,0.8660254037844387,-0.4999999999999998,17.35,16.85,20.5,23.05,10.7,85.80996,81.426056,58.55918,54.387043,95.1185,12.514855,15.3264475,14.49531,6.9270773,2.0124612,7.6,3.4,1.6,3.3,0.0,39.2,0.2,0.4,1,3.65,2.1566177222674368,7.6,2.9583333333333335,2.155103175481021,7.6,12.275,14.973926614648212,39.2,18.279166666666665,20.097898252911847,54.5
2026-06-23 09:00:00+00:00,6.8,17.1,92.357346,1.4,14.178928,1.2246467991473532e-16,-1.0,0.7818314824680298,0.6234898018587336,0.7071067811865476,-0.7071067811865475,17.35,17.1,20.15,21.05,10.45,88.61063,83.05769,58.474472,61.03953,96.070045,11.844492,13.633737,13.647988,7.562142,2.0991426,8.6,7.6,3.4,4.1,0.4,35.4,1.7,0.2,1,4.533333333333334,2.9309839076093054,8.6,3.6750000000000003,2.4863719461384224,8.6,11.0,13.84158824764672,38.2,18.45416666666667,19.973311537120356,54.5
2026-06-23 10:00:00+00:00,5.7,16.85,93.83192,0.5,10.495713,1.2246467991473532e-16,-1.0,0.7818314824680298,0.6234898018587336,0.49999999999999994,-0.8660254037844387,17.1,17.35,19.05,20.05,10.05,92.357346,85.80996,64.06912,65.133194,100.0,14.178928,12.514855,14.224556,9.181765,1.5379207,6.8,8.6,7.6,1.9,1.1,38.2,3.2,0.0,1,4.983333333333333,3.0557595891471476,8.6,4.208333333333333,2.4050924508152343,8.6,9.808333333333334,12.844823578143211,38.2,18.560416666666665,19.895704011684717,54.5
2026-06-23 11:00:00+00:00,17.3,17.05,95.34872,2.2,9.693296,1.2246467991473532e-16,-1.0,0.7818314824680298,0.6234898018587336,0.258819045102521,-0.9659258262890682,16.85,17.35,16.85,19.45,11.6,93.83192,88.61063,81.426056,67.38289,94.83645,10.495713,11.844492,15.3264475,9.044888,5.154415,5.7,6.8,8.6,1.6,2.7,33.4,1.9,0.0,1,5.616666666666667,2.656626934039627,8.6,4.591666666666667,2.2244338741812064,8.6,8.454166666666666,11.347360511577604,34.3,18.6125,19.857873994324468,54.5
2026-06-23 12:00:00+00:00,33.6,17.75,94.17146,0.1,11.298495,1.2246467991473532e-16,-1.0,0.7818314824680298,0.6234898018587336,1.2246467991473532e-16,-1.0,17.05,17.1,17.1,19.8,15.1,95.34872,92.357346,83.05769,66.14972,79.08144,9.693296,14.178928,13.633737,9.741642,4.802999,17.3,5.7,6.8,3.4,4.5,34.3,1.4,0.1,1,8.233333333333333,4.786926641036499,17.3,5.808333333333334,4.205939162948395,17.3,7.783333333333334,10.229312810727352,34.3,18.933333333333334,19.705937471513643,54.5
2026-06-23 13:00:00+00:00,10.6,17.85,93.877716,1.3,10.163227,1.2246467991473532e-16,-1.0,0.7818314824680298,0.6234898018587336,-0.2588190451025208,-0.9659258262890683,17.75,16.85,17.35,19.8,18.6,94.17146,93.83192,85.80996,64.024284,66.76794,11.298495,10.495713,12.514855,12.739371,3.84796,33.6,17.3,5.7,7.6,4.9,32.7,2.1,0.1,1,13.266666666666666,10.79512235533555,33.6,8.233333333333333,9.018600307982965,33.6,7.754166666666666,10.151118129317723,33.6,19.604166666666668,19.64434798616178,54.5
2026-06-23 14:00:00+00:00,22.2,18.4,89.54648,0.1,7.5213294,1.2246467991473532e-16,-1.0,0.7818314824680298,0.6234898018587336,-0.4999999999999997,-0.8660254037844388,17.85,17.05,17.35,20.5,21.3,93.877716,95.34872,88.61063,58.55918,58.36891,10.163227,9.693296,11.844492,14.49531,8.209263,10.6,33.6,17.3,8.6,3.3,27.1,2.1,0.8,1,13.766666666666667,10.546784660106859,33.6,8.708333333333332,8.977087838525643,33.6,6.833333333333333,8.686554661317604,33.6,19.78125,19.521125013905078,54.5
2026-06-23 15:00:00+00:00,21.2,19.95,81.56224,0.0,11.144021,1.2246467991473532e-16,-1.0,0.7818314824680298,0.6234898018587336,-0.7071067811865471,-0.7071067811865479,18.4,17.75,17.1,20.15,23.25,89.54648,94.17146,92.357346,58.474472,49.83707,7.5213294,11.298495,14.178928,13.647988,12.758432,22.2,10.6,33.6,6.8,4.1,16.4,0.7,0.0,1,16.03333333333333,10.674955113098394,33.6,10.283333333333333,9.579697597555208,33.6,6.6291666666666655,8.235368008285038,33.6,20.2,19.348593879307685,54.5
2026-06-23 16:00:00+00:00,17.4,20.6,77.362335,0.0,14.021525,1.2246467991473532e-16,-1.0,0.7818314824680298,0.6234898018587336,-0.8660254037844384,-0.5000000000000004,19.95,17.85,16.85,19.05,24.35,81.56224,93.877716,93.83192,64.06912,43.66612,11.144021,10.163227,10.495713,14.224556,14.607751,21.2,22.2,10.6,5.7,1.9,1.8,0.7,0.8,1,18.433333333333334,9.763742451881127,33.6,11.708333333333334,9.844468528369607,33.6,6.829166666666667,8.535780403773863,33.6,20.627083333333335,19.134070532478024,54.5
2026-06-23 17:00:00+00:00,24.2,20.35,78.06644,0.1,10.086427,1.2246467991473532e-16,-1.0,0.7818314824680298,0.6234898018587336,-0.9659258262890683,-0.25881904510252063,20.6,18.4,17.05,16.85,24.75,77.362335,89.54648,95.34872,81.426056,42.49257,14.021525,7.5213294,9.693296,15.3264475,13.776762,17.4,21.2,22.2,17.3,1.6,0.2,3.0,0.0,1,20.383333333333333,7.6520367658987265,33.6,13.0,9.449482910335695,33.6,7.479166666666667,8.7279650084316,33.6,20.974999999999998,18.914595287597802,54.5
2026-06-23 18:00:00+00:00,15.8,19.85,78.99447,0.3,9.914717,1.2246467991473532e-16,-1.0,0.7818314824680298,0.6234898018587336,-1.0,-1.8369701987210297e-16,20.35,19.95,17.75,17.1,25.3,78.06644,81.56224,94.17146,83.05769,43.497677,10.086427,11.144021,11.298495,13.633737,12.800266,24.2,17.4,21.2,33.6,3.4,0.1,6.5,0.1,1,21.53333333333333,7.614372375098681,33.6,14.883333333333333,9.220218231822031,33.6,8.479166666666666,9.21878890313583,33.6,21.416666666666668,18.732578667820913,54.5
2026-06-23 19:00:00+00:00,13.9,18.7,85.94579,1.4,4.3573384,1.2246467991473532e-16,-1.0,0.7818314824680298,0.6234898018587336,-0.9659258262890684,0.2588190451025203,19.85,20.6,17.85,17.35,24.7,78.99447,77.362335,93.877716,85.80996,47.98128,9.914717,14.021525,10.163227,12.514855,9.743304,15.8,24.2,17.4,10.6,7.6,0.3,7.2,0.1,1,18.566666666666666,4.987049896147589,24.2,15.916666666666666,8.481512872480932,33.6,9.133333333333335,9.155168018626199,33.6,21.610416666666666,18.622786769351613,54.5
2026-06-23 20:00:00+00:00,0.2,16.9,95.03993,4.4,8.699793,1.2246467991473532e-16,-1.0,0.7818314824680298,0.6234898018587336,-0.8660254037844386,0.5000000000000001,18.7,20.35,18.4,17.35,23.05,85.94579,78.06644,89.54648,88.61063,54.387043,4.3573384,10.086427,7.5213294,11.844492,6.9270773,13.9,15.8,24.2,22.2,8.6,0.0,29.9,1.7,1,19.116666666666664,4.021152405301959,24.2,16.441666666666666,8.106614396262854,33.6,9.7,9.004298490407145,33.6,21.75,18.53739176952953,54.5
2026-06-23 21:00:00+00:00,0.0,14.5,95.56807,4.5,12.362475,1.2246467991473532e-16,-1.0,0.7818314824680298,0.6234898018587336,-0.7071067811865477,0.7071067811865474,16.9,19.85,19.95,17.1,21.05,95.03993,78.99447,81.56224,92.357346,61.03953,8.699793,9.914717,11.144021,14.178928,7.562142,0.2,13.9,15.8,21.2,6.8,0.4,37.6,3.5,1,15.450000000000001,8.348832253674686,24.2,15.741666666666667,9.141857612436313,33.6,9.708333333333334,8.995018750332939,33.6,21.13125,18.75397440147191,54.5
2026-06-23 22:00:00+00:00,0.0,14.15,97.438995,2.6,6.330782,1.2246467991473532e-16,-1.0,0.7818314824680298,0.6234898018587336,-0.5000000000000004,0.8660254037844384,14.5,18.7,20.6,16.85,20.05,95.56807,85.94579,77.362335,93.83192,65.133194,12.362475,4.3573384,14.021525,10.495713,9.181765,0.0,0.2,13.9,17.4,5.7,1.1,36.0,4.9,1,11.916666666666666,9.79028429958319,24.2,15.174999999999999,9.923812042483704,33.6,9.691666666666666,9.01336768924079,33.6,20.347916666666666,18.836530709883842,54.5
2026-06-23 23:00:00+00:00,0.0,14.25,95.559654,1.7,9.391102,1.2246467991473532e-16,-1.0,0.7818314824680298,0.6234898018587336,-0.25881904510252157,0.9659258262890681,14.15,16.9,20.35,17.05,19.45,97.438995,95.03993,78.06644,95.34872,67.38289,6.330782,8.699793,10.086427,9.693296,9.044888,0.0,0.0,0.2,24.2,17.3,2.7,41.3,3.7,1,9.016666666666666,10.399310874604378,24.2,14.700000000000001,10.536085179472025,33.6,9.645833333333334,9.061623770733334,33.6,19.597916666666666,18.91658609818191,54.5
2026-06-24 00:00:00+00:00,0.0,13.7,96.1671,1.7,7.327127,1.2246467991473532e-16,-1.0,0.9749279121818236,-0.22252093395631434,0.0,1.0,14.25,14.5,19.85,17.75,19.8,95.559654,95.56807,78.99447,94.17146,66.14972,9.391102,12.362475,9.914717,11.298495,9.741642,0.0,0.0,0.0,15.8,33.6,4.5,48.2,6.0,1,4.983333333333333,7.666659420286291,15.8,13.258333333333333,11.303616342756927,33.6,9.533333333333333,9.167744337179382,33.6,18.7375,18.847604114344715,54.5
2026-06-24 01:00:00+00:00,0.0,13.5,96.161224,2.0,6.5520988,1.2246467991473532e-16,-1.0,0.9749279121818236,-0.22252093395631434,0.25881904510252074,0.9659258262890683,13.7,14.15,18.7,17.85,19.8,96.1671,97.438995,85.94579,93.877716,64.024284,7.327127,6.330782,4.3573384,10.163227,12.739371,0.0,0.0,0.0,13.9,10.6,4.9,53.0,5.9,1,2.35,5.658886816326834,13.9,10.458333333333334,9.878393164637176,24.2,9.345833333333333,9.319916922874148,33.6,17.733333333333334,18.52575359059088,54.5
2026-06-24 02:00:00+00:00,0.0,13.35,95.84249,1.4,6.6087217,1.2246467991473532e-16,-1.0,0.9749279121818236,-0.22252093395631434,0.49999999999999994,0.8660254037844387,13.5,14.25,16.9,18.4,20.5,96.161224,95.559654,95.03993,89.54648,58.55918,6.5520988,9.391102,8.699793,7.5213294,14.49531,0.0,0.0,0.0,0.2,22.2,3.3,54.4,23.6,1,0.03333333333333333,0.08164965807718773,0.2,9.575000000000001,10.328259996023215,24.2,9.141666666666667,9.473942142009603,33.6,16.629166666666666,17.949562411940352,54.5
2026-06-24 03:00:00+00:00,0.0,13.05,96.780754,2.0,7.9077177,1.2246467991473532e-16,-1.0,0.9749279121818236,-0.22252093395631434,0.7071067811865475,0.7071067811865476,13.35,13.7,14.5,19.95,20.15,95.84249,96.1671,95.56807,81.56224,58.474472,6.6087217,7.327127,12.362475,11.144021,13.647988,0.0,0.0,0.0,0.0,21.2,4.1,54.5,32.6,1,0.0,0.0,0.0,7.7250000000000005,9.837879021230263,24.2,9.004166666666666,9.585699455854622,33.6,15.495833333333335,17.21640680050769,54.5
