location_id,location_name,parameter,value,unit,datetimeUtc,datetimeLocal,timezone,latitude,longitude,country_iso,isMobile,isMonitor,owner_name,provider
6139516,"São Paulo","pm1",27.2,"µg/m³","2026-05-24T01:00:00Z","2026-05-23T22:00:00-03:00","America/Sao_Paulo",-23.6473149,-46.6643635,,,,"AirGradient","AirGradient"
6139516,"São Paulo","pm1",28.5,"µg/m³","2026-05-24T02:00:00Z","2026-05-23T23:00:00-03:00","America/Sao_Paulo",-23.6473149,-46.6643635,,,,"AirGradient","AirGradient"
6139516,"São Paulo","pm1",25,"µg/m³","2026-05-24T03:00:00Z","2026-05-24T00:00:00-03:00","America/Sao_Paulo",-23.6473149,-46.6643635,,,,"AirGradient","AirGradient"
6139516,"São Paulo","pm1",27.5,"µg/m³","2026-05-24T04:00:00Z","2026-05-24T01:00:00-03:00","America/Sao_Paulo",-23.6473149,-46.6643635,,,,"AirGradient","AirGradient"
6139516,"São Paulo","pm1",30.9,"µg/m³","2026-05-24T05:00:00Z","2026-05-24T02:00:00-03:00","America/Sao_Paulo",-23.6473149,-46.6643635,,,,"AirGradient","AirGradient"
6139516,"São Paulo","pm1",29.2,"µg/m³","2026-05-24T06:00:00Z","2026-05-24T03:00:00-03:00","America/Sao_Paulo",-23.6473149,-46.6643635,,,,"AirGradient","AirGradient"
6139516,"São Paulo","pm1",25.9,"µg/m³","2026-05-24T07:00:00Z","2026-05-24T04:00:00-03:00","America/Sao_Paulo",-23.6473149,-46.6643635,,,,"AirGradient","AirGradient"
6139516,"São Paulo","pm1",22.5,"µg/m³","2026-05-24T08:00:00Z","2026-05-24T05:00:00-03:00","America/Sao_Paulo",-23.6473149,-46.6643635,,,,"AirGradient","AirGradient"
6139516,"São Paulo","pm1",25.1,"µg/m³","2026-05-24T09:00:00Z","2026-05-24T06:00:00-03:00","America/Sao_Paulo",-23.6473149,-46.6643635,,,,"AirGradient","AirGradient"
6139516,"São Paulo","pm1",23.7,"µg/m³","2026-05-24T10:00:00Z","2026-05-24T07:00:00-03:00","America/Sao_Paulo",-23.6473149,-46.6643635,,,,"AirGradient","AirGradient"
6139516,"São Paulo","pm1",22.7,"µg/m³","2026-05-24T11:00:00Z","2026-05-24T08:00:00-03:00","America/Sao_Paulo",-23.6473149,-46.6643635,,,,"AirGradient","AirGradient"
6139516,"São Paulo","pm1",22.9,"µg/m³","2026-05-24T12:00:00Z","2026-05-24T09:00:00-03:00","America/Sao_Paulo",-23.6473149,-46.6643635,,,,"AirGradient","AirGradient"
6139516,"São Paulo","pm1",26,"µg/m³","2026-05-24T13:00:00Z","2026-05-24T10:00:00-03:00","America/Sao_Paulo",-23.6473149,-46.6643635,,,,"AirGradient","AirGradient"
6139516,"São Paulo","pm1",11.1,"µg/m³","2026-05-24T14:00:00Z","2026-05-24T11:00:00-03:00","America/Sao_Paulo",-23.6473149,-46.6643635,,,,"AirGradient","AirGradient"
6139516,"São Paulo","pm1",7.8,"µg/m³","2026-05-24T15:00:00Z","2026-05-24T12:00:00-03:00","America/Sao_Paulo",-23.6473149,-46.6643635,,,,"AirGradient","AirGradient"
6139516,"São Paulo","pm1",6.2,"µg/m³","2026-05-24T16:00:00Z","2026-05-24T13:00:00-03:00","America/Sao_Paulo",-23.6473149,-46.6643635,,,,"AirGradient","AirGradient"
6139516,"São Paulo","pm1",7.5,"µg/m³","2026-05-24T17:00:00Z","2026-05-24T14:00:00-03:00","America/Sao_Paulo",-23.6473149,-46.6643635,,,,"AirGradient","AirGradient"
6139516,"São Paulo","pm1",6.6,"µg/m³","2026-05-24T18:00:00Z","2026-05-24T15:00:00-03:00","America/Sao_Paulo",-23.6473149,-46.6643635,,,,"AirGradient","AirGradient"
6139516,"São Paulo","pm1",13.2,"µg/m³","2026-05-24T19:00:00Z","2026-05-24T16:00:00-03:00","America/Sao_Paulo",-23.6473149,-46.6643635,,,,"AirGradient","AirGradient"
6139516,"São Paulo","pm1",17.4,"µg/m³","2026-05-24T20:00:00Z","2026-05-24T17:00:00-03:00","America/Sao_Paulo",-23.6473149,-46.6643635,,,,"AirGradient","AirGradient"
6139516,"São Paulo","pm1",10,"µg/m³","2026-05-24T21:00:00Z","2026-05-24T18:00:00-03:00","America/Sao_Paulo",-23.6473149,-46.6643635,,,,"AirGradient","AirGradient"
6139516,"São Paulo","pm1",10,"µg/m³","2026-05-24T22:00:00Z","2026-05-24T19:00:00-03:00","America/Sao_Paulo",-23.6473149,-46.6643635,,,,"AirGradient","AirGradient"
6139516,"São Paulo","pm1",21,"µg/m³","2026-05-24T23:00:00Z","2026-05-24T20:00:00-03:00","America/Sao_Paulo",-23.6473149,-46.6643635,,,,"AirGradient","AirGradient"
6139516,"São Paulo","pm1",21.5,"µg/m³","2026-05-25T00:00:00Z","2026-05-24T21:00:00-03:00","America/Sao_Paulo",-23.6473149,-46.6643635,,,,"AirGradient","AirGradient"
6139516,"São Paulo","pm1",11.3,"µg/m³","2026-05-25T01:00:00Z","2026-05-24T22:00:00-03:00","America/Sao_Paulo",-23.6473149,-46.6643635,,,,"AirGradient","AirGradient"
6139516,"São Paulo","pm1",0,"µg/m³","2026-05-25T02:00:00Z","2026-05-24T23:00:00-03:00","America/Sao_Paulo",-23.6473149,-46.6643635,,,,"AirGradient","AirGradient"
6139516,"São Paulo","pm1",0,"µg/m³","2026-05-25T03:00:00Z","2026-05-25T00:00:00-03:00","America/Sao_Paulo",-23.6473149,-46.6643635,,,,"AirGradient","AirGradient"
6139516,"São Paulo","pm1",0,"µg/m³","2026-05-25T04:00:00Z","2026-05-25T01:00:00-03:00","America/Sao_Paulo",-23.6473149,-46.6643635,,,,"AirGradient","AirGradient"
6139516,"São Paulo","pm1",0,"µg/m³","2026-05-25T05:00:00Z","2026-05-25T02:00:00-03:00","America/Sao_Paulo",-23.6473149,-46.6643635,,,,"AirGradient","AirGradient"
6139516,"São Paulo","pm1",0,"µg/m³","2026-05-25T06:00:00Z","2026-05-25T03:00:00-03:00","America/Sao_Paulo",-23.6473149,-46.6643635,,,,"AirGradient","AirGradient"
6139516,"São Paulo","pm1",0,"µg/m³","2026-05-25T07:00:00Z","2026-05-25T04:00:00-03:00","America/Sao_Paulo",-23.6473149,-46.6643635,,,,"AirGradient","AirGradient"
6139516,"São Paulo","pm1",0,"µg/m³","2026-05-25T08:00:00Z","2026-05-25T05:00:00-03:00","America/Sao_Paulo",-23.6473149,-46.6643635,,,,"AirGradient","AirGradient"
6139516,"São Paulo","pm1",1.4,"µg/m³","2026-05-25T09:00:00Z","2026-05-25T06:00:00-03:00","America/Sao_Paulo",-23.6473149,-46.6643635,,,,"AirGradient","AirGradient"
6139516,"São Paulo","pm1",1.9,"µg/m³","2026-05-25T10:00:00Z","2026-05-25T07:00:00-03:00","America/Sao_Paulo",-23.6473149,-46.6643635,,,,"AirGradient","AirGradient"
6139516,"São Paulo","pm1",6.2,"µg/m³","2026-05-25T11:00:00Z","2026-05-25T08:00:00-03:00","America/Sao_Paulo",-23.6473149,-46.6643635,,,,"AirGradient","AirGradient"
6139516,"São Paulo","pm1",15.6,"µg/m³","2026-05-25T12:00:00Z","2026-05-25T09:00:00-03:00","America/Sao_Paulo",-23.6473149,-46.6643635,,,,"AirGradient","AirGradient"
6139516,"São Paulo","pm1",22.3,"µg/m³","2026-05-25T13:00:00Z","2026-05-25T10:00:00-03:00","America/Sao_Paulo",-23.6473149,-46.6643635,,,,"AirGradient","AirGradient"
6139516,"São Paulo","pm1",21.4,"µg/m³","2026-05-25T14:00:00Z","2026-05-25T11:00:00-03:00","America/Sao_Paulo",-23.6473149,-46.6643635,,,,"AirGradient","AirGradient"
6139516,"São Paulo","pm1",20.4,"µg/m³","2026-05-25T15:00:00Z","2026-05-25T12:00:00-03:00","America/Sao_Paulo",-23.6473149,-46.6643635,,,,"AirGradient","AirGradient"
6139516,"São Paulo","pm1",23.9,"µg/m³","2026-05-25T16:00:00Z","2026-05-25T13:00:00-03:00","America/Sao_Paulo",-23.6473149,-46.6643635,,,,"AirGradient","AirGradient"
6139516,"São Paulo","pm1",25.2,"µg/m³","2026-05-25T17:00:00Z","2026-05-25T14:00:00-03:00","America/Sao_Paulo",-23.6473149,-46.6643635,,,,"AirGradient","AirGradient"
6139516,"São Paulo","pm1",27.8,"µg/m³","2026-05-25T18:00:00Z","2026-05-25T15:00:00-03:00","America/Sao_Paulo",-23.6473149,-46.6643635,,,,"AirGradient","AirGradient"
6139516,"São Paulo","pm1",24.7,"µg/m³","2026-05-25T19:00:00Z","2026-05-25T16:00:00-03:00","America/Sao_Paulo",-23.6473149,-46.6643635,,,,"AirGradient","AirGradient"
6139516,"São Paulo","pm1",22.6,"µg/m³","2026-05-25T20:00:00Z","2026-05-25T17:00:00-03:00","America/Sao_Paulo",-23.6473149,-46.6643635,,,,"AirGradient","AirGradient"
6139516,"São Paulo","pm1",23.2,"µg/m³","2026-05-25T21:00:00Z","2026-05-25T18:00:00-03:00","America/Sao_Paulo",-23.6473149,-46.6643635,,,,"AirGradient","AirGradient"
6139516,"São Paulo","pm1",18.6,"µg/m³","2026-05-25T22:00:00Z","2026-05-25T19:00:00-03:00","America/Sao_Paulo",-23.6473149,-46.6643635,,,,"AirGradient","AirGradient"
6139516,"São Paulo","pm1",14.8,"µg/m³","2026-05-25T23:00:00Z","2026-05-25T20:00:00-03:00","America/Sao_Paulo",-23.6473149,-46.6643635,,,,"AirGradient","AirGradient"
6139516,"São Paulo","pm1",22.2,"µg/m³","2026-05-26T00:00:00Z","2026-05-25T21:00:00-03:00","America/Sao_Paulo",-23.6473149,-46.6643635,,,,"AirGradient","AirGradient"
6139516,"São Paulo","pm1",13,"µg/m³","2026-05-26T01:00:00Z","2026-05-25T22:00:00-03:00","America/Sao_Paulo",-23.6473149,-46.6643635,,,,"AirGradient","AirGradient"
6139516,"São Paulo","pm1",15.2,"µg/m³","2026-05-26T02:00:00Z","2026-05-25T23:00:00-03:00","America/Sao_Paulo",-23.6473149,-46.6643635,,,,"AirGradient","AirGradient"
6139516,"São Paulo","pm1",20.9,"µg/m³","2026-05-26T03:00:00Z","2026-05-26T00:00:00-03:00","America/Sao_Paulo",-23.6473149,-46.6643635,,,,"AirGradient","AirGradient"
6139516,"São Paulo","pm1",19.4,"µg/m³","2026-05-26T04:00:00Z","2026-05-26T01:00:00-03:00","America/Sao_Paulo",-23.6473149,-46.6643635,,,,"AirGradient","AirGradient"
6139516,"São Paulo","pm1",16.7,"µg/m³","2026-05-26T05:00:00Z","2026-05-26T02:00:00-03:00","America/Sao_Paulo",-23.6473149,-46.6643635,,,,"AirGradient","AirGradient"
6139516,"São Paulo","pm1",18.5,"µg/m³","2026-05-26T06:00:00Z","2026-05-26T03:00:00-03:00","America/Sao_Paulo",-23.6473149,-46.6643635,,,,"AirGradient","AirGradient"
6139516,"São Paulo","pm1",18,"µg/m³","2026-05-26T07:00:00Z","2026-05-26T04:00:00-03:00","America/Sao_Paulo",-23.6473149,-46.6643635,,,,"AirGradient","AirGradient"
6139516,"São Paulo","pm1",19.8,"µg/m³","2026-05-26T08:00:00Z","2026-05-26T05:00:00-03:00","America/Sao_Paulo",-23.6473149,-46.6643635,,,,"AirGradient","AirGradient"
6139516,"São Paulo","pm1",13.7,"µg/m³","2026-05-26T09:00:00Z","2026-05-26T06:00:00-03:00","America/Sao_Paulo",-23.6473149,-46.6643635,,,,"AirGradient","AirGradient"
6139516,"São Paulo","pm1",14.8,"µg/m³","2026-05-26T10:00:00Z","2026-05-26T07:00:00-03:00","America/Sao_Paulo",-23.6473149,-46.6643635,,,,"AirGradient","AirGradient"
6139516,"São Paulo","pm1",14.5,"µg/m³","2026-05-26T11:00:00Z","2026-05-26T08:00:00-03:00","America/Sao_Paulo",-23.6473149,-46.6643635,,,,"AirGradient","AirGradient"
6139516,"São Paulo","pm1",17.2,"µg/m³","2026-05-26T12:00:00Z","2026-05-26T09:00:00-03:00","America/Sao_Paulo",-23.6473149,-46.6643635,,,,"AirGradient","AirGradient"
6139516,"São Paulo","pm1",21.7,"µg/m³","2026-05-26T13:00:00Z","2026-05-26T10:00:00-03:00","America/Sao_Paulo",-23.6473149,-46.6643635,,,,"AirGradient","AirGradient"
6139516,"São Paulo","pm1",20,"µg/m³","2026-05-26T14:00:00Z","2026-05-26T11:00:00-03:00","America/Sao_Paulo",-23.6473149,-46.6643635,,,,"AirGradient","AirGradient"
6139516,"São Paulo","pm1",16.6,"µg/m³","2026-05-26T15:00:00Z","2026-05-26T12:00:00-03:00","America/Sao_Paulo",-23.6473149,-46.6643635,,,,"AirGradient","AirGradient"
6139516,"São Paulo","pm1",11.9,"µg/m³","2026-05-26T16:00:00Z","2026-05-26T13:00:00-03:00","America/Sao_Paulo",-23.6473149,-46.6643635,,,,"AirGradient","AirGradient"
6139516,"São Paulo","pm1",4.2,"µg/m³","2026-05-26T17:00:00Z","2026-05-26T14:00:00-03:00","America/Sao_Paulo",-23.6473149,-46.6643635,,,,"AirGradient","AirGradient"
6139516,"São Paulo","pm1",4.8,"µg/m³","2026-05-26T18:00:00Z","2026-05-26T15:00:00-03:00","America/Sao_Paulo",-23.6473149,-46.6643635,,,,"AirGradient","AirGradient"
6139516,"São Paulo","pm1",2.7,"µg/m³","2026-05-26T19:00:00Z","2026-05-26T16:00:00-03:00","America/Sao_Paulo",-23.6473149,-46.6643635,,,,"AirGradient","AirGradient"
6139516,"São Paulo","pm1",3,"µg/m³","2026-05-26T20:00:00Z","2026-05-26T17:00:00-03:00","America/Sao_Paulo",-23.6473149,-46.6643635,,,,"AirGradient","AirGradient"
6139516,"São Paulo","pm1",7.6,"µg/m³","2026-05-26T21:00:00Z","2026-05-26T18:00:00-03:00","America/Sao_Paulo",-23.6473149,-46.6643635,,,,"AirGradient","AirGradient"
6139516,"São Paulo","pm1",9.2,"µg/m³","2026-05-26T22:00:00Z","2026-05-26T19:00:00-03:00","America/Sao_Paulo",-23.6473149,-46.6643635,,,,"AirGradient","AirGradient"
6139516,"São Paulo","pm1",19.9,"µg/m³","2026-05-26T23:00:00Z","2026-05-26T20:00:00-03:00","America/Sao_Paulo",-23.6473149,-46.6643635,,,,"AirGradient","AirGradient"
6139516,"São Paulo","pm1",23.4,"µg/m³","2026-05-27T00:00:00Z","2026-05-26T21:00:00-03:00","America/Sao_Paulo",-23.6473149,-46.6643635,,,,"AirGradient","AirGradient"
6139516,"São Paulo","pm1",25.9,"µg/m³","2026-05-27T01:00:00Z","2026-05-26T22:00:00-03:00","America/Sao_Paulo",-23.6473149,-46.6643635,,,,"AirGradient","AirGradient"
6139516,"São Paulo","pm1",28.4,"µg/m³","2026-05-27T02:00:00Z","2026-05-26T23:00:00-03:00","America/Sao_Paulo",-23.6473149,-46.6643635,,,,"AirGradient","AirGradient"
6139516,"São Paulo","pm1",17,"µg/m³","2026-05-27T03:00:00Z","2026-05-27T00:00:00-03:00","America/Sao_Paulo",-23.6473149,-46.6643635,,,,"AirGradient","AirGradient"
6139516,"São Paulo","pm1",16.2,"µg/m³","2026-05-27T04:00:00Z","2026-05-27T01:00:00-03:00","America/Sao_Paulo",-23.6473149,-46.6643635,,,,"AirGradient","AirGradient"
6139516,"São Paulo","pm1",22,"µg/m³","2026-05-27T05:00:00Z","2026-05-27T02:00:00-03:00","America/Sao_Paulo",-23.6473149,-46.6643635,,,,"AirGradient","AirGradient"
6139516,"São Paulo","pm1",21.9,"µg/m³","2026-05-27T06:00:00Z","2026-05-27T03:00:00-03:00","America/Sao_Paulo",-23.6473149,-46.6643635,,,,"AirGradient","AirGradient"
6139516,"São Paulo","pm1",22.3,"µg/m³","2026-05-27T07:00:00Z","2026-05-27T04:00:00-03:00","America/Sao_Paulo",-23.6473149,-46.6643635,,,,"AirGradient","AirGradient"
6139516,"São Paulo","pm1",23.7,"µg/m³","2026-05-27T08:00:00Z","2026-05-27T05:00:00-03:00","America/Sao_Paulo",-23.6473149,-46.6643635,,,,"AirGradient","AirGradient"
6139516,"São Paulo","pm1",25.6,"µg/m³","2026-05-27T09:00:00Z","2026-05-27T06:00:00-03:00","America/Sao_Paulo",-23.6473149,-46.6643635,,,,"AirGradient","AirGradient"
6139516,"São Paulo","pm1",26.8,"µg/m³","2026-05-27T10:00:00Z","2026-05-27T07:00:00-03:00","America/Sao_Paulo",-23.6473149,-46.6643635,,,,"AirGradient","AirGradient"
6139516,"São Paulo","pm1",27.4,"µg/m³","2026-05-27T11:00:00Z","2026-05-27T08:00:00-03:00","America/Sao_Paulo",-23.6473149,-46.6643635,,,,"AirGradient","AirGradient"
6139516,"São Paulo","pm1",26.2,"µg/m³","2026-05-27T12:00:00Z","2026-05-27T09:00:00-03:00","America/Sao_Paulo",-23.6473149,-46.6643635,,,,"AirGradient","AirGradient"
6139516,"São Paulo","pm1",9.3,"µg/m³","2026-05-27T13:00:00Z","2026-05-27T10:00:00-03:00","America/Sao_Paulo",-23.6473149,-46.6643635,,,,"AirGradient","AirGradient"
6139516,"São Paulo","pm1",4.1,"µg/m³","2026-05-27T14:00:00Z","2026-05-27T11:00:00-03:00","America/Sao_Paulo",-23.6473149,-46.6643635,,,,"AirGradient","AirGradient"
6139516,"São Paulo","pm1",4.3,"µg/m³","2026-05-27T15:00:00Z","2026-05-27T12:00:00-03:00","America/Sao_Paulo",-23.6473149,-46.6643635,,,,"AirGradient","AirGradient"
6139516,"São Paulo","pm1",3.8,"µg/m³","2026-05-27T16:00:00Z","2026-05-27T13:00:00-03:00","America/Sao_Paulo",-23.6473149,-46.6643635,,,,"AirGradient","AirGradient"
6139516,"São Paulo","pm1",2,"µg/m³","2026-05-27T17:00:00Z","2026-05-27T14:00:00-03:00","America/Sao_Paulo",-23.6473149,-46.6643635,,,,"AirGradient","AirGradient"
6139516,"São Paulo","pm1",0,"µg/m³","2026-05-27T18:00:00Z","2026-05-27T15:00:00-03:00","America/Sao_Paulo",-23.6473149,-46.6643635,,,,"AirGradient","AirGradient"
6139516,"São Paulo","pm1",0.1,"µg/m³","2026-05-27T19:00:00Z","2026-05-27T16:00:00-03:00","America/Sao_Paulo",-23.6473149,-46.6643635,,,,"AirGradient","AirGradient"
6139516,"São Paulo","pm1",0,"µg/m³","2026-05-27T20:00:00Z","2026-05-27T17:00:00-03:00","America/Sao_Paulo",-23.6473149,-46.6643635,,,,"AirGradient","AirGradient"
6139516,"São Paulo","pm1",0.6,"µg/m³","2026-05-27T21:00:00Z","2026-05-27T18:00:00-03:00","America/Sao_Paulo",-23.6473149,-46.6643635,,,,"AirGradient","AirGradient"
6139516,"São Paulo","pm1",0.8,"µg/m³","2026-05-27T22:00:00Z","2026-05-27T19:00:00-03:00","America/Sao_Paulo",-23.6473149,-46.6643635,,,,"AirGradient","AirGradient"
6139516,"São Paulo","pm1",0,"µg/m³","2026-05-27T23:00:00Z","2026-05-27T20:00:00-03:00","America/Sao_Paulo",-23.6473149,-46.6643635,,,,"AirGradient","AirGradient"
6139516,"São Paulo","pm1",0.3,"µg/m³","2026-05-28T00:00:00Z","2026-05-27T21:00:00-03:00","America/Sao_Paulo",-23.6473149,-46.6643635,,,,"AirGradient","AirGradient"
6139516,"São Paulo","pm1",0,"µg/m³","2026-05-28T01:00:00Z","2026-05-27T22:00:00-03:00","America/Sao_Paulo",-23.6473149,-46.6643635,,,,"AirGradient","AirGradient"
6139516,"São Paulo","pm1",0,"µg/m³","2026-05-28T02:00:00Z","2026-05-27T23:00:00-03:00","America/Sao_Paulo",-23.6473149,-46.6643635,,,,"AirGradient","AirGradient"
6139516,"São Paulo","pm1",0.1,"µg/m³","2026-05-28T03:00:00Z","2026-05-28T00:00:00-03:00","America/Sao_Paulo",-23.6473149,-46.6643635,,,,"AirGradient","AirGradient"
6139516,"São Paulo","pm1",0.4,"µg/m³","2026-05-28T04:00:00Z","2026-05-28T01:00:00-03:00","America/Sao_Paulo",-23.6473149,-46.6643635,,,,"AirGradient","AirGradient"
6139516,"São Paulo","pm1",0,"µg/m³","2026-05-28T05:00:00Z","2026-05-28T02:00:00-03:00","America/Sao_Paulo",-23.6473149,-46.6643635,,,,"AirGradient","AirGradient"
6139516,"São Paulo","pm1",0,"µg/m³","2026-05-28T06:00:00Z","2026-05-28T03:00:00-03:00","America/Sao_Paulo",-23.6473149,-46.6643635,,,,"AirGradient","AirGradient"
6139516,"São Paulo","pm1",0,"µg/m³","2026-05-28T07:00:00Z","2026-05-28T04:00:00-03:00","America/Sao_Paulo",-23.6473149,-46.6643635,,,,"AirGradient","AirGradient"
6139516,"São Paulo","pm1",0,"µg/m³","2026-05-28T08:00:00Z","2026-05-28T05:00:00-03:00","America/Sao_Paulo",-23.6473149,-46.6643635,,,,"AirGradient","AirGradient"
6139516,"São Paulo","pm1",0,"µg/m³","2026-05-28T09:00:00Z","2026-05-28T06:00:00-03:00","America/Sao_Paulo",-23.6473149,-46.6643635,,,,"AirGradient","AirGradient"
6139516,"São Paulo","pm1",0,"µg/m³","2026-05-28T10:00:00Z","2026-05-28T07:00:00-03:00","America/Sao_Paulo",-23.6473149,-46.6643635,,,,"AirGradient","AirGradient"
6139516,"São Paulo","pm1",0,"µg/m³","2026-05-28T11:00:00Z","2026-05-28T08:00:00-03:00","America/Sao_Paulo",-23.6473149,-46.6643635,,,,"AirGradient","AirGradient"
6139516,"São Paulo","pm1",0,"µg/m³","2026-05-28T12:00:00Z","2026-05-28T09:00:00-03:00","America/Sao_Paulo",-23.6473149,-46.6643635,,,,"AirGradient","AirGradient"
6139516,"São Paulo","pm1",0,"µg/m³","2026-05-28T13:00:00Z","2026-05-28T10:00:00-03:00","America/Sao_Paulo",-23.6473149,-46.6643635,,,,"AirGradient","AirGradient"
6139516,"São Paulo","pm1",0,"µg/m³","2026-05-28T14:00:00Z","2026-05-28T11:00:00-03:00","America/Sao_Paulo",-23.6473149,-46.6643635,,,,"AirGradient","AirGradient"
6139516,"São Paulo","pm1",0,"µg/m³","2026-05-28T15:00:00Z","2026-05-28T12:00:00-03:00","America/Sao_Paulo",-23.6473149,-46.6643635,,,,"AirGradient","AirGradient"
6139516,"São Paulo","pm1",0,"µg/m³","2026-05-28T16:00:00Z","2026-05-28T13:00:00-03:00","America/Sao_Paulo",-23.6473149,-46.6643635,,,,"AirGradient","AirGradient"
6139516,"São Paulo","pm1",2,"µg/m³","2026-05-28T17:00:00Z","2026-05-28T14:00:00-03:00","America/Sao_Paulo",-23.6473149,-46.6643635,,,,"AirGradient","AirGradient"
6139516,"São Paulo","pm1",4.8,"µg/m³","2026-05-28T18:00:00Z","2026-05-28T15:00:00-03:00","America/Sao_Paulo",-23.6473149,-46.6643635,,,,"AirGradient","AirGradient"
6139516,"São Paulo","pm1",2.5,"µg/m³","2026-05-28T19:00:00Z","2026-05-28T16:00:00-03:00","America/Sao_Paulo",-23.6473149,-46.6643635,,,,"AirGradient","AirGradient"
6139516,"São Paulo","pm1",3.8,"µg/m³","2026-05-28T20:00:00Z","2026-05-28T17:00:00-03:00","America/Sao_Paulo",-23.6473149,-46.6643635,,,,"AirGradient","AirGradient"
6139516,"São Paulo","pm1",8.4,"µg/m³","2026-05-28T21:00:00Z","2026-05-28T18:00:00-03:00","America/Sao_Paulo",-23.6473149,-46.6643635,,,,"AirGradient","AirGradient"
6139516,"São Paulo","pm1",5.6,"µg/m³","2026-05-28T22:00:00Z","2026-05-28T19:00:00-03:00","America/Sao_Paulo",-23.6473149,-46.6643635,,,,"AirGradient","AirGradient"
6139516,"São Paulo","pm1",1.8,"µg/m³","2026-05-28T23:00:00Z","2026-05-28T20:00:00-03:00","America/Sao_Paulo",-23.6473149,-46.6643635,,,,"AirGradient","AirGradient"
6139516,"São Paulo","pm1",6.9,"µg/m³","2026-05-29T00:00:00Z","2026-05-28T21:00:00-03:00","America/Sao_Paulo",-23.6473149,-46.6643635,,,,"AirGradient","AirGradient"
6139516,"São Paulo","pm1",7,"µg/m³","2026-05-29T01:00:00Z","2026-05-28T22:00:00-03:00","America/Sao_Paulo",-23.6473149,-46.6643635,,,,"AirGradient","AirGradient"
6139516,"São Paulo","pm1",5.6,"µg/m³","2026-05-29T02:00:00Z","2026-05-28T23:00:00-03:00","America/Sao_Paulo",-23.6473149,-46.6643635,,,,"AirGradient","AirGradient"
6139516,"São Paulo","pm1",3.9,"µg/m³","2026-05-29T03:00:00Z","2026-05-29T00:00:00-03:00","America/Sao_Paulo",-23.6473149,-46.6643635,,,,"AirGradient","AirGradient"
6139516,"São Paulo","pm1",2.6,"µg/m³","2026-05-29T04:00:00Z","2026-05-29T01:00:00-03:00","America/Sao_Paulo",-23.6473149,-46.6643635,,,,"AirGradient","AirGradient"
6139516,"São Paulo","pm1",4,"µg/m³","2026-05-29T05:00:00Z","2026-05-29T02:00:00-03:00","America/Sao_Paulo",-23.6473149,-46.6643635,,,,"AirGradient","AirGradient"
6139516,"São Paulo","pm1",1.9,"µg/m³","2026-05-29T06:00:00Z","2026-05-29T03:00:00-03:00","America/Sao_Paulo",-23.6473149,-46.6643635,,,,"AirGradient","AirGradient"
6139516,"São Paulo","pm1",0.1,"µg/m³","2026-05-29T07:00:00Z","2026-05-29T04:00:00-03:00","America/Sao_Paulo",-23.6473149,-46.6643635,,,,"AirGradient","AirGradient"
6139516,"São Paulo","pm1",0,"µg/m³","2026-05-29T08:00:00Z","2026-05-29T05:00:00-03:00","America/Sao_Paulo",-23.6473149,-46.6643635,,,,"AirGradient","AirGradient"
6139516,"São Paulo","pm1",0,"µg/m³","2026-05-29T09:00:00Z","2026-05-29T06:00:00-03:00","America/Sao_Paulo",-23.6473149,-46.6643635,,,,"AirGradient","AirGradient"
6139516,"São Paulo","pm1",0,"µg/m³","2026-05-29T10:00:00Z","2026-05-29T07:00:00-03:00","America/Sao_Paulo",-23.6473149,-46.6643635,,,,"AirGradient","AirGradient"
6139516,"São Paulo","pm1",0,"µg/m³","2026-05-29T11:00:00Z","2026-05-29T08:00:00-03:00","America/Sao_Paulo",-23.6473149,-46.6643635,,,,"AirGradient","AirGradient"
6139516,"São Paulo","pm1",1.4,"µg/m³","2026-05-29T12:00:00Z","2026-05-29T09:00:00-03:00","America/Sao_Paulo",-23.6473149,-46.6643635,,,,"AirGradient","AirGradient"
6139516,"São Paulo","pm1",3.9,"µg/m³","2026-05-29T13:00:00Z","2026-05-29T10:00:00-03:00","America/Sao_Paulo",-23.6473149,-46.6643635,,,,"AirGradient","AirGradient"
6139516,"São Paulo","pm1",1,"µg/m³","2026-05-29T14:00:00Z","2026-05-29T11:00:00-03:00","America/Sao_Paulo",-23.6473149,-46.6643635,,,,"AirGradient","AirGradient"
6139516,"São Paulo","pm1",0.2,"µg/m³","2026-05-29T15:00:00Z","2026-05-29T12:00:00-03:00","America/Sao_Paulo",-23.6473149,-46.6643635,,,,"AirGradient","AirGradient"
6139516,"São Paulo","pm1",4,"µg/m³","2026-05-29T16:00:00Z","2026-05-29T13:00:00-03:00","America/Sao_Paulo",-23.6473149,-46.6643635,,,,"AirGradient","AirGradient"
6139516,"São Paulo","pm1",9.3,"µg/m³","2026-05-29T17:00:00Z","2026-05-29T14:00:00-03:00","America/Sao_Paulo",-23.6473149,-46.6643635,,,,"AirGradient","AirGradient"
6139516,"São Paulo","pm1",8.1,"µg/m³","2026-05-29T18:00:00Z","2026-05-29T15:00:00-03:00","America/Sao_Paulo",-23.6473149,-46.6643635,,,,"AirGradient","AirGradient"
6139516,"São Paulo","pm1",9.9,"µg/m³","2026-05-29T19:00:00Z","2026-05-29T16:00:00-03:00","America/Sao_Paulo",-23.6473149,-46.6643635,,,,"AirGradient","AirGradient"
6139516,"São Paulo","pm1",7.5,"µg/m³","2026-05-29T20:00:00Z","2026-05-29T17:00:00-03:00","America/Sao_Paulo",-23.6473149,-46.6643635,,,,"AirGradient","AirGradient"
6139516,"São Paulo","pm1",1.9,"µg/m³","2026-05-29T21:00:00Z","2026-05-29T18:00:00-03:00","America/Sao_Paulo",-23.6473149,-46.6643635,,,,"AirGradient","AirGradient"
6139516,"São Paulo","pm1",0.5,"µg/m³","2026-05-29T22:00:00Z","2026-05-29T19:00:00-03:00","America/Sao_Paulo",-23.6473149,-46.6643635,,,,"AirGradient","AirGradient"
6139516,"São Paulo","pm1",2.8,"µg/m³","2026-05-29T23:00:00Z","2026-05-29T20:00:00-03:00","America/Sao_Paulo",-23.6473149,-46.6643635,,,,"AirGradient","AirGradient"
6139516,"São Paulo","pm1",3.6,"µg/m³","2026-05-30T00:00:00Z","2026-05-29T21:00:00-03:00","America/Sao_Paulo",-23.6473149,-46.6643635,,,,"AirGradient","AirGradient"
6139516,"São Paulo","pm1",3.8,"µg/m³","2026-05-30T01:00:00Z","2026-05-29T22:00:00-03:00","America/Sao_Paulo",-23.6473149,-46.6643635,,,,"AirGradient","AirGradient"
6139516,"São Paulo","pm1",6.7,"µg/m³","2026-05-30T02:00:00Z","2026-05-29T23:00:00-03:00","America/Sao_Paulo",-23.6473149,-46.6643635,,,,"AirGradient","AirGradient"
6139516,"São Paulo","pm1",3.2,"µg/m³","2026-05-30T03:00:00Z","2026-05-30T00:00:00-03:00","America/Sao_Paulo",-23.6473149,-46.6643635,,,,"AirGradient","AirGradient"
6139516,"São Paulo","pm1",4,"µg/m³","2026-05-30T04:00:00Z","2026-05-30T01:00:00-03:00","America/Sao_Paulo",-23.6473149,-46.6643635,,,,"AirGradient","AirGradient"
6139516,"São Paulo","pm1",0.7,"µg/m³","2026-05-30T05:00:00Z","2026-05-30T02:00:00-03:00","America/Sao_Paulo",-23.6473149,-46.6643635,,,,"AirGradient","AirGradient"
6139516,"São Paulo","pm1",0.3,"µg/m³","2026-05-30T06:00:00Z","2026-05-30T03:00:00-03:00","America/Sao_Paulo",-23.6473149,-46.6643635,,,,"AirGradient","AirGradient"
6139516,"São Paulo","pm1",1.7,"µg/m³","2026-05-30T07:00:00Z","2026-05-30T04:00:00-03:00","America/Sao_Paulo",-23.6473149,-46.6643635,,,,"AirGradient","AirGradient"
6139516,"São Paulo","pm1",4,"µg/m³","2026-05-30T08:00:00Z","2026-05-30T05:00:00-03:00","America/Sao_Paulo",-23.6473149,-46.6643635,,,,"AirGradient","AirGradient"
6139516,"São Paulo","pm1",7.2,"µg/m³","2026-05-30T09:00:00Z","2026-05-30T06:00:00-03:00","America/Sao_Paulo",-23.6473149,-46.6643635,,,,"AirGradient","AirGradient"
6139516,"São Paulo","pm1",9.6,"µg/m³","2026-05-30T10:00:00Z","2026-05-30T07:00:00-03:00","America/Sao_Paulo",-23.6473149,-46.6643635,,,,"AirGradient","AirGradient"
6139516,"São Paulo","pm1",10.7,"µg/m³","2026-05-30T11:00:00Z","2026-05-30T08:00:00-03:00","America/Sao_Paulo",-23.6473149,-46.6643635,,,,"AirGradient","AirGradient"
6139516,"São Paulo","pm1",10.6,"µg/m³","2026-05-30T12:00:00Z","2026-05-30T09:00:00-03:00","America/Sao_Paulo",-23.6473149,-46.6643635,,,,"AirGradient","AirGradient"
6139516,"São Paulo","pm1",16.2,"µg/m³","2026-05-30T13:00:00Z","2026-05-30T10:00:00-03:00","America/Sao_Paulo",-23.6473149,-46.6643635,,,,"AirGradient","AirGradient"
6139516,"São Paulo","pm1",21,"µg/m³","2026-05-30T14:00:00Z","2026-05-30T11:00:00-03:00","America/Sao_Paulo",-23.6473149,-46.6643635,,,,"AirGradient","AirGradient"
6139516,"São Paulo","pm1",23,"µg/m³","2026-05-30T15:00:00Z","2026-05-30T12:00:00-03:00","America/Sao_Paulo",-23.6473149,-46.6643635,,,,"AirGradient","AirGradient"
6139516,"São Paulo","pm1",24.5,"µg/m³","2026-05-30T16:00:00Z","2026-05-30T13:00:00-03:00","America/Sao_Paulo",-23.6473149,-46.6643635,,,,"AirGradient","AirGradient"
6139516,"São Paulo","pm1",26.7,"µg/m³","2026-05-30T17:00:00Z","2026-05-30T14:00:00-03:00","America/Sao_Paulo",-23.6473149,-46.6643635,,,,"AirGradient","AirGradient"
6139516,"São Paulo","pm1",28.7,"µg/m³","2026-05-30T18:00:00Z","2026-05-30T15:00:00-03:00","America/Sao_Paulo",-23.6473149,-46.6643635,,,,"AirGradient","AirGradient"
6139516,"São Paulo","pm1",28.9,"µg/m³","2026-05-30T19:00:00Z","2026-05-30T16:00:00-03:00","America/Sao_Paulo",-23.6473149,-46.6643635,,,,"AirGradient","AirGradient"
6139516,"São Paulo","pm1",28.8,"µg/m³","2026-05-30T20:00:00Z","2026-05-30T17:00:00-03:00","America/Sao_Paulo",-23.6473149,-46.6643635,,,,"AirGradient","AirGradient"
6139516,"São Paulo","pm1",26.1,"µg/m³","2026-05-30T21:00:00Z","2026-05-30T18:00:00-03:00","America/Sao_Paulo",-23.6473149,-46.6643635,,,,"AirGradient","AirGradient"
6139516,"São Paulo","pm1",11.1,"µg/m³","2026-05-30T22:00:00Z","2026-05-30T19:00:00-03:00","America/Sao_Paulo",-23.6473149,-46.6643635,,,,"AirGradient","AirGradient"
6139516,"São Paulo","pm1",5,"µg/m³","2026-05-30T23:00:00Z","2026-05-30T20:00:00-03:00","America/Sao_Paulo",-23.6473149,-46.6643635,,,,"AirGradient","AirGradient"
6139516,"São Paulo","pm1",2.9,"µg/m³","2026-05-31T00:00:00Z","2026-05-30T21:00:00-03:00","America/Sao_Paulo",-23.6473149,-46.6643635,,,,"AirGradient","AirGradient"
6139516,"São Paulo","pm1",0.8,"µg/m³","2026-05-31T01:00:00Z","2026-05-30T22:00:00-03:00","America/Sao_Paulo",-23.6473149,-46.6643635,,,,"AirGradient","AirGradient"
6139516,"São Paulo","pm1",3.1,"µg/m³","2026-05-31T02:00:00Z","2026-05-30T23:00:00-03:00","America/Sao_Paulo",-23.6473149,-46.6643635,,,,"AirGradient","AirGradient"
6139516,"São Paulo","pm1",4.1,"µg/m³","2026-05-31T03:00:00Z","2026-05-31T00:00:00-03:00","America/Sao_Paulo",-23.6473149,-46.6643635,,,,"AirGradient","AirGradient"
6139516,"São Paulo","pm1",3,"µg/m³","2026-05-31T04:00:00Z","2026-05-31T01:00:00-03:00","America/Sao_Paulo",-23.6473149,-46.6643635,,,,"AirGradient","AirGradient"
6139516,"São Paulo","pm1",2.1,"µg/m³","2026-05-31T05:00:00Z","2026-05-31T02:00:00-03:00","America/Sao_Paulo",-23.6473149,-46.6643635,,,,"AirGradient","AirGradient"
6139516,"São Paulo","pm1",0.6,"µg/m³","2026-05-31T06:00:00Z","2026-05-31T03:00:00-03:00","America/Sao_Paulo",-23.6473149,-46.6643635,,,,"AirGradient","AirGradient"
6139516,"São Paulo","pm1",0,"µg/m³","2026-05-31T07:00:00Z","2026-05-31T04:00:00-03:00","America/Sao_Paulo",-23.6473149,-46.6643635,,,,"AirGradient","AirGradient"
6139516,"São Paulo","pm1",0,"µg/m³","2026-05-31T08:00:00Z","2026-05-31T05:00:00-03:00","America/Sao_Paulo",-23.6473149,-46.6643635,,,,"AirGradient","AirGradient"
6139516,"São Paulo","pm1",0,"µg/m³","2026-05-31T09:00:00Z","2026-05-31T06:00:00-03:00","America/Sao_Paulo",-23.6473149,-46.6643635,,,,"AirGradient","AirGradient"
6139516,"São Paulo","pm1",0,"µg/m³","2026-05-31T10:00:00Z","2026-05-31T07:00:00-03:00","America/Sao_Paulo",-23.6473149,-46.6643635,,,,"AirGradient","AirGradient"
6139516,"São Paulo","pm1",0,"µg/m³","2026-05-31T11:00:00Z","2026-05-31T08:00:00-03:00","America/Sao_Paulo",-23.6473149,-46.6643635,,,,"AirGradient","AirGradient"
6139516,"São Paulo","pm1",2.3,"µg/m³","2026-05-31T12:00:00Z","2026-05-31T09:00:00-03:00","America/Sao_Paulo",-23.6473149,-46.6643635,,,,"AirGradient","AirGradient"
6139516,"São Paulo","pm1",1,"µg/m³","2026-05-31T13:00:00Z","2026-05-31T10:00:00-03:00","America/Sao_Paulo",-23.6473149,-46.6643635,,,,"AirGradient","AirGradient"
6139516,"São Paulo","pm1",0.5,"µg/m³","2026-05-31T14:00:00Z","2026-05-31T11:00:00-03:00","America/Sao_Paulo",-23.6473149,-46.6643635,,,,"AirGradient","AirGradient"
6139516,"São Paulo","pm1",0,"µg/m³","2026-05-31T15:00:00Z","2026-05-31T12:00:00-03:00","America/Sao_Paulo",-23.6473149,-46.6643635,,,,"AirGradient","AirGradient"
6139516,"São Paulo","pm1",0.5,"µg/m³","2026-05-31T16:00:00Z","2026-05-31T13:00:00-03:00","America/Sao_Paulo",-23.6473149,-46.6643635,,,,"AirGradient","AirGradient"
6139516,"São Paulo","pm1",0.4,"µg/m³","2026-05-31T17:00:00Z","2026-05-31T14:00:00-03:00","America/Sao_Paulo",-23.6473149,-46.6643635,,,,"AirGradient","AirGradient"
6139516,"São Paulo","pm1",0.5,"µg/m³","2026-05-31T18:00:00Z","2026-05-31T15:00:00-03:00","America/Sao_Paulo",-23.6473149,-46.6643635,,,,"AirGradient","AirGradient"
6139516,"São Paulo","pm1",0.3,"µg/m³","2026-05-31T19:00:00Z","2026-05-31T16:00:00-03:00","America/Sao_Paulo",-23.6473149,-46.6643635,,,,"AirGradient","AirGradient"
6139516,"São Paulo","pm1",1.4,"µg/m³","2026-05-31T20:00:00Z","2026-05-31T17:00:00-03:00","America/Sao_Paulo",-23.6473149,-46.6643635,,,,"AirGradient","AirGradient"
6139516,"São Paulo","pm1",4.5,"µg/m³","2026-05-31T21:00:00Z","2026-05-31T18:00:00-03:00","America/Sao_Paulo",-23.6473149,-46.6643635,,,,"AirGradient","AirGradient"
6139516,"São Paulo","pm1",21.8,"µg/m³","2026-05-31T22:00:00Z","2026-05-31T19:00:00-03:00","America/Sao_Paulo",-23.6473149,-46.6643635,,,,"AirGradient","AirGradient"
6139516,"São Paulo","pm1",24.3,"µg/m³","2026-05-31T23:00:00Z","2026-05-31T20:00:00-03:00","America/Sao_Paulo",-23.6473149,-46.6643635,,,,"AirGradient","AirGradient"
6139516,"São Paulo","pm1",25.1,"µg/m³","2026-06-01T00:00:00Z","2026-05-31T21:00:00-03:00","America/Sao_Paulo",-23.6473149,-46.6643635,,,,"AirGradient","AirGradient"
6139516,"São Paulo","pm1",25.4,"µg/m³","2026-06-01T01:00:00Z","2026-05-31T22:00:00-03:00","America/Sao_Paulo",-23.6473149,-46.6643635,,,,"AirGradient","AirGradient"
6139516,"São Paulo","pm1",24,"µg/m³","2026-06-01T02:00:00Z","2026-05-31T23:00:00-03:00","America/Sao_Paulo",-23.6473149,-46.6643635,,,,"AirGradient","AirGradient"
6139516,"São Paulo","pm1",22.5,"µg/m³","2026-06-01T03:00:00Z","2026-06-01T00:00:00-03:00","America/Sao_Paulo",-23.6473149,-46.6643635,,,,"AirGradient","AirGradient"
6139516,"São Paulo","pm1",22.4,"µg/m³","2026-06-01T04:00:00Z","2026-06-01T01:00:00-03:00","America/Sao_Paulo",-23.6473149,-46.6643635,,,,"AirGradient","AirGradient"
6139516,"São Paulo","pm1",20.4,"µg/m³","2026-06-01T05:00:00Z","2026-06-01T02:00:00-03:00","America/Sao_Paulo",-23.6473149,-46.6643635,,,,"AirGradient","AirGradient"
6139516,"São Paulo","pm1",14.6,"µg/m³","2026-06-01T06:00:00Z","2026-06-01T03:00:00-03:00","America/Sao_Paulo",-23.6473149,-46.6643635,,,,"AirGradient","AirGradient"
6139516,"São Paulo","pm1",19.9,"µg/m³","2026-06-01T07:00:00Z","2026-06-01T04:00:00-03:00","America/Sao_Paulo",-23.6473149,-46.6643635,,,,"AirGradient","AirGradient"
6139516,"São Paulo","pm1",17.8,"µg/m³","2026-06-01T08:00:00Z","2026-06-01T05:00:00-03:00","America/Sao_Paulo",-23.6473149,-46.6643635,,,,"AirGradient","AirGradient"
6139516,"São Paulo","pm1",6.4,"µg/m³","2026-06-01T09:00:00Z","2026-06-01T06:00:00-03:00","America/Sao_Paulo",-23.6473149,-46.6643635,,,,"AirGradient","AirGradient"
6139516,"São Paulo","pm1",7.8,"µg/m³","2026-06-01T10:00:00Z","2026-06-01T07:00:00-03:00","America/Sao_Paulo",-23.6473149,-46.6643635,,,,"AirGradient","AirGradient"
6139516,"São Paulo","pm1",16.3,"µg/m³","2026-06-01T11:00:00Z","2026-06-01T08:00:00-03:00","America/Sao_Paulo",-23.6473149,-46.6643635,,,,"AirGradient","AirGradient"
6139516,"São Paulo","pm1",17.5,"µg/m³","2026-06-01T12:00:00Z","2026-06-01T09:00:00-03:00","America/Sao_Paulo",-23.6473149,-46.6643635,,,,"AirGradient","AirGradient"
6139516,"São Paulo","pm1",19.1,"µg/m³","2026-06-01T13:00:00Z","2026-06-01T10:00:00-03:00","America/Sao_Paulo",-23.6473149,-46.6643635,,,,"AirGradient","AirGradient"
6139516,"São Paulo","pm1",15.5,"µg/m³","2026-06-01T14:00:00Z","2026-06-01T11:00:00-03:00","America/Sao_Paulo",-23.6473149,-46.6643635,,,,"AirGradient","AirGradient"
6139516,"São Paulo","pm1",15.7,"µg/m³","2026-06-01T15:00:00Z","2026-06-01T12:00:00-03:00","America/Sao_Paulo",-23.6473149,-46.6643635,,,,"AirGradient","AirGradient"
6139516,"São Paulo","pm1",17.9,"µg/m³","2026-06-01T16:00:00Z","2026-06-01T13:00:00-03:00","America/Sao_Paulo",-23.6473149,-46.6643635,,,,"AirGradient","AirGradient"
6139516,"São Paulo","pm1",14.2,"µg/m³","2026-06-01T17:00:00Z","2026-06-01T14:00:00-03:00","America/Sao_Paulo",-23.6473149,-46.6643635,,,,"AirGradient","AirGradient"
6139516,"São Paulo","pm1",15.7,"µg/m³","2026-06-01T18:00:00Z","2026-06-01T15:00:00-03:00","America/Sao_Paulo",-23.6473149,-46.6643635,,,,"AirGradient","AirGradient"
6139516,"São Paulo","pm1",11.2,"µg/m³","2026-06-01T19:00:00Z","2026-06-01T16:00:00-03:00","America/Sao_Paulo",-23.6473149,-46.6643635,,,,"AirGradient","AirGradient"
6139516,"São Paulo","pm1",5.3,"µg/m³","2026-06-01T20:00:00Z","2026-06-01T17:00:00-03:00","America/Sao_Paulo",-23.6473149,-46.6643635,,,,"AirGradient","AirGradient"
6139516,"São Paulo","pm1",1.5,"µg/m³","2026-06-01T21:00:00Z","2026-06-01T18:00:00-03:00","America/Sao_Paulo",-23.6473149,-46.6643635,,,,"AirGradient","AirGradient"
6139516,"São Paulo","pm1",3.8,"µg/m³","2026-06-01T22:00:00Z","2026-06-01T19:00:00-03:00","America/Sao_Paulo",-23.6473149,-46.6643635,,,,"AirGradient","AirGradient"
6139516,"São Paulo","pm1",4.6,"µg/m³","2026-06-01T23:00:00Z","2026-06-01T20:00:00-03:00","America/Sao_Paulo",-23.6473149,-46.6643635,,,,"AirGradient","AirGradient"
6139516,"São Paulo","pm1",4.3,"µg/m³","2026-06-02T00:00:00Z","2026-06-01T21:00:00-03:00","America/Sao_Paulo",-23.6473149,-46.6643635,,,,"AirGradient","AirGradient"
6139516,"São Paulo","pm1",3.9,"µg/m³","2026-06-02T01:00:00Z","2026-06-01T22:00:00-03:00","America/Sao_Paulo",-23.6473149,-46.6643635,,,,"AirGradient","AirGradient"
6139516,"São Paulo","pm1",4,"µg/m³","2026-06-02T02:00:00Z","2026-06-01T23:00:00-03:00","America/Sao_Paulo",-23.6473149,-46.6643635,,,,"AirGradient","AirGradient"
6139516,"São Paulo","pm1",3.4,"µg/m³","2026-06-02T03:00:00Z","2026-06-02T00:00:00-03:00","America/Sao_Paulo",-23.6473149,-46.6643635,,,,"AirGradient","AirGradient"
6139516,"São Paulo","pm1",2.2,"µg/m³","2026-06-02T04:00:00Z","2026-06-02T01:00:00-03:00","America/Sao_Paulo",-23.6473149,-46.6643635,,,,"AirGradient","AirGradient"
6139516,"São Paulo","pm1",2.3,"µg/m³","2026-06-02T05:00:00Z","2026-06-02T02:00:00-03:00","America/Sao_Paulo",-23.6473149,-46.6643635,,,,"AirGradient","AirGradient"
6139516,"São Paulo","pm1",3,"µg/m³","2026-06-02T06:00:00Z","2026-06-02T03:00:00-03:00","America/Sao_Paulo",-23.6473149,-46.6643635,,,,"AirGradient","AirGradient"
6139516,"São Paulo","pm1",4.1,"µg/m³","2026-06-02T07:00:00Z","2026-06-02T04:00:00-03:00","America/Sao_Paulo",-23.6473149,-46.6643635,,,,"AirGradient","AirGradient"
6139516,"São Paulo","pm1",5.8,"µg/m³","2026-06-02T08:00:00Z","2026-06-02T05:00:00-03:00","America/Sao_Paulo",-23.6473149,-46.6643635,,,,"AirGradient","AirGradient"
6139516,"São Paulo","pm1",7.2,"µg/m³","2026-06-02T09:00:00Z","2026-06-02T06:00:00-03:00","America/Sao_Paulo",-23.6473149,-46.6643635,,,,"AirGradient","AirGradient"
6139516,"São Paulo","pm1",4.6,"µg/m³","2026-06-02T10:00:00Z","2026-06-02T07:00:00-03:00","America/Sao_Paulo",-23.6473149,-46.6643635,,,,"AirGradient","AirGradient"
6139516,"São Paulo","pm1",6.3,"µg/m³","2026-06-02T11:00:00Z","2026-06-02T08:00:00-03:00","America/Sao_Paulo",-23.6473149,-46.6643635,,,,"AirGradient","AirGradient"
6139516,"São Paulo","pm1",6.7,"µg/m³","2026-06-02T12:00:00Z","2026-06-02T09:00:00-03:00","America/Sao_Paulo",-23.6473149,-46.6643635,,,,"AirGradient","AirGradient"
6139516,"São Paulo","pm1",5,"µg/m³","2026-06-02T13:00:00Z","2026-06-02T10:00:00-03:00","America/Sao_Paulo",-23.6473149,-46.6643635,,,,"AirGradient","AirGradient"
6139516,"São Paulo","pm1",1.6,"µg/m³","2026-06-02T14:00:00Z","2026-06-02T11:00:00-03:00","America/Sao_Paulo",-23.6473149,-46.6643635,,,,"AirGradient","AirGradient"
6139516,"São Paulo","pm1",9.1,"µg/m³","2026-06-02T15:00:00Z","2026-06-02T12:00:00-03:00","America/Sao_Paulo",-23.6473149,-46.6643635,,,,"AirGradient","AirGradient"
6139516,"São Paulo","pm1",15.2,"µg/m³","2026-06-02T16:00:00Z","2026-06-02T13:00:00-03:00","America/Sao_Paulo",-23.6473149,-46.6643635,,,,"AirGradient","AirGradient"
6139516,"São Paulo","pm1",9.1,"µg/m³","2026-06-02T17:00:00Z","2026-06-02T14:00:00-03:00","America/Sao_Paulo",-23.6473149,-46.6643635,,,,"AirGradient","AirGradient"
6139516,"São Paulo","pm1",8.6,"µg/m³","2026-06-02T18:00:00Z","2026-06-02T15:00:00-03:00","America/Sao_Paulo",-23.6473149,-46.6643635,,,,"AirGradient","AirGradient"
6139516,"São Paulo","pm1",6,"µg/m³","2026-06-02T19:00:00Z","2026-06-02T16:00:00-03:00","America/Sao_Paulo",-23.6473149,-46.6643635,,,,"AirGradient","AirGradient"
6139516,"São Paulo","pm1",3.2,"µg/m³","2026-06-02T20:00:00Z","2026-06-02T17:00:00-03:00","America/Sao_Paulo",-23.6473149,-46.6643635,,,,"AirGradient","AirGradient"
6139516,"São Paulo","pm1",0.8,"µg/m³","2026-06-02T21:00:00Z","2026-06-02T18:00:00-03:00","America/Sao_Paulo",-23.6473149,-46.6643635,,,,"AirGradient","AirGradient"
6139516,"São Paulo","pm1",4.9,"µg/m³","2026-06-02T22:00:00Z","2026-06-02T19:00:00-03:00","America/Sao_Paulo",-23.6473149,-46.6643635,,,,"AirGradient","AirGradient"
6139516,"São Paulo","pm1",6.4,"µg/m³","2026-06-02T23:00:00Z","2026-06-02T20:00:00-03:00","America/Sao_Paulo",-23.6473149,-46.6643635,,,,"AirGradient","AirGradient"
6139516,"São Paulo","pm1",2.7,"µg/m³","2026-06-03T00:00:00Z","2026-06-02T21:00:00-03:00","America/Sao_Paulo",-23.6473149,-46.6643635,,,,"AirGradient","AirGradient"
6139516,"São Paulo","pm1",5.3,"µg/m³","2026-06-03T01:00:00Z","2026-06-02T22:00:00-03:00","America/Sao_Paulo",-23.6473149,-46.6643635,,,,"AirGradient","AirGradient"
6139516,"São Paulo","pm1",3.4,"µg/m³","2026-06-03T02:00:00Z","2026-06-02T23:00:00-03:00","America/Sao_Paulo",-23.6473149,-46.6643635,,,,"AirGradient","AirGradient"
6139516,"São Paulo","pm1",2.7,"µg/m³","2026-06-03T03:00:00Z","2026-06-03T00:00:00-03:00","America/Sao_Paulo",-23.6473149,-46.6643635,,,,"AirGradient","AirGradient"
6139516,"São Paulo","pm1",1.6,"µg/m³","2026-06-03T04:00:00Z","2026-06-03T01:00:00-03:00","America/Sao_Paulo",-23.6473149,-46.6643635,,,,"AirGradient","AirGradient"
6139516,"São Paulo","pm1",0.6,"µg/m³","2026-06-03T05:00:00Z","2026-06-03T02:00:00-03:00","America/Sao_Paulo",-23.6473149,-46.6643635,,,,"AirGradient","AirGradient"
6139516,"São Paulo","pm1",0,"µg/m³","2026-06-03T06:00:00Z","2026-06-03T03:00:00-03:00","America/Sao_Paulo",-23.6473149,-46.6643635,,,,"AirGradient","AirGradient"
6139516,"São Paulo","pm1",0,"µg/m³","2026-06-03T07:00:00Z","2026-06-03T04:00:00-03:00","America/Sao_Paulo",-23.6473149,-46.6643635,,,,"AirGradient","AirGradient"
6139516,"São Paulo","pm1",0.7,"µg/m³","2026-06-03T08:00:00Z","2026-06-03T05:00:00-03:00","America/Sao_Paulo",-23.6473149,-46.6643635,,,,"AirGradient","AirGradient"
6139516,"São Paulo","pm1",1.8,"µg/m³","2026-06-03T09:00:00Z","2026-06-03T06:00:00-03:00","America/Sao_Paulo",-23.6473149,-46.6643635,,,,"AirGradient","AirGradient"
6139516,"São Paulo","pm1",1.1,"µg/m³","2026-06-03T10:00:00Z","2026-06-03T07:00:00-03:00","America/Sao_Paulo",-23.6473149,-46.6643635,,,,"AirGradient","AirGradient"
6139516,"São Paulo","pm1",2.9,"µg/m³","2026-06-03T11:00:00Z","2026-06-03T08:00:00-03:00","America/Sao_Paulo",-23.6473149,-46.6643635,,,,"AirGradient","AirGradient"
6139516,"São Paulo","pm1",2.7,"µg/m³","2026-06-03T12:00:00Z","2026-06-03T09:00:00-03:00","America/Sao_Paulo",-23.6473149,-46.6643635,,,,"AirGradient","AirGradient"
6139516,"São Paulo","pm1",0.6,"µg/m³","2026-06-03T13:00:00Z","2026-06-03T10:00:00-03:00","America/Sao_Paulo",-23.6473149,-46.6643635,,,,"AirGradient","AirGradient"
6139516,"São Paulo","pm1",0.5,"µg/m³","2026-06-03T14:00:00Z","2026-06-03T11:00:00-03:00","America/Sao_Paulo",-23.6473149,-46.6643635,,,,"AirGradient","AirGradient"
6139516,"São Paulo","pm1",2.3,"µg/m³","2026-06-03T15:00:00Z","2026-06-03T12:00:00-03:00","America/Sao_Paulo",-23.6473149,-46.6643635,,,,"AirGradient","AirGradient"
6139516,"São Paulo","pm1",2.6,"µg/m³","2026-06-03T16:00:00Z","2026-06-03T13:00:00-03:00","America/Sao_Paulo",-23.6473149,-46.6643635,,,,"AirGradient","AirGradient"
6139516,"São Paulo","pm1",4.5,"µg/m³","2026-06-03T17:00:00Z","2026-06-03T14:00:00-03:00","America/Sao_Paulo",-23.6473149,-46.6643635,,,,"AirGradient","AirGradient"
6139516,"São Paulo","pm1",6,"µg/m³","2026-06-03T18:00:00Z","2026-06-03T15:00:00-03:00","America/Sao_Paulo",-23.6473149,-46.6643635,,,,"AirGradient","AirGradient"
6139516,"São Paulo","pm1",6,"µg/m³","2026-06-03T19:00:00Z","2026-06-03T16:00:00-03:00","America/Sao_Paulo",-23.6473149,-46.6643635,,,,"AirGradient","AirGradient"
6139516,"São Paulo","pm1",10.6,"µg/m³","2026-06-03T20:00:00Z","2026-06-03T17:00:00-03:00","America/Sao_Paulo",-23.6473149,-46.6643635,,,,"AirGradient","AirGradient"
6139516,"São Paulo","pm1",10.9,"µg/m³","2026-06-03T21:00:00Z","2026-06-03T18:00:00-03:00","America/Sao_Paulo",-23.6473149,-46.6643635,,,,"AirGradient","AirGradient"
6139516,"São Paulo","pm1",9.1,"µg/m³","2026-06-03T22:00:00Z","2026-06-03T19:00:00-03:00","America/Sao_Paulo",-23.6473149,-46.6643635,,,,"AirGradient","AirGradient"
6139516,"São Paulo","pm1",8.3,"µg/m³","2026-06-03T23:00:00Z","2026-06-03T20:00:00-03:00","America/Sao_Paulo",-23.6473149,-46.6643635,,,,"AirGradient","AirGradient"
6139516,"São Paulo","pm1",11.6,"µg/m³","2026-06-04T00:00:00Z","2026-06-03T21:00:00-03:00","America/Sao_Paulo",-23.6473149,-46.6643635,,,,"AirGradient","AirGradient"
6139516,"São Paulo","pm1",15.8,"µg/m³","2026-06-04T01:00:00Z","2026-06-03T22:00:00-03:00","America/Sao_Paulo",-23.6473149,-46.6643635,,,,"AirGradient","AirGradient"
6139516,"São Paulo","pm1",6.7,"µg/m³","2026-06-04T02:00:00Z","2026-06-03T23:00:00-03:00","America/Sao_Paulo",-23.6473149,-46.6643635,,,,"AirGradient","AirGradient"
6139516,"São Paulo","pm1",4.8,"µg/m³","2026-06-04T03:00:00Z","2026-06-04T00:00:00-03:00","America/Sao_Paulo",-23.6473149,-46.6643635,,,,"AirGradient","AirGradient"
6139516,"São Paulo","pm1",4.5,"µg/m³","2026-06-04T04:00:00Z","2026-06-04T01:00:00-03:00","America/Sao_Paulo",-23.6473149,-46.6643635,,,,"AirGradient","AirGradient"
6139516,"São Paulo","pm1",3.5,"µg/m³","2026-06-04T05:00:00Z","2026-06-04T02:00:00-03:00","America/Sao_Paulo",-23.6473149,-46.6643635,,,,"AirGradient","AirGradient"
6139516,"São Paulo","pm1",3.9,"µg/m³","2026-06-04T06:00:00Z","2026-06-04T03:00:00-03:00","America/Sao_Paulo",-23.6473149,-46.6643635,,,,"AirGradient","AirGradient"
6139516,"São Paulo","pm1",4.1,"µg/m³","2026-06-04T07:00:00Z","2026-06-04T04:00:00-03:00","America/Sao_Paulo",-23.6473149,-46.6643635,,,,"AirGradient","AirGradient"
6139516,"São Paulo","pm1",3.1,"µg/m³","2026-06-04T08:00:00Z","2026-06-04T05:00:00-03:00","America/Sao_Paulo",-23.6473149,-46.6643635,,,,"AirGradient","AirGradient"
6139516,"São Paulo","pm1",4.5,"µg/m³","2026-06-04T09:00:00Z","2026-06-04T06:00:00-03:00","America/Sao_Paulo",-23.6473149,-46.6643635,,,,"AirGradient","AirGradient"
6139516,"São Paulo","pm1",5.4,"µg/m³","2026-06-04T10:00:00Z","2026-06-04T07:00:00-03:00","America/Sao_Paulo",-23.6473149,-46.6643635,,,,"AirGradient","AirGradient"
6139516,"São Paulo","pm1",3.8,"µg/m³","2026-06-04T11:00:00Z","2026-06-04T08:00:00-03:00","America/Sao_Paulo",-23.6473149,-46.6643635,,,,"AirGradient","AirGradient"
6139516,"São Paulo","pm1",3.7,"µg/m³","2026-06-04T12:00:00Z","2026-06-04T09:00:00-03:00","America/Sao_Paulo",-23.6473149,-46.6643635,,,,"AirGradient","AirGradient"
6139516,"São Paulo","pm1",1.8,"µg/m³","2026-06-04T13:00:00Z","2026-06-04T10:00:00-03:00","America/Sao_Paulo",-23.6473149,-46.6643635,,,,"AirGradient","AirGradient"
6139516,"São Paulo","pm1",4.5,"µg/m³","2026-06-04T14:00:00Z","2026-06-04T11:00:00-03:00","America/Sao_Paulo",-23.6473149,-46.6643635,,,,"AirGradient","AirGradient"
6139516,"São Paulo","pm1",2.5,"µg/m³","2026-06-04T15:00:00Z","2026-06-04T12:00:00-03:00","America/Sao_Paulo",-23.6473149,-46.6643635,,,,"AirGradient","AirGradient"
6139516,"São Paulo","pm1",0.1,"µg/m³","2026-06-04T16:00:00Z","2026-06-04T13:00:00-03:00","America/Sao_Paulo",-23.6473149,-46.6643635,,,,"AirGradient","AirGradient"
6139516,"São Paulo","pm1",2.6,"µg/m³","2026-06-04T17:00:00Z","2026-06-04T14:00:00-03:00","America/Sao_Paulo",-23.6473149,-46.6643635,,,,"AirGradient","AirGradient"
6139516,"São Paulo","pm1",7.1,"µg/m³","2026-06-04T18:00:00Z","2026-06-04T15:00:00-03:00","America/Sao_Paulo",-23.6473149,-46.6643635,,,,"AirGradient","AirGradient"
6139516,"São Paulo","pm1",2.2,"µg/m³","2026-06-04T19:00:00Z","2026-06-04T16:00:00-03:00","America/Sao_Paulo",-23.6473149,-46.6643635,,,,"AirGradient","AirGradient"
6139516,"São Paulo","pm1",0.9,"µg/m³","2026-06-04T20:00:00Z","2026-06-04T17:00:00-03:00","America/Sao_Paulo",-23.6473149,-46.6643635,,,,"AirGradient","AirGradient"
6139516,"São Paulo","pm1",1.2,"µg/m³","2026-06-04T21:00:00Z","2026-06-04T18:00:00-03:00","America/Sao_Paulo",-23.6473149,-46.6643635,,,,"AirGradient","AirGradient"
6139516,"São Paulo","pm1",4.4,"µg/m³","2026-06-04T22:00:00Z","2026-06-04T19:00:00-03:00","America/Sao_Paulo",-23.6473149,-46.6643635,,,,"AirGradient","AirGradient"
6139516,"São Paulo","pm1",4,"µg/m³","2026-06-04T23:00:00Z","2026-06-04T20:00:00-03:00","America/Sao_Paulo",-23.6473149,-46.6643635,,,,"AirGradient","AirGradient"
6139516,"São Paulo","pm1",1.5,"µg/m³","2026-06-05T00:00:00Z","2026-06-04T21:00:00-03:00","America/Sao_Paulo",-23.6473149,-46.6643635,,,,"AirGradient","AirGradient"
6139516,"São Paulo","pm1",0.6,"µg/m³","2026-06-05T01:00:00Z","2026-06-04T22:00:00-03:00","America/Sao_Paulo",-23.6473149,-46.6643635,,,,"AirGradient","AirGradient"
6139516,"São Paulo","pm1",0,"µg/m³","2026-06-05T02:00:00Z","2026-06-04T23:00:00-03:00","America/Sao_Paulo",-23.6473149,-46.6643635,,,,"AirGradient","AirGradient"
6139516,"São Paulo","pm1",0.5,"µg/m³","2026-06-05T03:00:00Z","2026-06-05T00:00:00-03:00","America/Sao_Paulo",-23.6473149,-46.6643635,,,,"AirGradient","AirGradient"
6139516,"São Paulo","pm1",0.9,"µg/m³","2026-06-05T04:00:00Z","2026-06-05T01:00:00-03:00","America/Sao_Paulo",-23.6473149,-46.6643635,,,,"AirGradient","AirGradient"
6139516,"São Paulo","pm1",1.3,"µg/m³","2026-06-05T05:00:00Z","2026-06-05T02:00:00-03:00","America/Sao_Paulo",-23.6473149,-46.6643635,,,,"AirGradient","AirGradient"
6139516,"São Paulo","pm1",1.1,"µg/m³","2026-06-05T06:00:00Z","2026-06-05T03:00:00-03:00","America/Sao_Paulo",-23.6473149,-46.6643635,,,,"AirGradient","AirGradient"
6139516,"São Paulo","pm1",1.5,"µg/m³","2026-06-05T07:00:00Z","2026-06-05T04:00:00-03:00","America/Sao_Paulo",-23.6473149,-46.6643635,,,,"AirGradient","AirGradient"
6139516,"São Paulo","pm1",0.4,"µg/m³","2026-06-05T08:00:00Z","2026-06-05T05:00:00-03:00","America/Sao_Paulo",-23.6473149,-46.6643635,,,,"AirGradient","AirGradient"
6139516,"São Paulo","pm1",0.6,"µg/m³","2026-06-05T09:00:00Z","2026-06-05T06:00:00-03:00","America/Sao_Paulo",-23.6473149,-46.6643635,,,,"AirGradient","AirGradient"
6139516,"São Paulo","pm1",0.2,"µg/m³","2026-06-05T10:00:00Z","2026-06-05T07:00:00-03:00","America/Sao_Paulo",-23.6473149,-46.6643635,,,,"AirGradient","AirGradient"
6139516,"São Paulo","pm1",0.7,"µg/m³","2026-06-05T11:00:00Z","2026-06-05T08:00:00-03:00","America/Sao_Paulo",-23.6473149,-46.6643635,,,,"AirGradient","AirGradient"
6139516,"São Paulo","pm1",0.2,"µg/m³","2026-06-05T12:00:00Z","2026-06-05T09:00:00-03:00","America/Sao_Paulo",-23.6473149,-46.6643635,,,,"AirGradient","AirGradient"
6139516,"São Paulo","pm1",0.2,"µg/m³","2026-06-05T13:00:00Z","2026-06-05T10:00:00-03:00","America/Sao_Paulo",-23.6473149,-46.6643635,,,,"AirGradient","AirGradient"
6139516,"São Paulo","pm1",0,"µg/m³","2026-06-05T14:00:00Z","2026-06-05T11:00:00-03:00","America/Sao_Paulo",-23.6473149,-46.6643635,,,,"AirGradient","AirGradient"
6139516,"São Paulo","pm1",0,"µg/m³","2026-06-05T15:00:00Z","2026-06-05T12:00:00-03:00","America/Sao_Paulo",-23.6473149,-46.6643635,,,,"AirGradient","AirGradient"
6139516,"São Paulo","pm1",0,"µg/m³","2026-06-05T16:00:00Z","2026-06-05T13:00:00-03:00","America/Sao_Paulo",-23.6473149,-46.6643635,,,,"AirGradient","AirGradient"
6139516,"São Paulo","pm1",0,"µg/m³","2026-06-05T17:00:00Z","2026-06-05T14:00:00-03:00","America/Sao_Paulo",-23.6473149,-46.6643635,,,,"AirGradient","AirGradient"
6139516,"São Paulo","pm1",0.2,"µg/m³","2026-06-05T18:00:00Z","2026-06-05T15:00:00-03:00","America/Sao_Paulo",-23.6473149,-46.6643635,,,,"AirGradient","AirGradient"
6139516,"São Paulo","pm1",0,"µg/m³","2026-06-05T19:00:00Z","2026-06-05T16:00:00-03:00","America/Sao_Paulo",-23.6473149,-46.6643635,,,,"AirGradient","AirGradient"
6139516,"São Paulo","pm1",0.1,"µg/m³","2026-06-05T20:00:00Z","2026-06-05T17:00:00-03:00","America/Sao_Paulo",-23.6473149,-46.6643635,,,,"AirGradient","AirGradient"
6139516,"São Paulo","pm1",2.9,"µg/m³","2026-06-05T21:00:00Z","2026-06-05T18:00:00-03:00","America/Sao_Paulo",-23.6473149,-46.6643635,,,,"AirGradient","AirGradient"
6139516,"São Paulo","pm1",8,"µg/m³","2026-06-05T22:00:00Z","2026-06-05T19:00:00-03:00","America/Sao_Paulo",-23.6473149,-46.6643635,,,,"AirGradient","AirGradient"
6139516,"São Paulo","pm1",12,"µg/m³","2026-06-05T23:00:00Z","2026-06-05T20:00:00-03:00","America/Sao_Paulo",-23.6473149,-46.6643635,,,,"AirGradient","AirGradient"
6139516,"São Paulo","pm1",11.8,"µg/m³","2026-06-06T00:00:00Z","2026-06-05T21:00:00-03:00","America/Sao_Paulo",-23.6473149,-46.6643635,,,,"AirGradient","AirGradient"
6139516,"São Paulo","pm1",13.8,"µg/m³","2026-06-06T01:00:00Z","2026-06-05T22:00:00-03:00","America/Sao_Paulo",-23.6473149,-46.6643635,,,,"AirGradient","AirGradient"
6139516,"São Paulo","pm1",13.3,"µg/m³","2026-06-06T02:00:00Z","2026-06-05T23:00:00-03:00","America/Sao_Paulo",-23.6473149,-46.6643635,,,,"AirGradient","AirGradient"
6139516,"São Paulo","pm1",10.6,"µg/m³","2026-06-06T03:00:00Z","2026-06-06T00:00:00-03:00","America/Sao_Paulo",-23.6473149,-46.6643635,,,,"AirGradient","AirGradient"
6139516,"São Paulo","pm1",14.9,"µg/m³","2026-06-06T04:00:00Z","2026-06-06T01:00:00-03:00","America/Sao_Paulo",-23.6473149,-46.6643635,,,,"AirGradient","AirGradient"
6139516,"São Paulo","pm1",7.5,"µg/m³","2026-06-06T05:00:00Z","2026-06-06T02:00:00-03:00","America/Sao_Paulo",-23.6473149,-46.6643635,,,,"AirGradient","AirGradient"
6139516,"São Paulo","pm1",12.5,"µg/m³","2026-06-06T06:00:00Z","2026-06-06T03:00:00-03:00","America/Sao_Paulo",-23.6473149,-46.6643635,,,,"AirGradient","AirGradient"
6139516,"São Paulo","pm1",8.7,"µg/m³","2026-06-06T07:00:00Z","2026-06-06T04:00:00-03:00","America/Sao_Paulo",-23.6473149,-46.6643635,,,,"AirGradient","AirGradient"
6139516,"São Paulo","pm1",15.9,"µg/m³","2026-06-06T08:00:00Z","2026-06-06T05:00:00-03:00","America/Sao_Paulo",-23.6473149,-46.6643635,,,,"AirGradient","AirGradient"
6139516,"São Paulo","pm1",17.1,"µg/m³","2026-06-06T09:00:00Z","2026-06-06T06:00:00-03:00","America/Sao_Paulo",-23.6473149,-46.6643635,,,,"AirGradient","AirGradient"
6139516,"São Paulo","pm1",18.9,"µg/m³","2026-06-06T10:00:00Z","2026-06-06T07:00:00-03:00","America/Sao_Paulo",-23.6473149,-46.6643635,,,,"AirGradient","AirGradient"
6139516,"São Paulo","pm1",27.4,"µg/m³","2026-06-06T11:00:00Z","2026-06-06T08:00:00-03:00","America/Sao_Paulo",-23.6473149,-46.6643635,,,,"AirGradient","AirGradient"
6139516,"São Paulo","pm1",19.7,"µg/m³","2026-06-06T12:00:00Z","2026-06-06T09:00:00-03:00","America/Sao_Paulo",-23.6473149,-46.6643635,,,,"AirGradient","AirGradient"
6139516,"São Paulo","pm1",7.5,"µg/m³","2026-06-06T13:00:00Z","2026-06-06T10:00:00-03:00","America/Sao_Paulo",-23.6473149,-46.6643635,,,,"AirGradient","AirGradient"
6139516,"São Paulo","pm1",7.5,"µg/m³","2026-06-06T14:00:00Z","2026-06-06T11:00:00-03:00","America/Sao_Paulo",-23.6473149,-46.6643635,,,,"AirGradient","AirGradient"
6139516,"São Paulo","pm1",5.6,"µg/m³","2026-06-06T15:00:00Z","2026-06-06T12:00:00-03:00","America/Sao_Paulo",-23.6473149,-46.6643635,,,,"AirGradient","AirGradient"
6139516,"São Paulo","pm1",7,"µg/m³","2026-06-06T16:00:00Z","2026-06-06T13:00:00-03:00","America/Sao_Paulo",-23.6473149,-46.6643635,,,,"AirGradient","AirGradient"
6139516,"São Paulo","pm1",9.7,"µg/m³","2026-06-06T17:00:00Z","2026-06-06T14:00:00-03:00","America/Sao_Paulo",-23.6473149,-46.6643635,,,,"AirGradient","AirGradient"
6139516,"São Paulo","pm1",16.4,"µg/m³","2026-06-06T18:00:00Z","2026-06-06T15:00:00-03:00","America/Sao_Paulo",-23.6473149,-46.6643635,,,,"AirGradient","AirGradient"
6139516,"São Paulo","pm1",6.8,"µg/m³","2026-06-06T19:00:00Z","2026-06-06T16:00:00-03:00","America/Sao_Paulo",-23.6473149,-46.6643635,,,,"AirGradient","AirGradient"
6139516,"São Paulo","pm1",8.1,"µg/m³","2026-06-06T20:00:00Z","2026-06-06T17:00:00-03:00","America/Sao_Paulo",-23.6473149,-46.6643635,,,,"AirGradient","AirGradient"
6139516,"São Paulo","pm1",9.1,"µg/m³","2026-06-06T21:00:00Z","2026-06-06T18:00:00-03:00","America/Sao_Paulo",-23.6473149,-46.6643635,,,,"AirGradient","AirGradient"
6139516,"São Paulo","pm1",15.1,"µg/m³","2026-06-06T22:00:00Z","2026-06-06T19:00:00-03:00","America/Sao_Paulo",-23.6473149,-46.6643635,,,,"AirGradient","AirGradient"
6139516,"São Paulo","pm1",17.6,"µg/m³","2026-06-06T23:00:00Z","2026-06-06T20:00:00-03:00","America/Sao_Paulo",-23.6473149,-46.6643635,,,,"AirGradient","AirGradient"
6139516,"São Paulo","pm1",27.8,"µg/m³","2026-06-07T00:00:00Z","2026-06-06T21:00:00-03:00","America/Sao_Paulo",-23.6473149,-46.6643635,,,,"AirGradient","AirGradient"
6139516,"São Paulo","pm1",30.4,"µg/m³","2026-06-07T01:00:00Z","2026-06-06T22:00:00-03:00","America/Sao_Paulo",-23.6473149,-46.6643635,,,,"AirGradient","AirGradient"
6139516,"São Paulo","pm1",30.4,"µg/m³","2026-06-07T02:00:00Z","2026-06-06T23:00:00-03:00","America/Sao_Paulo",-23.6473149,-46.6643635,,,,"AirGradient","AirGradient"
6139516,"São Paulo","pm1",32,"µg/m³","2026-06-07T03:00:00Z","2026-06-07T00:00:00-03:00","America/Sao_Paulo",-23.6473149,-46.6643635,,,,"AirGradient","AirGradient"
6139516,"São Paulo","pm1",30,"µg/m³","2026-06-07T04:00:00Z","2026-06-07T01:00:00-03:00","America/Sao_Paulo",-23.6473149,-46.6643635,,,,"AirGradient","AirGradient"
6139516,"São Paulo","pm1",31.2,"µg/m³","2026-06-07T05:00:00Z","2026-06-07T02:00:00-03:00","America/Sao_Paulo",-23.6473149,-46.6643635,,,,"AirGradient","AirGradient"
6139516,"São Paulo","pm1",31,"µg/m³","2026-06-07T06:00:00Z","2026-06-07T03:00:00-03:00","America/Sao_Paulo",-23.6473149,-46.6643635,,,,"AirGradient","AirGradient"
6139516,"São Paulo","pm1",33.7,"µg/m³","2026-06-07T07:00:00Z","2026-06-07T04:00:00-03:00","America/Sao_Paulo",-23.6473149,-46.6643635,,,,"AirGradient","AirGradient"
6139516,"São Paulo","pm1",36.8,"µg/m³","2026-06-07T08:00:00Z","2026-06-07T05:00:00-03:00","America/Sao_Paulo",-23.6473149,-46.6643635,,,,"AirGradient","AirGradient"
6139516,"São Paulo","pm1",36.6,"µg/m³","2026-06-07T09:00:00Z","2026-06-07T06:00:00-03:00","America/Sao_Paulo",-23.6473149,-46.6643635,,,,"AirGradient","AirGradient"
6139516,"São Paulo","pm1",35,"µg/m³","2026-06-07T10:00:00Z","2026-06-07T07:00:00-03:00","America/Sao_Paulo",-23.6473149,-46.6643635,,,,"AirGradient","AirGradient"
6139516,"São Paulo","pm1",34.3,"µg/m³","2026-06-07T11:00:00Z","2026-06-07T08:00:00-03:00","America/Sao_Paulo",-23.6473149,-46.6643635,,,,"AirGradient","AirGradient"
6139516,"São Paulo","pm1",33.1,"µg/m³","2026-06-07T12:00:00Z","2026-06-07T09:00:00-03:00","America/Sao_Paulo",-23.6473149,-46.6643635,,,,"AirGradient","AirGradient"
6139516,"São Paulo","pm1",31.3,"µg/m³","2026-06-07T13:00:00Z","2026-06-07T10:00:00-03:00","America/Sao_Paulo",-23.6473149,-46.6643635,,,,"AirGradient","AirGradient"
6139516,"São Paulo","pm1",20.9,"µg/m³","2026-06-07T14:00:00Z","2026-06-07T11:00:00-03:00","America/Sao_Paulo",-23.6473149,-46.6643635,,,,"AirGradient","AirGradient"
6139516,"São Paulo","pm1",16.1,"µg/m³","2026-06-07T15:00:00Z","2026-06-07T12:00:00-03:00","America/Sao_Paulo",-23.6473149,-46.6643635,,,,"AirGradient","AirGradient"
6139516,"São Paulo","pm1",13.3,"µg/m³","2026-06-07T16:00:00Z","2026-06-07T13:00:00-03:00","America/Sao_Paulo",-23.6473149,-46.6643635,,,,"AirGradient","AirGradient"
6139516,"São Paulo","pm1",10.7,"µg/m³","2026-06-07T17:00:00Z","2026-06-07T14:00:00-03:00","America/Sao_Paulo",-23.6473149,-46.6643635,,,,"AirGradient","AirGradient"
6139516,"São Paulo","pm1",6.6,"µg/m³","2026-06-07T18:00:00Z","2026-06-07T15:00:00-03:00","America/Sao_Paulo",-23.6473149,-46.6643635,,,,"AirGradient","AirGradient"
6139516,"São Paulo","pm1",6.3,"µg/m³","2026-06-07T19:00:00Z","2026-06-07T16:00:00-03:00","America/Sao_Paulo",-23.6473149,-46.6643635,,,,"AirGradient","AirGradient"
6139516,"São Paulo","pm1",4.9,"µg/m³","2026-06-07T20:00:00Z","2026-06-07T17:00:00-03:00","America/Sao_Paulo",-23.6473149,-46.6643635,,,,"AirGradient","AirGradient"
6139516,"São Paulo","pm1",19.6,"µg/m³","2026-06-07T21:00:00Z","2026-06-07T18:00:00-03:00","America/Sao_Paulo",-23.6473149,-46.6643635,,,,"AirGradient","AirGradient"
6139516,"São Paulo","pm1",24.7,"µg/m³","2026-06-07T22:00:00Z","2026-06-07T19:00:00-03:00","America/Sao_Paulo",-23.6473149,-46.6643635,,,,"AirGradient","AirGradient"
6139516,"São Paulo","pm1",24.5,"µg/m³","2026-06-07T23:00:00Z","2026-06-07T20:00:00-03:00","America/Sao_Paulo",-23.6473149,-46.6643635,,,,"AirGradient","AirGradient"
6139516,"São Paulo","pm1",16.9,"µg/m³","2026-06-08T00:00:00Z","2026-06-07T21:00:00-03:00","America/Sao_Paulo",-23.6473149,-46.6643635,,,,"AirGradient","AirGradient"
6139516,"São Paulo","pm1",17.6,"µg/m³","2026-06-08T01:00:00Z","2026-06-07T22:00:00-03:00","America/Sao_Paulo",-23.6473149,-46.6643635,,,,"AirGradient","AirGradient"
6139516,"São Paulo","pm1",18.9,"µg/m³","2026-06-08T02:00:00Z","2026-06-07T23:00:00-03:00","America/Sao_Paulo",-23.6473149,-46.6643635,,,,"AirGradient","AirGradient"
6139516,"São Paulo","pm1",20.1,"µg/m³","2026-06-08T03:00:00Z","2026-06-08T00:00:00-03:00","America/Sao_Paulo",-23.6473149,-46.6643635,,,,"AirGradient","AirGradient"
6139516,"São Paulo","pm1",18,"µg/m³","2026-06-08T04:00:00Z","2026-06-08T01:00:00-03:00","America/Sao_Paulo",-23.6473149,-46.6643635,,,,"AirGradient","AirGradient"
6139516,"São Paulo","pm1",8.6,"µg/m³","2026-06-08T05:00:00Z","2026-06-08T02:00:00-03:00","America/Sao_Paulo",-23.6473149,-46.6643635,,,,"AirGradient","AirGradient"
6139516,"São Paulo","pm1",6.1,"µg/m³","2026-06-08T06:00:00Z","2026-06-08T03:00:00-03:00","America/Sao_Paulo",-23.6473149,-46.6643635,,,,"AirGradient","AirGradient"
6139516,"São Paulo","pm1",6,"µg/m³","2026-06-08T07:00:00Z","2026-06-08T04:00:00-03:00","America/Sao_Paulo",-23.6473149,-46.6643635,,,,"AirGradient","AirGradient"
6139516,"São Paulo","pm1",7.1,"µg/m³","2026-06-08T08:00:00Z","2026-06-08T05:00:00-03:00","America/Sao_Paulo",-23.6473149,-46.6643635,,,,"AirGradient","AirGradient"
6139516,"São Paulo","pm1",12.4,"µg/m³","2026-06-08T09:00:00Z","2026-06-08T06:00:00-03:00","America/Sao_Paulo",-23.6473149,-46.6643635,,,,"AirGradient","AirGradient"
6139516,"São Paulo","pm1",19.9,"µg/m³","2026-06-08T10:00:00Z","2026-06-08T07:00:00-03:00","America/Sao_Paulo",-23.6473149,-46.6643635,,,,"AirGradient","AirGradient"
6139516,"São Paulo","pm1",23.8,"µg/m³","2026-06-08T11:00:00Z","2026-06-08T08:00:00-03:00","America/Sao_Paulo",-23.6473149,-46.6643635,,,,"AirGradient","AirGradient"
6139516,"São Paulo","pm1",27.1,"µg/m³","2026-06-08T12:00:00Z","2026-06-08T09:00:00-03:00","America/Sao_Paulo",-23.6473149,-46.6643635,,,,"AirGradient","AirGradient"
6139516,"São Paulo","pm1",27,"µg/m³","2026-06-08T13:00:00Z","2026-06-08T10:00:00-03:00","America/Sao_Paulo",-23.6473149,-46.6643635,,,,"AirGradient","AirGradient"
6139516,"São Paulo","pm1",24.4,"µg/m³","2026-06-08T14:00:00Z","2026-06-08T11:00:00-03:00","America/Sao_Paulo",-23.6473149,-46.6643635,,,,"AirGradient","AirGradient"
6139516,"São Paulo","pm1",21.2,"µg/m³","2026-06-08T15:00:00Z","2026-06-08T12:00:00-03:00","America/Sao_Paulo",-23.6473149,-46.6643635,,,,"AirGradient","AirGradient"
6139516,"São Paulo","pm1",15.5,"µg/m³","2026-06-08T16:00:00Z","2026-06-08T13:00:00-03:00","America/Sao_Paulo",-23.6473149,-46.6643635,,,,"AirGradient","AirGradient"
6139516,"São Paulo","pm1",3.2,"µg/m³","2026-06-08T17:00:00Z","2026-06-08T14:00:00-03:00","America/Sao_Paulo",-23.6473149,-46.6643635,,,,"AirGradient","AirGradient"
6139516,"São Paulo","pm1",2.6,"µg/m³","2026-06-08T18:00:00Z","2026-06-08T15:00:00-03:00","America/Sao_Paulo",-23.6473149,-46.6643635,,,,"AirGradient","AirGradient"
6139516,"São Paulo","pm1",2,"µg/m³","2026-06-08T19:00:00Z","2026-06-08T16:00:00-03:00","America/Sao_Paulo",-23.6473149,-46.6643635,,,,"AirGradient","AirGradient"
6139516,"São Paulo","pm1",2.3,"µg/m³","2026-06-08T20:00:00Z","2026-06-08T17:00:00-03:00","America/Sao_Paulo",-23.6473149,-46.6643635,,,,"AirGradient","AirGradient"
6139516,"São Paulo","pm1",11.8,"µg/m³","2026-06-08T21:00:00Z","2026-06-08T18:00:00-03:00","America/Sao_Paulo",-23.6473149,-46.6643635,,,,"AirGradient","AirGradient"
6139516,"São Paulo","pm1",20.6,"µg/m³","2026-06-08T22:00:00Z","2026-06-08T19:00:00-03:00","America/Sao_Paulo",-23.6473149,-46.6643635,,,,"AirGradient","AirGradient"
6139516,"São Paulo","pm1",23.4,"µg/m³","2026-06-08T23:00:00Z","2026-06-08T20:00:00-03:00","America/Sao_Paulo",-23.6473149,-46.6643635,,,,"AirGradient","AirGradient"
6139516,"São Paulo","pm1",26,"µg/m³","2026-06-09T00:00:00Z","2026-06-08T21:00:00-03:00","America/Sao_Paulo",-23.6473149,-46.6643635,,,,"AirGradient","AirGradient"
6139516,"São Paulo","pm1",26.3,"µg/m³","2026-06-09T01:00:00Z","2026-06-08T22:00:00-03:00","America/Sao_Paulo",-23.6473149,-46.6643635,,,,"AirGradient","AirGradient"
6139516,"São Paulo","pm1",28.8,"µg/m³","2026-06-09T02:00:00Z","2026-06-08T23:00:00-03:00","America/Sao_Paulo",-23.6473149,-46.6643635,,,,"AirGradient","AirGradient"
6139516,"São Paulo","pm1",30,"µg/m³","2026-06-09T03:00:00Z","2026-06-09T00:00:00-03:00","America/Sao_Paulo",-23.6473149,-46.6643635,,,,"AirGradient","AirGradient"
6139516,"São Paulo","pm1",32,"µg/m³","2026-06-09T04:00:00Z","2026-06-09T01:00:00-03:00","America/Sao_Paulo",-23.6473149,-46.6643635,,,,"AirGradient","AirGradient"
6139516,"São Paulo","pm1",34,"µg/m³","2026-06-09T05:00:00Z","2026-06-09T02:00:00-03:00","America/Sao_Paulo",-23.6473149,-46.6643635,,,,"AirGradient","AirGradient"
6139516,"São Paulo","pm1",37.4,"µg/m³","2026-06-09T06:00:00Z","2026-06-09T03:00:00-03:00","America/Sao_Paulo",-23.6473149,-46.6643635,,,,"AirGradient","AirGradient"
6139516,"São Paulo","pm1",40.1,"µg/m³","2026-06-09T07:00:00Z","2026-06-09T04:00:00-03:00","America/Sao_Paulo",-23.6473149,-46.6643635,,,,"AirGradient","AirGradient"
6139516,"São Paulo","pm1",45.3,"µg/m³","2026-06-09T08:00:00Z","2026-06-09T05:00:00-03:00","America/Sao_Paulo",-23.6473149,-46.6643635,,,,"AirGradient","AirGradient"
6139516,"São Paulo","pm1",35.4,"µg/m³","2026-06-09T09:00:00Z","2026-06-09T06:00:00-03:00","America/Sao_Paulo",-23.6473149,-46.6643635,,,,"AirGradient","AirGradient"
6139516,"São Paulo","pm1",31.6,"µg/m³","2026-06-09T10:00:00Z","2026-06-09T07:00:00-03:00","America/Sao_Paulo",-23.6473149,-46.6643635,,,,"AirGradient","AirGradient"
6139516,"São Paulo","pm1",31.2,"µg/m³","2026-06-09T11:00:00Z","2026-06-09T08:00:00-03:00","America/Sao_Paulo",-23.6473149,-46.6643635,,,,"AirGradient","AirGradient"
6139516,"São Paulo","pm1",30.4,"µg/m³","2026-06-09T12:00:00Z","2026-06-09T09:00:00-03:00","America/Sao_Paulo",-23.6473149,-46.6643635,,,,"AirGradient","AirGradient"
6139516,"São Paulo","pm1",29.7,"µg/m³","2026-06-09T13:00:00Z","2026-06-09T10:00:00-03:00","America/Sao_Paulo",-23.6473149,-46.6643635,,,,"AirGradient","AirGradient"
6139516,"São Paulo","pm1",22.8,"µg/m³","2026-06-09T14:00:00Z","2026-06-09T11:00:00-03:00","America/Sao_Paulo",-23.6473149,-46.6643635,,,,"AirGradient","AirGradient"
6139516,"São Paulo","pm1",14.7,"µg/m³","2026-06-09T15:00:00Z","2026-06-09T12:00:00-03:00","America/Sao_Paulo",-23.6473149,-46.6643635,,,,"AirGradient","AirGradient"
6139516,"São Paulo","pm1",10.6,"µg/m³","2026-06-09T16:00:00Z","2026-06-09T13:00:00-03:00","America/Sao_Paulo",-23.6473149,-46.6643635,,,,"AirGradient","AirGradient"
6139516,"São Paulo","pm1",6.5,"µg/m³","2026-06-09T17:00:00Z","2026-06-09T14:00:00-03:00","America/Sao_Paulo",-23.6473149,-46.6643635,,,,"AirGradient","AirGradient"
6139516,"São Paulo","pm1",6.5,"µg/m³","2026-06-09T18:00:00Z","2026-06-09T15:00:00-03:00","America/Sao_Paulo",-23.6473149,-46.6643635,,,,"AirGradient","AirGradient"
6139516,"São Paulo","pm1",6.9,"µg/m³","2026-06-09T19:00:00Z","2026-06-09T16:00:00-03:00","America/Sao_Paulo",-23.6473149,-46.6643635,,,,"AirGradient","AirGradient"
6139516,"São Paulo","pm1",5.6,"µg/m³","2026-06-09T20:00:00Z","2026-06-09T17:00:00-03:00","America/Sao_Paulo",-23.6473149,-46.6643635,,,,"AirGradient","AirGradient"
6139516,"São Paulo","pm1",8.9,"µg/m³","2026-06-09T21:00:00Z","2026-06-09T18:00:00-03:00","America/Sao_Paulo",-23.6473149,-46.6643635,,,,"AirGradient","AirGradient"
6139516,"São Paulo","pm1",10.2,"µg/m³","2026-06-09T22:00:00Z","2026-06-09T19:00:00-03:00","America/Sao_Paulo",-23.6473149,-46.6643635,,,,"AirGradient","AirGradient"
6139516,"São Paulo","pm1",20.1,"µg/m³","2026-06-09T23:00:00Z","2026-06-09T20:00:00-03:00","America/Sao_Paulo",-23.6473149,-46.6643635,,,,"AirGradient","AirGradient"
6139516,"São Paulo","pm1",19.7,"µg/m³","2026-06-10T00:00:00Z","2026-06-09T21:00:00-03:00","America/Sao_Paulo",-23.6473149,-46.6643635,,,,"AirGradient","AirGradient"
6139516,"São Paulo","pm1",21.8,"µg/m³","2026-06-10T01:00:00Z","2026-06-09T22:00:00-03:00","America/Sao_Paulo",-23.6473149,-46.6643635,,,,"AirGradient","AirGradient"
6139516,"São Paulo","pm1",23.9,"µg/m³","2026-06-10T02:00:00Z","2026-06-09T23:00:00-03:00","America/Sao_Paulo",-23.6473149,-46.6643635,,,,"AirGradient","AirGradient"
6139516,"São Paulo","pm1",26.7,"µg/m³","2026-06-10T03:00:00Z","2026-06-10T00:00:00-03:00","America/Sao_Paulo",-23.6473149,-46.6643635,,,,"AirGradient","AirGradient"
6139516,"São Paulo","pm1",27.3,"µg/m³","2026-06-10T04:00:00Z","2026-06-10T01:00:00-03:00","America/Sao_Paulo",-23.6473149,-46.6643635,,,,"AirGradient","AirGradient"
6139516,"São Paulo","pm1",26.9,"µg/m³","2026-06-10T05:00:00Z","2026-06-10T02:00:00-03:00","America/Sao_Paulo",-23.6473149,-46.6643635,,,,"AirGradient","AirGradient"
6139516,"São Paulo","pm1",31.4,"µg/m³","2026-06-10T06:00:00Z","2026-06-10T03:00:00-03:00","America/Sao_Paulo",-23.6473149,-46.6643635,,,,"AirGradient","AirGradient"
6139516,"São Paulo","pm1",32.2,"µg/m³","2026-06-10T07:00:00Z","2026-06-10T04:00:00-03:00","America/Sao_Paulo",-23.6473149,-46.6643635,,,,"AirGradient","AirGradient"
6139516,"São Paulo","pm1",40.1,"µg/m³","2026-06-10T08:00:00Z","2026-06-10T05:00:00-03:00","America/Sao_Paulo",-23.6473149,-46.6643635,,,,"AirGradient","AirGradient"
6139516,"São Paulo","pm1",40.6,"µg/m³","2026-06-10T09:00:00Z","2026-06-10T06:00:00-03:00","America/Sao_Paulo",-23.6473149,-46.6643635,,,,"AirGradient","AirGradient"
6139516,"São Paulo","pm1",36.7,"µg/m³","2026-06-10T10:00:00Z","2026-06-10T07:00:00-03:00","America/Sao_Paulo",-23.6473149,-46.6643635,,,,"AirGradient","AirGradient"
6139516,"São Paulo","pm1",30.1,"µg/m³","2026-06-10T11:00:00Z","2026-06-10T08:00:00-03:00","America/Sao_Paulo",-23.6473149,-46.6643635,,,,"AirGradient","AirGradient"
6139516,"São Paulo","pm1",28.8,"µg/m³","2026-06-10T12:00:00Z","2026-06-10T09:00:00-03:00","America/Sao_Paulo",-23.6473149,-46.6643635,,,,"AirGradient","AirGradient"
6139516,"São Paulo","pm1",31.2,"µg/m³","2026-06-10T13:00:00Z","2026-06-10T10:00:00-03:00","America/Sao_Paulo",-23.6473149,-46.6643635,,,,"AirGradient","AirGradient"
6139516,"São Paulo","pm1",48.7,"µg/m³","2026-06-10T14:00:00Z","2026-06-10T11:00:00-03:00","America/Sao_Paulo",-23.6473149,-46.6643635,,,,"AirGradient","AirGradient"
6139516,"São Paulo","pm1",32.2,"µg/m³","2026-06-10T15:00:00Z","2026-06-10T12:00:00-03:00","America/Sao_Paulo",-23.6473149,-46.6643635,,,,"AirGradient","AirGradient"
6139516,"São Paulo","pm1",26.4,"µg/m³","2026-06-10T16:00:00Z","2026-06-10T13:00:00-03:00","America/Sao_Paulo",-23.6473149,-46.6643635,,,,"AirGradient","AirGradient"
6139516,"São Paulo","pm1",24.8,"µg/m³","2026-06-10T17:00:00Z","2026-06-10T14:00:00-03:00","America/Sao_Paulo",-23.6473149,-46.6643635,,,,"AirGradient","AirGradient"
6139516,"São Paulo","pm1",29.8,"µg/m³","2026-06-10T18:00:00Z","2026-06-10T15:00:00-03:00","America/Sao_Paulo",-23.6473149,-46.6643635,,,,"AirGradient","AirGradient"
6139516,"São Paulo","pm1",37.8,"µg/m³","2026-06-10T19:00:00Z","2026-06-10T16:00:00-03:00","America/Sao_Paulo",-23.6473149,-46.6643635,,,,"AirGradient","AirGradient"
6139516,"São Paulo","pm1",33.5,"µg/m³","2026-06-10T20:00:00Z","2026-06-10T17:00:00-03:00","America/Sao_Paulo",-23.6473149,-46.6643635,,,,"AirGradient","AirGradient"
6139516,"São Paulo","pm1",30,"µg/m³","2026-06-10T21:00:00Z","2026-06-10T18:00:00-03:00","America/Sao_Paulo",-23.6473149,-46.6643635,,,,"AirGradient","AirGradient"
6139516,"São Paulo","pm1",27.3,"µg/m³","2026-06-10T22:00:00Z","2026-06-10T19:00:00-03:00","America/Sao_Paulo",-23.6473149,-46.6643635,,,,"AirGradient","AirGradient"
6139516,"São Paulo","pm1",24,"µg/m³","2026-06-10T23:00:00Z","2026-06-10T20:00:00-03:00","America/Sao_Paulo",-23.6473149,-46.6643635,,,,"AirGradient","AirGradient"
6139516,"São Paulo","pm1",24.9,"µg/m³","2026-06-11T00:00:00Z","2026-06-10T21:00:00-03:00","America/Sao_Paulo",-23.6473149,-46.6643635,,,,"AirGradient","AirGradient"
6139516,"São Paulo","pm1",26.4,"µg/m³","2026-06-11T01:00:00Z","2026-06-10T22:00:00-03:00","America/Sao_Paulo",-23.6473149,-46.6643635,,,,"AirGradient","AirGradient"
6139516,"São Paulo","pm1",26,"µg/m³","2026-06-11T02:00:00Z","2026-06-10T23:00:00-03:00","America/Sao_Paulo",-23.6473149,-46.6643635,,,,"AirGradient","AirGradient"
6139516,"São Paulo","pm1",21.3,"µg/m³","2026-06-11T03:00:00Z","2026-06-11T00:00:00-03:00","America/Sao_Paulo",-23.6473149,-46.6643635,,,,"AirGradient","AirGradient"
6139516,"São Paulo","pm1",20.2,"µg/m³","2026-06-11T04:00:00Z","2026-06-11T01:00:00-03:00","America/Sao_Paulo",-23.6473149,-46.6643635,,,,"AirGradient","AirGradient"
6139516,"São Paulo","pm1",20.9,"µg/m³","2026-06-11T05:00:00Z","2026-06-11T02:00:00-03:00","America/Sao_Paulo",-23.6473149,-46.6643635,,,,"AirGradient","AirGradient"
6139516,"São Paulo","pm1",22.1,"µg/m³","2026-06-11T06:00:00Z","2026-06-11T03:00:00-03:00","America/Sao_Paulo",-23.6473149,-46.6643635,,,,"AirGradient","AirGradient"
6139516,"São Paulo","pm1",22.6,"µg/m³","2026-06-11T07:00:00Z","2026-06-11T04:00:00-03:00","America/Sao_Paulo",-23.6473149,-46.6643635,,,,"AirGradient","AirGradient"
6139516,"São Paulo","pm1",21.8,"µg/m³","2026-06-11T08:00:00Z","2026-06-11T05:00:00-03:00","America/Sao_Paulo",-23.6473149,-46.6643635,,,,"AirGradient","AirGradient"
6139516,"São Paulo","pm1",20.8,"µg/m³","2026-06-11T09:00:00Z","2026-06-11T06:00:00-03:00","America/Sao_Paulo",-23.6473149,-46.6643635,,,,"AirGradient","AirGradient"
6139516,"São Paulo","pm1",20,"µg/m³","2026-06-11T10:00:00Z","2026-06-11T07:00:00-03:00","America/Sao_Paulo",-23.6473149,-46.6643635,,,,"AirGradient","AirGradient"
6139516,"São Paulo","pm1",16.9,"µg/m³","2026-06-11T11:00:00Z","2026-06-11T08:00:00-03:00","America/Sao_Paulo",-23.6473149,-46.6643635,,,,"AirGradient","AirGradient"
6139516,"São Paulo","pm1",21,"µg/m³","2026-06-11T12:00:00Z","2026-06-11T09:00:00-03:00","America/Sao_Paulo",-23.6473149,-46.6643635,,,,"AirGradient","AirGradient"
6139516,"São Paulo","pm1",21.5,"µg/m³","2026-06-11T13:00:00Z","2026-06-11T10:00:00-03:00","America/Sao_Paulo",-23.6473149,-46.6643635,,,,"AirGradient","AirGradient"
6139516,"São Paulo","pm1",14.7,"µg/m³","2026-06-11T14:00:00Z","2026-06-11T11:00:00-03:00","America/Sao_Paulo",-23.6473149,-46.6643635,,,,"AirGradient","AirGradient"
6139516,"São Paulo","pm1",10.3,"µg/m³","2026-06-11T15:00:00Z","2026-06-11T12:00:00-03:00","America/Sao_Paulo",-23.6473149,-46.6643635,,,,"AirGradient","AirGradient"
6139516,"São Paulo","pm1",8.2,"µg/m³","2026-06-11T16:00:00Z","2026-06-11T13:00:00-03:00","America/Sao_Paulo",-23.6473149,-46.6643635,,,,"AirGradient","AirGradient"
6139516,"São Paulo","pm1",4.7,"µg/m³","2026-06-11T17:00:00Z","2026-06-11T14:00:00-03:00","America/Sao_Paulo",-23.6473149,-46.6643635,,,,"AirGradient","AirGradient"
6139516,"São Paulo","pm1",5.4,"µg/m³","2026-06-11T18:00:00Z","2026-06-11T15:00:00-03:00","America/Sao_Paulo",-23.6473149,-46.6643635,,,,"AirGradient","AirGradient"
6139516,"São Paulo","pm1",5.9,"µg/m³","2026-06-11T19:00:00Z","2026-06-11T16:00:00-03:00","America/Sao_Paulo",-23.6473149,-46.6643635,,,,"AirGradient","AirGradient"
6139516,"São Paulo","pm1",6.7,"µg/m³","2026-06-11T20:00:00Z","2026-06-11T17:00:00-03:00","America/Sao_Paulo",-23.6473149,-46.6643635,,,,"AirGradient","AirGradient"
6139516,"São Paulo","pm1",16.2,"µg/m³","2026-06-11T21:00:00Z","2026-06-11T18:00:00-03:00","America/Sao_Paulo",-23.6473149,-46.6643635,,,,"AirGradient","AirGradient"
6139516,"São Paulo","pm1",21.3,"µg/m³","2026-06-11T22:00:00Z","2026-06-11T19:00:00-03:00","America/Sao_Paulo",-23.6473149,-46.6643635,,,,"AirGradient","AirGradient"
6139516,"São Paulo","pm1",21.9,"µg/m³","2026-06-11T23:00:00Z","2026-06-11T20:00:00-03:00","America/Sao_Paulo",-23.6473149,-46.6643635,,,,"AirGradient","AirGradient"
6139516,"São Paulo","pm1",22.1,"µg/m³","2026-06-12T00:00:00Z","2026-06-11T21:00:00-03:00","America/Sao_Paulo",-23.6473149,-46.6643635,,,,"AirGradient","AirGradient"
6139516,"São Paulo","pm1",22.5,"µg/m³","2026-06-12T01:00:00Z","2026-06-11T22:00:00-03:00","America/Sao_Paulo",-23.6473149,-46.6643635,,,,"AirGradient","AirGradient"
6139516,"São Paulo","pm1",21.9,"µg/m³","2026-06-12T02:00:00Z","2026-06-11T23:00:00-03:00","America/Sao_Paulo",-23.6473149,-46.6643635,,,,"AirGradient","AirGradient"
6139516,"São Paulo","pm1",20.2,"µg/m³","2026-06-12T03:00:00Z","2026-06-12T00:00:00-03:00","America/Sao_Paulo",-23.6473149,-46.6643635,,,,"AirGradient","AirGradient"
6139516,"São Paulo","pm1",24.2,"µg/m³","2026-06-12T04:00:00Z","2026-06-12T01:00:00-03:00","America/Sao_Paulo",-23.6473149,-46.6643635,,,,"AirGradient","AirGradient"
6139516,"São Paulo","pm1",22.5,"µg/m³","2026-06-12T05:00:00Z","2026-06-12T02:00:00-03:00","America/Sao_Paulo",-23.6473149,-46.6643635,,,,"AirGradient","AirGradient"
6139516,"São Paulo","pm1",23.4,"µg/m³","2026-06-12T06:00:00Z","2026-06-12T03:00:00-03:00","America/Sao_Paulo",-23.6473149,-46.6643635,,,,"AirGradient","AirGradient"
6139516,"São Paulo","pm1",25,"µg/m³","2026-06-12T07:00:00Z","2026-06-12T04:00:00-03:00","America/Sao_Paulo",-23.6473149,-46.6643635,,,,"AirGradient","AirGradient"
6139516,"São Paulo","pm1",23.1,"µg/m³","2026-06-12T08:00:00Z","2026-06-12T05:00:00-03:00","America/Sao_Paulo",-23.6473149,-46.6643635,,,,"AirGradient","AirGradient"
6139516,"São Paulo","pm1",24,"µg/m³","2026-06-12T09:00:00Z","2026-06-12T06:00:00-03:00","America/Sao_Paulo",-23.6473149,-46.6643635,,,,"AirGradient","AirGradient"
6139516,"São Paulo","pm1",19.5,"µg/m³","2026-06-12T10:00:00Z","2026-06-12T07:00:00-03:00","America/Sao_Paulo",-23.6473149,-46.6643635,,,,"AirGradient","AirGradient"
6139516,"São Paulo","pm1",12.4,"µg/m³","2026-06-12T11:00:00Z","2026-06-12T08:00:00-03:00","America/Sao_Paulo",-23.6473149,-46.6643635,,,,"AirGradient","AirGradient"
6139516,"São Paulo","pm1",13,"µg/m³","2026-06-12T12:00:00Z","2026-06-12T09:00:00-03:00","America/Sao_Paulo",-23.6473149,-46.6643635,,,,"AirGradient","AirGradient"
6139516,"São Paulo","pm1",2.6,"µg/m³","2026-06-12T13:00:00Z","2026-06-12T10:00:00-03:00","America/Sao_Paulo",-23.6473149,-46.6643635,,,,"AirGradient","AirGradient"
6139516,"São Paulo","pm1",3.6,"µg/m³","2026-06-12T14:00:00Z","2026-06-12T11:00:00-03:00","America/Sao_Paulo",-23.6473149,-46.6643635,,,,"AirGradient","AirGradient"
6139516,"São Paulo","pm1",5.9,"µg/m³","2026-06-12T15:00:00Z","2026-06-12T12:00:00-03:00","America/Sao_Paulo",-23.6473149,-46.6643635,,,,"AirGradient","AirGradient"
6139516,"São Paulo","pm1",4.1,"µg/m³","2026-06-12T16:00:00Z","2026-06-12T13:00:00-03:00","America/Sao_Paulo",-23.6473149,-46.6643635,,,,"AirGradient","AirGradient"
6139516,"São Paulo","pm1",2.5,"µg/m³","2026-06-12T17:00:00Z","2026-06-12T14:00:00-03:00","America/Sao_Paulo",-23.6473149,-46.6643635,,,,"AirGradient","AirGradient"
6139516,"São Paulo","pm1",3.5,"µg/m³","2026-06-12T18:00:00Z","2026-06-12T15:00:00-03:00","America/Sao_Paulo",-23.6473149,-46.6643635,,,,"AirGradient","AirGradient"
6139516,"São Paulo","pm1",5.4,"µg/m³","2026-06-12T19:00:00Z","2026-06-12T16:00:00-03:00","America/Sao_Paulo",-23.6473149,-46.6643635,,,,"AirGradient","AirGradient"
6139516,"São Paulo","pm1",5.6,"µg/m³","2026-06-12T20:00:00Z","2026-06-12T17:00:00-03:00","America/Sao_Paulo",-23.6473149,-46.6643635,,,,"AirGradient","AirGradient"
6139516,"São Paulo","pm1",6.4,"µg/m³","2026-06-12T21:00:00Z","2026-06-12T18:00:00-03:00","America/Sao_Paulo",-23.6473149,-46.6643635,,,,"AirGradient","AirGradient"
6139516,"São Paulo","pm1",7.3,"µg/m³","2026-06-12T22:00:00Z","2026-06-12T19:00:00-03:00","America/Sao_Paulo",-23.6473149,-46.6643635,,,,"AirGradient","AirGradient"
6139516,"São Paulo","pm1",6.5,"µg/m³","2026-06-12T23:00:00Z","2026-06-12T20:00:00-03:00","America/Sao_Paulo",-23.6473149,-46.6643635,,,,"AirGradient","AirGradient"
6139516,"São Paulo","pm1",4.9,"µg/m³","2026-06-13T00:00:00Z","2026-06-12T21:00:00-03:00","America/Sao_Paulo",-23.6473149,-46.6643635,,,,"AirGradient","AirGradient"
6139516,"São Paulo","pm1",4.4,"µg/m³","2026-06-13T01:00:00Z","2026-06-12T22:00:00-03:00","America/Sao_Paulo",-23.6473149,-46.6643635,,,,"AirGradient","AirGradient"
6139516,"São Paulo","pm1",2.1,"µg/m³","2026-06-13T02:00:00Z","2026-06-12T23:00:00-03:00","America/Sao_Paulo",-23.6473149,-46.6643635,,,,"AirGradient","AirGradient"
6139516,"São Paulo","pm1",1.3,"µg/m³","2026-06-13T03:00:00Z","2026-06-13T00:00:00-03:00","America/Sao_Paulo",-23.6473149,-46.6643635,,,,"AirGradient","AirGradient"
6139516,"São Paulo","pm1",1.9,"µg/m³","2026-06-13T04:00:00Z","2026-06-13T01:00:00-03:00","America/Sao_Paulo",-23.6473149,-46.6643635,,,,"AirGradient","AirGradient"
6139516,"São Paulo","pm1",2.2,"µg/m³","2026-06-13T05:00:00Z","2026-06-13T02:00:00-03:00","America/Sao_Paulo",-23.6473149,-46.6643635,,,,"AirGradient","AirGradient"
6139516,"São Paulo","pm1",1.1,"µg/m³","2026-06-13T06:00:00Z","2026-06-13T03:00:00-03:00","America/Sao_Paulo",-23.6473149,-46.6643635,,,,"AirGradient","AirGradient"
6139516,"São Paulo","pm1",0.5,"µg/m³","2026-06-13T07:00:00Z","2026-06-13T04:00:00-03:00","America/Sao_Paulo",-23.6473149,-46.6643635,,,,"AirGradient","AirGradient"
6139516,"São Paulo","pm1",0.3,"µg/m³","2026-06-13T08:00:00Z","2026-06-13T05:00:00-03:00","America/Sao_Paulo",-23.6473149,-46.6643635,,,,"AirGradient","AirGradient"
6139516,"São Paulo","pm1",0.1,"µg/m³","2026-06-13T09:00:00Z","2026-06-13T06:00:00-03:00","America/Sao_Paulo",-23.6473149,-46.6643635,,,,"AirGradient","AirGradient"
6139516,"São Paulo","pm1",0,"µg/m³","2026-06-13T10:00:00Z","2026-06-13T07:00:00-03:00","America/Sao_Paulo",-23.6473149,-46.6643635,,,,"AirGradient","AirGradient"
6139516,"São Paulo","pm1",0,"µg/m³","2026-06-13T11:00:00Z","2026-06-13T08:00:00-03:00","America/Sao_Paulo",-23.6473149,-46.6643635,,,,"AirGradient","AirGradient"
6139516,"São Paulo","pm1",0,"µg/m³","2026-06-13T12:00:00Z","2026-06-13T09:00:00-03:00","America/Sao_Paulo",-23.6473149,-46.6643635,,,,"AirGradient","AirGradient"
6139516,"São Paulo","pm1",0,"µg/m³","2026-06-13T13:00:00Z","2026-06-13T10:00:00-03:00","America/Sao_Paulo",-23.6473149,-46.6643635,,,,"AirGradient","AirGradient"
6139516,"São Paulo","pm1",0,"µg/m³","2026-06-13T14:00:00Z","2026-06-13T11:00:00-03:00","America/Sao_Paulo",-23.6473149,-46.6643635,,,,"AirGradient","AirGradient"
6139516,"São Paulo","pm1",0.3,"µg/m³","2026-06-13T15:00:00Z","2026-06-13T12:00:00-03:00","America/Sao_Paulo",-23.6473149,-46.6643635,,,,"AirGradient","AirGradient"
6139516,"São Paulo","pm1",2.6,"µg/m³","2026-06-13T16:00:00Z","2026-06-13T13:00:00-03:00","America/Sao_Paulo",-23.6473149,-46.6643635,,,,"AirGradient","AirGradient"
6139516,"São Paulo","pm1",2.5,"µg/m³","2026-06-13T17:00:00Z","2026-06-13T14:00:00-03:00","America/Sao_Paulo",-23.6473149,-46.6643635,,,,"AirGradient","AirGradient"
6139516,"São Paulo","pm1",0.1,"µg/m³","2026-06-13T18:00:00Z","2026-06-13T15:00:00-03:00","America/Sao_Paulo",-23.6473149,-46.6643635,,,,"AirGradient","AirGradient"
6139516,"São Paulo","pm1",0,"µg/m³","2026-06-13T19:00:00Z","2026-06-13T16:00:00-03:00","America/Sao_Paulo",-23.6473149,-46.6643635,,,,"AirGradient","AirGradient"
6139516,"São Paulo","pm1",0.6,"µg/m³","2026-06-13T20:00:00Z","2026-06-13T17:00:00-03:00","America/Sao_Paulo",-23.6473149,-46.6643635,,,,"AirGradient","AirGradient"
6139516,"São Paulo","pm1",4.6,"µg/m³","2026-06-13T21:00:00Z","2026-06-13T18:00:00-03:00","America/Sao_Paulo",-23.6473149,-46.6643635,,,,"AirGradient","AirGradient"
6139516,"São Paulo","pm1",13.5,"µg/m³","2026-06-13T22:00:00Z","2026-06-13T19:00:00-03:00","America/Sao_Paulo",-23.6473149,-46.6643635,,,,"AirGradient","AirGradient"
6139516,"São Paulo","pm1",19,"µg/m³","2026-06-13T23:00:00Z","2026-06-13T20:00:00-03:00","America/Sao_Paulo",-23.6473149,-46.6643635,,,,"AirGradient","AirGradient"
6139516,"São Paulo","pm1",21.4,"µg/m³","2026-06-14T00:00:00Z","2026-06-13T21:00:00-03:00","America/Sao_Paulo",-23.6473149,-46.6643635,,,,"AirGradient","AirGradient"
6139516,"São Paulo","pm1",16.6,"µg/m³","2026-06-14T01:00:00Z","2026-06-13T22:00:00-03:00","America/Sao_Paulo",-23.6473149,-46.6643635,,,,"AirGradient","AirGradient"
6139516,"São Paulo","pm1",2.1,"µg/m³","2026-06-14T02:00:00Z","2026-06-13T23:00:00-03:00","America/Sao_Paulo",-23.6473149,-46.6643635,,,,"AirGradient","AirGradient"
6139516,"São Paulo","pm1",0.1,"µg/m³","2026-06-14T03:00:00Z","2026-06-14T00:00:00-03:00","America/Sao_Paulo",-23.6473149,-46.6643635,,,,"AirGradient","AirGradient"
6139516,"São Paulo","pm1",0,"µg/m³","2026-06-14T04:00:00Z","2026-06-14T01:00:00-03:00","America/Sao_Paulo",-23.6473149,-46.6643635,,,,"AirGradient","AirGradient"
6139516,"São Paulo","pm1",0,"µg/m³","2026-06-14T05:00:00Z","2026-06-14T02:00:00-03:00","America/Sao_Paulo",-23.6473149,-46.6643635,,,,"AirGradient","AirGradient"
6139516,"São Paulo","pm1",2.1,"µg/m³","2026-06-14T06:00:00Z","2026-06-14T03:00:00-03:00","America/Sao_Paulo",-23.6473149,-46.6643635,,,,"AirGradient","AirGradient"
6139516,"São Paulo","pm1",1.7,"µg/m³","2026-06-14T07:00:00Z","2026-06-14T04:00:00-03:00","America/Sao_Paulo",-23.6473149,-46.6643635,,,,"AirGradient","AirGradient"
6139516,"São Paulo","pm1",0.6,"µg/m³","2026-06-14T08:00:00Z","2026-06-14T05:00:00-03:00","America/Sao_Paulo",-23.6473149,-46.6643635,,,,"AirGradient","AirGradient"
6139516,"São Paulo","pm1",1.3,"µg/m³","2026-06-14T09:00:00Z","2026-06-14T06:00:00-03:00","America/Sao_Paulo",-23.6473149,-46.6643635,,,,"AirGradient","AirGradient"
6139516,"São Paulo","pm1",0.6,"µg/m³","2026-06-14T10:00:00Z","2026-06-14T07:00:00-03:00","America/Sao_Paulo",-23.6473149,-46.6643635,,,,"AirGradient","AirGradient"
6139516,"São Paulo","pm1",0,"µg/m³","2026-06-14T11:00:00Z","2026-06-14T08:00:00-03:00","America/Sao_Paulo",-23.6473149,-46.6643635,,,,"AirGradient","AirGradient"
6139516,"São Paulo","pm1",0,"µg/m³","2026-06-14T12:00:00Z","2026-06-14T09:00:00-03:00","America/Sao_Paulo",-23.6473149,-46.6643635,,,,"AirGradient","AirGradient"
6139516,"São Paulo","pm1",0,"µg/m³","2026-06-14T13:00:00Z","2026-06-14T10:00:00-03:00","America/Sao_Paulo",-23.6473149,-46.6643635,,,,"AirGradient","AirGradient"
6139516,"São Paulo","pm1",0.1,"µg/m³","2026-06-14T14:00:00Z","2026-06-14T11:00:00-03:00","America/Sao_Paulo",-23.6473149,-46.6643635,,,,"AirGradient","AirGradient"
6139516,"São Paulo","pm1",0,"µg/m³","2026-06-14T15:00:00Z","2026-06-14T12:00:00-03:00","America/Sao_Paulo",-23.6473149,-46.6643635,,,,"AirGradient","AirGradient"
6139516,"São Paulo","pm1",0.1,"µg/m³","2026-06-14T16:00:00Z","2026-06-14T13:00:00-03:00","America/Sao_Paulo",-23.6473149,-46.6643635,,,,"AirGradient","AirGradient"
6139516,"São Paulo","pm1",0.1,"µg/m³","2026-06-14T17:00:00Z","2026-06-14T14:00:00-03:00","America/Sao_Paulo",-23.6473149,-46.6643635,,,,"AirGradient","AirGradient"
6139516,"São Paulo","pm1",2.1,"µg/m³","2026-06-14T18:00:00Z","2026-06-14T15:00:00-03:00","America/Sao_Paulo",-23.6473149,-46.6643635,,,,"AirGradient","AirGradient"
6139516,"São Paulo","pm1",0.6,"µg/m³","2026-06-14T19:00:00Z","2026-06-14T16:00:00-03:00","America/Sao_Paulo",-23.6473149,-46.6643635,,,,"AirGradient","AirGradient"
6139516,"São Paulo","pm1",0.7,"µg/m³","2026-06-14T20:00:00Z","2026-06-14T17:00:00-03:00","America/Sao_Paulo",-23.6473149,-46.6643635,,,,"AirGradient","AirGradient"
6139516,"São Paulo","pm1",2.5,"µg/m³","2026-06-14T21:00:00Z","2026-06-14T18:00:00-03:00","America/Sao_Paulo",-23.6473149,-46.6643635,,,,"AirGradient","AirGradient"
6139516,"São Paulo","pm1",3,"µg/m³","2026-06-14T22:00:00Z","2026-06-14T19:00:00-03:00","America/Sao_Paulo",-23.6473149,-46.6643635,,,,"AirGradient","AirGradient"
6139516,"São Paulo","pm1",2.6,"µg/m³","2026-06-14T23:00:00Z","2026-06-14T20:00:00-03:00","America/Sao_Paulo",-23.6473149,-46.6643635,,,,"AirGradient","AirGradient"
6139516,"São Paulo","pm1",4.2,"µg/m³","2026-06-15T00:00:00Z","2026-06-14T21:00:00-03:00","America/Sao_Paulo",-23.6473149,-46.6643635,,,,"AirGradient","AirGradient"
6139516,"São Paulo","pm1",5.1,"µg/m³","2026-06-15T01:00:00Z","2026-06-14T22:00:00-03:00","America/Sao_Paulo",-23.6473149,-46.6643635,,,,"AirGradient","AirGradient"
6139516,"São Paulo","pm1",4,"µg/m³","2026-06-15T02:00:00Z","2026-06-14T23:00:00-03:00","America/Sao_Paulo",-23.6473149,-46.6643635,,,,"AirGradient","AirGradient"
6139516,"São Paulo","pm1",4.4,"µg/m³","2026-06-15T03:00:00Z","2026-06-15T00:00:00-03:00","America/Sao_Paulo",-23.6473149,-46.6643635,,,,"AirGradient","AirGradient"
6139516,"São Paulo","pm1",5,"µg/m³","2026-06-15T04:00:00Z","2026-06-15T01:00:00-03:00","America/Sao_Paulo",-23.6473149,-46.6643635,,,,"AirGradient","AirGradient"
6139516,"São Paulo","pm1",6.5,"µg/m³","2026-06-15T05:00:00Z","2026-06-15T02:00:00-03:00","America/Sao_Paulo",-23.6473149,-46.6643635,,,,"AirGradient","AirGradient"
6139516,"São Paulo","pm1",3.8,"µg/m³","2026-06-15T06:00:00Z","2026-06-15T03:00:00-03:00","America/Sao_Paulo",-23.6473149,-46.6643635,,,,"AirGradient","AirGradient"
6139516,"São Paulo","pm1",0,"µg/m³","2026-06-15T07:00:00Z","2026-06-15T04:00:00-03:00","America/Sao_Paulo",-23.6473149,-46.6643635,,,,"AirGradient","AirGradient"
6139516,"São Paulo","pm1",0,"µg/m³","2026-06-15T08:00:00Z","2026-06-15T05:00:00-03:00","America/Sao_Paulo",-23.6473149,-46.6643635,,,,"AirGradient","AirGradient"
6139516,"São Paulo","pm1",0,"µg/m³","2026-06-15T09:00:00Z","2026-06-15T06:00:00-03:00","America/Sao_Paulo",-23.6473149,-46.6643635,,,,"AirGradient","AirGradient"
6139516,"São Paulo","pm1",0,"µg/m³","2026-06-15T10:00:00Z","2026-06-15T07:00:00-03:00","America/Sao_Paulo",-23.6473149,-46.6643635,,,,"AirGradient","AirGradient"
6139516,"São Paulo","pm1",0.1,"µg/m³","2026-06-15T11:00:00Z","2026-06-15T08:00:00-03:00","America/Sao_Paulo",-23.6473149,-46.6643635,,,,"AirGradient","AirGradient"
6139516,"São Paulo","pm1",0,"µg/m³","2026-06-15T12:00:00Z","2026-06-15T09:00:00-03:00","America/Sao_Paulo",-23.6473149,-46.6643635,,,,"AirGradient","AirGradient"
6139516,"São Paulo","pm1",0,"µg/m³","2026-06-15T13:00:00Z","2026-06-15T10:00:00-03:00","America/Sao_Paulo",-23.6473149,-46.6643635,,,,"AirGradient","AirGradient"
6139516,"São Paulo","pm1",0,"µg/m³","2026-06-15T14:00:00Z","2026-06-15T11:00:00-03:00","America/Sao_Paulo",-23.6473149,-46.6643635,,,,"AirGradient","AirGradient"
6139516,"São Paulo","pm1",0,"µg/m³","2026-06-15T15:00:00Z","2026-06-15T12:00:00-03:00","America/Sao_Paulo",-23.6473149,-46.6643635,,,,"AirGradient","AirGradient"
6139516,"São Paulo","pm1",0.5,"µg/m³","2026-06-15T16:00:00Z","2026-06-15T13:00:00-03:00","America/Sao_Paulo",-23.6473149,-46.6643635,,,,"AirGradient","AirGradient"
6139516,"São Paulo","pm1",0,"µg/m³","2026-06-15T17:00:00Z","2026-06-15T14:00:00-03:00","America/Sao_Paulo",-23.6473149,-46.6643635,,,,"AirGradient","AirGradient"
6139516,"São Paulo","pm1",0,"µg/m³","2026-06-15T18:00:00Z","2026-06-15T15:00:00-03:00","America/Sao_Paulo",-23.6473149,-46.6643635,,,,"AirGradient","AirGradient"
6139516,"São Paulo","pm1",0,"µg/m³","2026-06-15T19:00:00Z","2026-06-15T16:00:00-03:00","America/Sao_Paulo",-23.6473149,-46.6643635,,,,"AirGradient","AirGradient"
6139516,"São Paulo","pm1",0,"µg/m³","2026-06-15T20:00:00Z","2026-06-15T17:00:00-03:00","America/Sao_Paulo",-23.6473149,-46.6643635,,,,"AirGradient","AirGradient"
6139516,"São Paulo","pm1",0,"µg/m³","2026-06-15T21:00:00Z","2026-06-15T18:00:00-03:00","America/Sao_Paulo",-23.6473149,-46.6643635,,,,"AirGradient","AirGradient"
6139516,"São Paulo","pm1",0,"µg/m³","2026-06-15T22:00:00Z","2026-06-15T19:00:00-03:00","America/Sao_Paulo",-23.6473149,-46.6643635,,,,"AirGradient","AirGradient"
6139516,"São Paulo","pm1",2.1,"µg/m³","2026-06-15T23:00:00Z","2026-06-15T20:00:00-03:00","America/Sao_Paulo",-23.6473149,-46.6643635,,,,"AirGradient","AirGradient"
6139516,"São Paulo","pm1",0.7,"µg/m³","2026-06-16T00:00:00Z","2026-06-15T21:00:00-03:00","America/Sao_Paulo",-23.6473149,-46.6643635,,,,"AirGradient","AirGradient"
6139516,"São Paulo","pm1",0.2,"µg/m³","2026-06-16T01:00:00Z","2026-06-15T22:00:00-03:00","America/Sao_Paulo",-23.6473149,-46.6643635,,,,"AirGradient","AirGradient"
6139516,"São Paulo","pm1",0,"µg/m³","2026-06-16T02:00:00Z","2026-06-15T23:00:00-03:00","America/Sao_Paulo",-23.6473149,-46.6643635,,,,"AirGradient","AirGradient"
6139516,"São Paulo","pm1",0,"µg/m³","2026-06-16T03:00:00Z","2026-06-16T00:00:00-03:00","America/Sao_Paulo",-23.6473149,-46.6643635,,,,"AirGradient","AirGradient"
6139516,"São Paulo","pm1",0.2,"µg/m³","2026-06-16T04:00:00Z","2026-06-16T01:00:00-03:00","America/Sao_Paulo",-23.6473149,-46.6643635,,,,"AirGradient","AirGradient"
6139516,"São Paulo","pm1",0.1,"µg/m³","2026-06-16T05:00:00Z","2026-06-16T02:00:00-03:00","America/Sao_Paulo",-23.6473149,-46.6643635,,,,"AirGradient","AirGradient"
6139516,"São Paulo","pm1",1.2,"µg/m³","2026-06-16T06:00:00Z","2026-06-16T03:00:00-03:00","America/Sao_Paulo",-23.6473149,-46.6643635,,,,"AirGradient","AirGradient"
6139516,"São Paulo","pm1",0,"µg/m³","2026-06-16T07:00:00Z","2026-06-16T04:00:00-03:00","America/Sao_Paulo",-23.6473149,-46.6643635,,,,"AirGradient","AirGradient"
6139516,"São Paulo","pm1",0.2,"µg/m³","2026-06-16T08:00:00Z","2026-06-16T05:00:00-03:00","America/Sao_Paulo",-23.6473149,-46.6643635,,,,"AirGradient","AirGradient"
6139516,"São Paulo","pm1",0,"µg/m³","2026-06-16T09:00:00Z","2026-06-16T06:00:00-03:00","America/Sao_Paulo",-23.6473149,-46.6643635,,,,"AirGradient","AirGradient"
6139516,"São Paulo","pm1",0,"µg/m³","2026-06-16T10:00:00Z","2026-06-16T07:00:00-03:00","America/Sao_Paulo",-23.6473149,-46.6643635,,,,"AirGradient","AirGradient"
6139516,"São Paulo","pm1",0,"µg/m³","2026-06-16T11:00:00Z","2026-06-16T08:00:00-03:00","America/Sao_Paulo",-23.6473149,-46.6643635,,,,"AirGradient","AirGradient"
6139516,"São Paulo","pm1",0,"µg/m³","2026-06-16T12:00:00Z","2026-06-16T09:00:00-03:00","America/Sao_Paulo",-23.6473149,-46.6643635,,,,"AirGradient","AirGradient"
6139516,"São Paulo","pm1",0,"µg/m³","2026-06-16T13:00:00Z","2026-06-16T10:00:00-03:00","America/Sao_Paulo",-23.6473149,-46.6643635,,,,"AirGradient","AirGradient"
6139516,"São Paulo","pm1",0.2,"µg/m³","2026-06-16T14:00:00Z","2026-06-16T11:00:00-03:00","America/Sao_Paulo",-23.6473149,-46.6643635,,,,"AirGradient","AirGradient"
6139516,"São Paulo","pm1",0,"µg/m³","2026-06-16T15:00:00Z","2026-06-16T12:00:00-03:00","America/Sao_Paulo",-23.6473149,-46.6643635,,,,"AirGradient","AirGradient"
6139516,"São Paulo","pm1",0.2,"µg/m³","2026-06-16T16:00:00Z","2026-06-16T13:00:00-03:00","America/Sao_Paulo",-23.6473149,-46.6643635,,,,"AirGradient","AirGradient"
6139516,"São Paulo","pm1",0,"µg/m³","2026-06-16T17:00:00Z","2026-06-16T14:00:00-03:00","America/Sao_Paulo",-23.6473149,-46.6643635,,,,"AirGradient","AirGradient"
6139516,"São Paulo","pm1",0,"µg/m³","2026-06-16T18:00:00Z","2026-06-16T15:00:00-03:00","America/Sao_Paulo",-23.6473149,-46.6643635,,,,"AirGradient","AirGradient"
6139516,"São Paulo","pm1",0,"µg/m³","2026-06-16T19:00:00Z","2026-06-16T16:00:00-03:00","America/Sao_Paulo",-23.6473149,-46.6643635,,,,"AirGradient","AirGradient"
6139516,"São Paulo","pm1",0.5,"µg/m³","2026-06-16T20:00:00Z","2026-06-16T17:00:00-03:00","America/Sao_Paulo",-23.6473149,-46.6643635,,,,"AirGradient","AirGradient"
6139516,"São Paulo","pm1",1.8,"µg/m³","2026-06-16T21:00:00Z","2026-06-16T18:00:00-03:00","America/Sao_Paulo",-23.6473149,-46.6643635,,,,"AirGradient","AirGradient"
6139516,"São Paulo","pm1",2.4,"µg/m³","2026-06-16T22:00:00Z","2026-06-16T19:00:00-03:00","America/Sao_Paulo",-23.6473149,-46.6643635,,,,"AirGradient","AirGradient"
6139516,"São Paulo","pm1",1.7,"µg/m³","2026-06-16T23:00:00Z","2026-06-16T20:00:00-03:00","America/Sao_Paulo",-23.6473149,-46.6643635,,,,"AirGradient","AirGradient"
6139516,"São Paulo","pm1",3.2,"µg/m³","2026-06-17T00:00:00Z","2026-06-16T21:00:00-03:00","America/Sao_Paulo",-23.6473149,-46.6643635,,,,"AirGradient","AirGradient"
6139516,"São Paulo","pm1",2.7,"µg/m³","2026-06-17T01:00:00Z","2026-06-16T22:00:00-03:00","America/Sao_Paulo",-23.6473149,-46.6643635,,,,"AirGradient","AirGradient"
6139516,"São Paulo","pm1",12.6,"µg/m³","2026-06-17T02:00:00Z","2026-06-16T23:00:00-03:00","America/Sao_Paulo",-23.6473149,-46.6643635,,,,"AirGradient","AirGradient"
6139516,"São Paulo","pm1",20.7,"µg/m³","2026-06-17T03:00:00Z","2026-06-17T00:00:00-03:00","America/Sao_Paulo",-23.6473149,-46.6643635,,,,"AirGradient","AirGradient"
6139516,"São Paulo","pm1",19.4,"µg/m³","2026-06-17T04:00:00Z","2026-06-17T01:00:00-03:00","America/Sao_Paulo",-23.6473149,-46.6643635,,,,"AirGradient","AirGradient"
6139516,"São Paulo","pm1",13.1,"µg/m³","2026-06-17T05:00:00Z","2026-06-17T02:00:00-03:00","America/Sao_Paulo",-23.6473149,-46.6643635,,,,"AirGradient","AirGradient"
6139516,"São Paulo","pm1",21.5,"µg/m³","2026-06-17T06:00:00Z","2026-06-17T03:00:00-03:00","America/Sao_Paulo",-23.6473149,-46.6643635,,,,"AirGradient","AirGradient"
6139516,"São Paulo","pm1",19.8,"µg/m³","2026-06-17T07:00:00Z","2026-06-17T04:00:00-03:00","America/Sao_Paulo",-23.6473149,-46.6643635,,,,"AirGradient","AirGradient"
6139516,"São Paulo","pm1",20.7,"µg/m³","2026-06-17T08:00:00Z","2026-06-17T05:00:00-03:00","America/Sao_Paulo",-23.6473149,-46.6643635,,,,"AirGradient","AirGradient"
6139516,"São Paulo","pm1",18.3,"µg/m³","2026-06-17T09:00:00Z","2026-06-17T06:00:00-03:00","America/Sao_Paulo",-23.6473149,-46.6643635,,,,"AirGradient","AirGradient"
6139516,"São Paulo","pm1",12,"µg/m³","2026-06-17T10:00:00Z","2026-06-17T07:00:00-03:00","America/Sao_Paulo",-23.6473149,-46.6643635,,,,"AirGradient","AirGradient"
6139516,"São Paulo","pm1",11.8,"µg/m³","2026-06-17T11:00:00Z","2026-06-17T08:00:00-03:00","America/Sao_Paulo",-23.6473149,-46.6643635,,,,"AirGradient","AirGradient"
6139516,"São Paulo","pm1",11.1,"µg/m³","2026-06-17T12:00:00Z","2026-06-17T09:00:00-03:00","America/Sao_Paulo",-23.6473149,-46.6643635,,,,"AirGradient","AirGradient"
6139516,"São Paulo","pm1",12.6,"µg/m³","2026-06-17T13:00:00Z","2026-06-17T10:00:00-03:00","America/Sao_Paulo",-23.6473149,-46.6643635,,,,"AirGradient","AirGradient"
6139516,"São Paulo","pm1",9.5,"µg/m³","2026-06-17T14:00:00Z","2026-06-17T11:00:00-03:00","America/Sao_Paulo",-23.6473149,-46.6643635,,,,"AirGradient","AirGradient"
6139516,"São Paulo","pm1",4.8,"µg/m³","2026-06-17T15:00:00Z","2026-06-17T12:00:00-03:00","America/Sao_Paulo",-23.6473149,-46.6643635,,,,"AirGradient","AirGradient"
6139516,"São Paulo","pm1",8.3,"µg/m³","2026-06-17T16:00:00Z","2026-06-17T13:00:00-03:00","America/Sao_Paulo",-23.6473149,-46.6643635,,,,"AirGradient","AirGradient"
6139516,"São Paulo","pm1",12,"µg/m³","2026-06-17T17:00:00Z","2026-06-17T14:00:00-03:00","America/Sao_Paulo",-23.6473149,-46.6643635,,,,"AirGradient","AirGradient"
6139516,"São Paulo","pm1",6.5,"µg/m³","2026-06-17T18:00:00Z","2026-06-17T15:00:00-03:00","America/Sao_Paulo",-23.6473149,-46.6643635,,,,"AirGradient","AirGradient"
6139516,"São Paulo","pm1",0.7,"µg/m³","2026-06-17T19:00:00Z","2026-06-17T16:00:00-03:00","America/Sao_Paulo",-23.6473149,-46.6643635,,,,"AirGradient","AirGradient"
6139516,"São Paulo","pm1",1.6,"µg/m³","2026-06-17T20:00:00Z","2026-06-17T17:00:00-03:00","America/Sao_Paulo",-23.6473149,-46.6643635,,,,"AirGradient","AirGradient"
6139516,"São Paulo","pm1",1.1,"µg/m³","2026-06-17T21:00:00Z","2026-06-17T18:00:00-03:00","America/Sao_Paulo",-23.6473149,-46.6643635,,,,"AirGradient","AirGradient"
6139516,"São Paulo","pm1",0.7,"µg/m³","2026-06-17T22:00:00Z","2026-06-17T19:00:00-03:00","America/Sao_Paulo",-23.6473149,-46.6643635,,,,"AirGradient","AirGradient"
6139516,"São Paulo","pm1",0.1,"µg/m³","2026-06-17T23:00:00Z","2026-06-17T20:00:00-03:00","America/Sao_Paulo",-23.6473149,-46.6643635,,,,"AirGradient","AirGradient"
6139516,"São Paulo","pm1",0.6,"µg/m³","2026-06-18T00:00:00Z","2026-06-17T21:00:00-03:00","America/Sao_Paulo",-23.6473149,-46.6643635,,,,"AirGradient","AirGradient"
6139516,"São Paulo","pm1",1.7,"µg/m³","2026-06-18T01:00:00Z","2026-06-17T22:00:00-03:00","America/Sao_Paulo",-23.6473149,-46.6643635,,,,"AirGradient","AirGradient"
6139516,"São Paulo","pm1",3.6,"µg/m³","2026-06-18T02:00:00Z","2026-06-17T23:00:00-03:00","America/Sao_Paulo",-23.6473149,-46.6643635,,,,"AirGradient","AirGradient"
6139516,"São Paulo","pm1",2.9,"µg/m³","2026-06-18T03:00:00Z","2026-06-18T00:00:00-03:00","America/Sao_Paulo",-23.6473149,-46.6643635,,,,"AirGradient","AirGradient"
6139516,"São Paulo","pm1",5.6,"µg/m³","2026-06-18T04:00:00Z","2026-06-18T01:00:00-03:00","America/Sao_Paulo",-23.6473149,-46.6643635,,,,"AirGradient","AirGradient"
6139516,"São Paulo","pm1",13.4,"µg/m³","2026-06-18T05:00:00Z","2026-06-18T02:00:00-03:00","America/Sao_Paulo",-23.6473149,-46.6643635,,,,"AirGradient","AirGradient"
6139516,"São Paulo","pm1",7.6,"µg/m³","2026-06-18T06:00:00Z","2026-06-18T03:00:00-03:00","America/Sao_Paulo",-23.6473149,-46.6643635,,,,"AirGradient","AirGradient"
6139516,"São Paulo","pm1",7.7,"µg/m³","2026-06-18T07:00:00Z","2026-06-18T04:00:00-03:00","America/Sao_Paulo",-23.6473149,-46.6643635,,,,"AirGradient","AirGradient"
6139516,"São Paulo","pm1",5.6,"µg/m³","2026-06-18T08:00:00Z","2026-06-18T05:00:00-03:00","America/Sao_Paulo",-23.6473149,-46.6643635,,,,"AirGradient","AirGradient"
6139516,"São Paulo","pm1",5.8,"µg/m³","2026-06-18T09:00:00Z","2026-06-18T06:00:00-03:00","America/Sao_Paulo",-23.6473149,-46.6643635,,,,"AirGradient","AirGradient"
6139516,"São Paulo","pm1",7.5,"µg/m³","2026-06-18T10:00:00Z","2026-06-18T07:00:00-03:00","America/Sao_Paulo",-23.6473149,-46.6643635,,,,"AirGradient","AirGradient"
6139516,"São Paulo","pm1",9.9,"µg/m³","2026-06-18T11:00:00Z","2026-06-18T08:00:00-03:00","America/Sao_Paulo",-23.6473149,-46.6643635,,,,"AirGradient","AirGradient"
6139516,"São Paulo","pm1",5.4,"µg/m³","2026-06-18T12:00:00Z","2026-06-18T09:00:00-03:00","America/Sao_Paulo",-23.6473149,-46.6643635,,,,"AirGradient","AirGradient"
6139516,"São Paulo","pm1",2.3,"µg/m³","2026-06-18T13:00:00Z","2026-06-18T10:00:00-03:00","America/Sao_Paulo",-23.6473149,-46.6643635,,,,"AirGradient","AirGradient"
6139516,"São Paulo","pm1",0.6,"µg/m³","2026-06-18T14:00:00Z","2026-06-18T11:00:00-03:00","America/Sao_Paulo",-23.6473149,-46.6643635,,,,"AirGradient","AirGradient"
6139516,"São Paulo","pm1",0,"µg/m³","2026-06-18T15:00:00Z","2026-06-18T12:00:00-03:00","America/Sao_Paulo",-23.6473149,-46.6643635,,,,"AirGradient","AirGradient"
6139516,"São Paulo","pm1",0,"µg/m³","2026-06-18T16:00:00Z","2026-06-18T13:00:00-03:00","America/Sao_Paulo",-23.6473149,-46.6643635,,,,"AirGradient","AirGradient"
6139516,"São Paulo","pm1",0,"µg/m³","2026-06-18T17:00:00Z","2026-06-18T14:00:00-03:00","America/Sao_Paulo",-23.6473149,-46.6643635,,,,"AirGradient","AirGradient"
6139516,"São Paulo","pm1",0,"µg/m³","2026-06-18T18:00:00Z","2026-06-18T15:00:00-03:00","America/Sao_Paulo",-23.6473149,-46.6643635,,,,"AirGradient","AirGradient"
6139516,"São Paulo","pm1",0,"µg/m³","2026-06-18T19:00:00Z","2026-06-18T16:00:00-03:00","America/Sao_Paulo",-23.6473149,-46.6643635,,,,"AirGradient","AirGradient"
6139516,"São Paulo","pm1",0.5,"µg/m³","2026-06-18T20:00:00Z","2026-06-18T17:00:00-03:00","America/Sao_Paulo",-23.6473149,-46.6643635,,,,"AirGradient","AirGradient"
6139516,"São Paulo","pm1",2.6,"µg/m³","2026-06-18T21:00:00Z","2026-06-18T18:00:00-03:00","America/Sao_Paulo",-23.6473149,-46.6643635,,,,"AirGradient","AirGradient"
6139516,"São Paulo","pm1",6.1,"µg/m³","2026-06-18T22:00:00Z","2026-06-18T19:00:00-03:00","America/Sao_Paulo",-23.6473149,-46.6643635,,,,"AirGradient","AirGradient"
6139516,"São Paulo","pm1",3.3,"µg/m³","2026-06-18T23:00:00Z","2026-06-18T20:00:00-03:00","America/Sao_Paulo",-23.6473149,-46.6643635,,,,"AirGradient","AirGradient"
6139516,"São Paulo","pm1",3.1,"µg/m³","2026-06-19T00:00:00Z","2026-06-18T21:00:00-03:00","America/Sao_Paulo",-23.6473149,-46.6643635,,,,"AirGradient","AirGradient"
6139516,"São Paulo","pm1",1.9,"µg/m³","2026-06-19T01:00:00Z","2026-06-18T22:00:00-03:00","America/Sao_Paulo",-23.6473149,-46.6643635,,,,"AirGradient","AirGradient"
6139516,"São Paulo","pm1",3,"µg/m³","2026-06-19T02:00:00Z","2026-06-18T23:00:00-03:00","America/Sao_Paulo",-23.6473149,-46.6643635,,,,"AirGradient","AirGradient"
6139516,"São Paulo","pm1",5.2,"µg/m³","2026-06-19T03:00:00Z","2026-06-19T00:00:00-03:00","America/Sao_Paulo",-23.6473149,-46.6643635,,,,"AirGradient","AirGradient"
6139516,"São Paulo","pm1",4.3,"µg/m³","2026-06-19T04:00:00Z","2026-06-19T01:00:00-03:00","America/Sao_Paulo",-23.6473149,-46.6643635,,,,"AirGradient","AirGradient"
6139516,"São Paulo","pm1",8.2,"µg/m³","2026-06-19T05:00:00Z","2026-06-19T02:00:00-03:00","America/Sao_Paulo",-23.6473149,-46.6643635,,,,"AirGradient","AirGradient"
6139516,"São Paulo","pm1",15.3,"µg/m³","2026-06-19T06:00:00Z","2026-06-19T03:00:00-03:00","America/Sao_Paulo",-23.6473149,-46.6643635,,,,"AirGradient","AirGradient"
6139516,"São Paulo","pm1",15.3,"µg/m³","2026-06-19T07:00:00Z","2026-06-19T04:00:00-03:00","America/Sao_Paulo",-23.6473149,-46.6643635,,,,"AirGradient","AirGradient"
6139516,"São Paulo","pm1",21.4,"µg/m³","2026-06-19T08:00:00Z","2026-06-19T05:00:00-03:00","America/Sao_Paulo",-23.6473149,-46.6643635,,,,"AirGradient","AirGradient"
6139516,"São Paulo","pm1",22.5,"µg/m³","2026-06-19T09:00:00Z","2026-06-19T06:00:00-03:00","America/Sao_Paulo",-23.6473149,-46.6643635,,,,"AirGradient","AirGradient"
6139516,"São Paulo","pm1",24.2,"µg/m³","2026-06-19T10:00:00Z","2026-06-19T07:00:00-03:00","America/Sao_Paulo",-23.6473149,-46.6643635,,,,"AirGradient","AirGradient"
6139516,"São Paulo","pm1",23.7,"µg/m³","2026-06-19T11:00:00Z","2026-06-19T08:00:00-03:00","America/Sao_Paulo",-23.6473149,-46.6643635,,,,"AirGradient","AirGradient"
6139516,"São Paulo","pm1",21.8,"µg/m³","2026-06-19T12:00:00Z","2026-06-19T09:00:00-03:00","America/Sao_Paulo",-23.6473149,-46.6643635,,,,"AirGradient","AirGradient"
6139516,"São Paulo","pm1",19.3,"µg/m³","2026-06-19T13:00:00Z","2026-06-19T10:00:00-03:00","America/Sao_Paulo",-23.6473149,-46.6643635,,,,"AirGradient","AirGradient"
6139516,"São Paulo","pm1",18,"µg/m³","2026-06-19T14:00:00Z","2026-06-19T11:00:00-03:00","America/Sao_Paulo",-23.6473149,-46.6643635,,,,"AirGradient","AirGradient"
6139516,"São Paulo","pm1",13.9,"µg/m³","2026-06-19T15:00:00Z","2026-06-19T12:00:00-03:00","America/Sao_Paulo",-23.6473149,-46.6643635,,,,"AirGradient","AirGradient"
6139516,"São Paulo","pm1",10.4,"µg/m³","2026-06-19T16:00:00Z","2026-06-19T13:00:00-03:00","America/Sao_Paulo",-23.6473149,-46.6643635,,,,"AirGradient","AirGradient"
6139516,"São Paulo","pm1",3.1,"µg/m³","2026-06-19T17:00:00Z","2026-06-19T14:00:00-03:00","America/Sao_Paulo",-23.6473149,-46.6643635,,,,"AirGradient","AirGradient"
6139516,"São Paulo","pm1",1.5,"µg/m³","2026-06-19T18:00:00Z","2026-06-19T15:00:00-03:00","America/Sao_Paulo",-23.6473149,-46.6643635,,,,"AirGradient","AirGradient"
6139516,"São Paulo","pm1",1,"µg/m³","2026-06-19T19:00:00Z","2026-06-19T16:00:00-03:00","America/Sao_Paulo",-23.6473149,-46.6643635,,,,"AirGradient","AirGradient"
6139516,"São Paulo","pm1",0.8,"µg/m³","2026-06-19T20:00:00Z","2026-06-19T17:00:00-03:00","America/Sao_Paulo",-23.6473149,-46.6643635,,,,"AirGradient","AirGradient"
6139516,"São Paulo","pm1",3.2,"µg/m³","2026-06-19T21:00:00Z","2026-06-19T18:00:00-03:00","America/Sao_Paulo",-23.6473149,-46.6643635,,,,"AirGradient","AirGradient"
6139516,"São Paulo","pm1",5,"µg/m³","2026-06-19T22:00:00Z","2026-06-19T19:00:00-03:00","America/Sao_Paulo",-23.6473149,-46.6643635,,,,"AirGradient","AirGradient"
6139516,"São Paulo","pm1",6.6,"µg/m³","2026-06-19T23:00:00Z","2026-06-19T20:00:00-03:00","America/Sao_Paulo",-23.6473149,-46.6643635,,,,"AirGradient","AirGradient"
6139516,"São Paulo","pm1",14.9,"µg/m³","2026-06-20T00:00:00Z","2026-06-19T21:00:00-03:00","America/Sao_Paulo",-23.6473149,-46.6643635,,,,"AirGradient","AirGradient"
6139516,"São Paulo","pm1",24.1,"µg/m³","2026-06-20T01:00:00Z","2026-06-19T22:00:00-03:00","America/Sao_Paulo",-23.6473149,-46.6643635,,,,"AirGradient","AirGradient"
6139516,"São Paulo","pm1",23.7,"µg/m³","2026-06-20T02:00:00Z","2026-06-19T23:00:00-03:00","America/Sao_Paulo",-23.6473149,-46.6643635,,,,"AirGradient","AirGradient"
6139516,"São Paulo","pm1",25.7,"µg/m³","2026-06-20T03:00:00Z","2026-06-20T00:00:00-03:00","America/Sao_Paulo",-23.6473149,-46.6643635,,,,"AirGradient","AirGradient"
6139516,"São Paulo","pm1",30.9,"µg/m³","2026-06-20T04:00:00Z","2026-06-20T01:00:00-03:00","America/Sao_Paulo",-23.6473149,-46.6643635,,,,"AirGradient","AirGradient"
6139516,"São Paulo","pm1",30.7,"µg/m³","2026-06-20T05:00:00Z","2026-06-20T02:00:00-03:00","America/Sao_Paulo",-23.6473149,-46.6643635,,,,"AirGradient","AirGradient"
6139516,"São Paulo","pm1",23.7,"µg/m³","2026-06-20T06:00:00Z","2026-06-20T03:00:00-03:00","America/Sao_Paulo",-23.6473149,-46.6643635,,,,"AirGradient","AirGradient"
6139516,"São Paulo","pm1",21.7,"µg/m³","2026-06-20T07:00:00Z","2026-06-20T04:00:00-03:00","America/Sao_Paulo",-23.6473149,-46.6643635,,,,"AirGradient","AirGradient"
6139516,"São Paulo","pm1",21.1,"µg/m³","2026-06-20T08:00:00Z","2026-06-20T05:00:00-03:00","America/Sao_Paulo",-23.6473149,-46.6643635,,,,"AirGradient","AirGradient"
6139516,"São Paulo","pm1",19.7,"µg/m³","2026-06-20T09:00:00Z","2026-06-20T06:00:00-03:00","America/Sao_Paulo",-23.6473149,-46.6643635,,,,"AirGradient","AirGradient"
6139516,"São Paulo","pm1",15,"µg/m³","2026-06-20T10:00:00Z","2026-06-20T07:00:00-03:00","America/Sao_Paulo",-23.6473149,-46.6643635,,,,"AirGradient","AirGradient"
6139516,"São Paulo","pm1",13.2,"µg/m³","2026-06-20T11:00:00Z","2026-06-20T08:00:00-03:00","America/Sao_Paulo",-23.6473149,-46.6643635,,,,"AirGradient","AirGradient"
6139516,"São Paulo","pm1",14.4,"µg/m³","2026-06-20T12:00:00Z","2026-06-20T09:00:00-03:00","America/Sao_Paulo",-23.6473149,-46.6643635,,,,"AirGradient","AirGradient"
6139516,"São Paulo","pm1",14.7,"µg/m³","2026-06-20T13:00:00Z","2026-06-20T10:00:00-03:00","America/Sao_Paulo",-23.6473149,-46.6643635,,,,"AirGradient","AirGradient"
6139516,"São Paulo","pm1",14.1,"µg/m³","2026-06-20T14:00:00Z","2026-06-20T11:00:00-03:00","America/Sao_Paulo",-23.6473149,-46.6643635,,,,"AirGradient","AirGradient"
6139516,"São Paulo","pm1",9.7,"µg/m³","2026-06-20T15:00:00Z","2026-06-20T12:00:00-03:00","America/Sao_Paulo",-23.6473149,-46.6643635,,,,"AirGradient","AirGradient"
6139516,"São Paulo","pm1",4.7,"µg/m³","2026-06-20T16:00:00Z","2026-06-20T13:00:00-03:00","America/Sao_Paulo",-23.6473149,-46.6643635,,,,"AirGradient","AirGradient"
6139516,"São Paulo","pm1",4.9,"µg/m³","2026-06-20T17:00:00Z","2026-06-20T14:00:00-03:00","America/Sao_Paulo",-23.6473149,-46.6643635,,,,"AirGradient","AirGradient"
6139516,"São Paulo","pm1",4.1,"µg/m³","2026-06-20T18:00:00Z","2026-06-20T15:00:00-03:00","America/Sao_Paulo",-23.6473149,-46.6643635,,,,"AirGradient","AirGradient"
6139516,"São Paulo","pm1",4.4,"µg/m³","2026-06-20T19:00:00Z","2026-06-20T16:00:00-03:00","America/Sao_Paulo",-23.6473149,-46.6643635,,,,"AirGradient","AirGradient"
6139516,"São Paulo","pm1",6.5,"µg/m³","2026-06-20T20:00:00Z","2026-06-20T17:00:00-03:00","America/Sao_Paulo",-23.6473149,-46.6643635,,,,"AirGradient","AirGradient"
6139516,"São Paulo","pm1",10,"µg/m³","2026-06-20T21:00:00Z","2026-06-20T18:00:00-03:00","America/Sao_Paulo",-23.6473149,-46.6643635,,,,"AirGradient","AirGradient"
6139516,"São Paulo","pm1",14.1,"µg/m³","2026-06-20T22:00:00Z","2026-06-20T19:00:00-03:00","America/Sao_Paulo",-23.6473149,-46.6643635,,,,"AirGradient","AirGradient"
6139516,"São Paulo","pm1",15.5,"µg/m³","2026-06-20T23:00:00Z","2026-06-20T20:00:00-03:00","America/Sao_Paulo",-23.6473149,-46.6643635,,,,"AirGradient","AirGradient"
6139516,"São Paulo","pm1",9.4,"µg/m³","2026-06-21T00:00:00Z","2026-06-20T21:00:00-03:00","America/Sao_Paulo",-23.6473149,-46.6643635,,,,"AirGradient","AirGradient"
6139516,"São Paulo","pm1",0,"µg/m³","2026-06-21T01:00:00Z","2026-06-20T22:00:00-03:00","America/Sao_Paulo",-23.6473149,-46.6643635,,,,"AirGradient","AirGradient"
6139516,"São Paulo","pm1",0.4,"µg/m³","2026-06-21T02:00:00Z","2026-06-20T23:00:00-03:00","America/Sao_Paulo",-23.6473149,-46.6643635,,,,"AirGradient","AirGradient"
6139516,"São Paulo","pm1",0.6,"µg/m³","2026-06-21T03:00:00Z","2026-06-21T00:00:00-03:00","America/Sao_Paulo",-23.6473149,-46.6643635,,,,"AirGradient","AirGradient"
6139516,"São Paulo","pm1",0.7,"µg/m³","2026-06-21T04:00:00Z","2026-06-21T01:00:00-03:00","America/Sao_Paulo",-23.6473149,-46.6643635,,,,"AirGradient","AirGradient"
6139516,"São Paulo","pm1",0,"µg/m³","2026-06-21T05:00:00Z","2026-06-21T02:00:00-03:00","America/Sao_Paulo",-23.6473149,-46.6643635,,,,"AirGradient","AirGradient"
6139516,"São Paulo","pm1",0.3,"µg/m³","2026-06-21T06:00:00Z","2026-06-21T03:00:00-03:00","America/Sao_Paulo",-23.6473149,-46.6643635,,,,"AirGradient","AirGradient"
6139516,"São Paulo","pm1",0,"µg/m³","2026-06-21T07:00:00Z","2026-06-21T04:00:00-03:00","America/Sao_Paulo",-23.6473149,-46.6643635,,,,"AirGradient","AirGradient"
6139516,"São Paulo","pm1",0,"µg/m³","2026-06-21T08:00:00Z","2026-06-21T05:00:00-03:00","America/Sao_Paulo",-23.6473149,-46.6643635,,,,"AirGradient","AirGradient"
6139516,"São Paulo","pm1",0.4,"µg/m³","2026-06-21T09:00:00Z","2026-06-21T06:00:00-03:00","America/Sao_Paulo",-23.6473149,-46.6643635,,,,"AirGradient","AirGradient"
6139516,"São Paulo","pm1",1,"µg/m³","2026-06-21T10:00:00Z","2026-06-21T07:00:00-03:00","America/Sao_Paulo",-23.6473149,-46.6643635,,,,"AirGradient","AirGradient"
6139516,"São Paulo","pm1",0.3,"µg/m³","2026-06-21T11:00:00Z","2026-06-21T08:00:00-03:00","America/Sao_Paulo",-23.6473149,-46.6643635,,,,"AirGradient","AirGradient"
6139516,"São Paulo","pm1",0.4,"µg/m³","2026-06-21T12:00:00Z","2026-06-21T09:00:00-03:00","America/Sao_Paulo",-23.6473149,-46.6643635,,,,"AirGradient","AirGradient"
6139516,"São Paulo","pm1",0.9,"µg/m³","2026-06-21T13:00:00Z","2026-06-21T10:00:00-03:00","America/Sao_Paulo",-23.6473149,-46.6643635,,,,"AirGradient","AirGradient"
6139516,"São Paulo","pm1",0.6,"µg/m³","2026-06-21T14:00:00Z","2026-06-21T11:00:00-03:00","America/Sao_Paulo",-23.6473149,-46.6643635,,,,"AirGradient","AirGradient"
6139516,"São Paulo","pm1",0.3,"µg/m³","2026-06-21T15:00:00Z","2026-06-21T12:00:00-03:00","America/Sao_Paulo",-23.6473149,-46.6643635,,,,"AirGradient","AirGradient"
6139516,"São Paulo","pm1",0.1,"µg/m³","2026-06-21T16:00:00Z","2026-06-21T13:00:00-03:00","America/Sao_Paulo",-23.6473149,-46.6643635,,,,"AirGradient","AirGradient"
6139516,"São Paulo","pm1",1.1,"µg/m³","2026-06-21T17:00:00Z","2026-06-21T14:00:00-03:00","America/Sao_Paulo",-23.6473149,-46.6643635,,,,"AirGradient","AirGradient"
6139516,"São Paulo","pm1",3.7,"µg/m³","2026-06-21T18:00:00Z","2026-06-21T15:00:00-03:00","America/Sao_Paulo",-23.6473149,-46.6643635,,,,"AirGradient","AirGradient"
6139516,"São Paulo","pm1",4.5,"µg/m³","2026-06-21T19:00:00Z","2026-06-21T16:00:00-03:00","America/Sao_Paulo",-23.6473149,-46.6643635,,,,"AirGradient","AirGradient"
6139516,"São Paulo","pm1",21.3,"µg/m³","2026-06-21T20:00:00Z","2026-06-21T17:00:00-03:00","America/Sao_Paulo",-23.6473149,-46.6643635,,,,"AirGradient","AirGradient"
6139516,"São Paulo","pm1",25.7,"µg/m³","2026-06-21T21:00:00Z","2026-06-21T18:00:00-03:00","America/Sao_Paulo",-23.6473149,-46.6643635,,,,"AirGradient","AirGradient"
6139516,"São Paulo","pm1",24.8,"µg/m³","2026-06-21T22:00:00Z","2026-06-21T19:00:00-03:00","America/Sao_Paulo",-23.6473149,-46.6643635,,,,"AirGradient","AirGradient"
6139516,"São Paulo","pm1",27.6,"µg/m³","2026-06-21T23:00:00Z","2026-06-21T20:00:00-03:00","America/Sao_Paulo",-23.6473149,-46.6643635,,,,"AirGradient","AirGradient"
6139516,"São Paulo","pm1",32.2,"µg/m³","2026-06-22T00:00:00Z","2026-06-21T21:00:00-03:00","America/Sao_Paulo",-23.6473149,-46.6643635,,,,"AirGradient","AirGradient"
6139516,"São Paulo","pm1",34.8,"µg/m³","2026-06-22T01:00:00Z","2026-06-21T22:00:00-03:00","America/Sao_Paulo",-23.6473149,-46.6643635,,,,"AirGradient","AirGradient"
6139516,"São Paulo","pm1",36.2,"µg/m³","2026-06-22T02:00:00Z","2026-06-21T23:00:00-03:00","America/Sao_Paulo",-23.6473149,-46.6643635,,,,"AirGradient","AirGradient"
6139516,"São Paulo","pm1",36.7,"µg/m³","2026-06-22T03:00:00Z","2026-06-22T00:00:00-03:00","America/Sao_Paulo",-23.6473149,-46.6643635,,,,"AirGradient","AirGradient"
6139516,"São Paulo","pm1",35.3,"µg/m³","2026-06-22T04:00:00Z","2026-06-22T01:00:00-03:00","America/Sao_Paulo",-23.6473149,-46.6643635,,,,"AirGradient","AirGradient"
6139516,"São Paulo","pm1",33.8,"µg/m³","2026-06-22T05:00:00Z","2026-06-22T02:00:00-03:00","America/Sao_Paulo",-23.6473149,-46.6643635,,,,"AirGradient","AirGradient"
6139516,"São Paulo","pm1",30.6,"µg/m³","2026-06-22T06:00:00Z","2026-06-22T03:00:00-03:00","America/Sao_Paulo",-23.6473149,-46.6643635,,,,"AirGradient","AirGradient"
6139516,"São Paulo","pm1",32.7,"µg/m³","2026-06-22T07:00:00Z","2026-06-22T04:00:00-03:00","America/Sao_Paulo",-23.6473149,-46.6643635,,,,"AirGradient","AirGradient"
6139516,"São Paulo","pm1",26.1,"µg/m³","2026-06-22T08:00:00Z","2026-06-22T05:00:00-03:00","America/Sao_Paulo",-23.6473149,-46.6643635,,,,"AirGradient","AirGradient"
6139516,"São Paulo","pm1",23,"µg/m³","2026-06-22T09:00:00Z","2026-06-22T06:00:00-03:00","America/Sao_Paulo",-23.6473149,-46.6643635,,,,"AirGradient","AirGradient"
6139516,"São Paulo","pm1",24.6,"µg/m³","2026-06-22T10:00:00Z","2026-06-22T07:00:00-03:00","America/Sao_Paulo",-23.6473149,-46.6643635,,,,"AirGradient","AirGradient"
6139516,"São Paulo","pm1",22.3,"µg/m³","2026-06-22T11:00:00Z","2026-06-22T08:00:00-03:00","America/Sao_Paulo",-23.6473149,-46.6643635,,,,"AirGradient","AirGradient"
6139516,"São Paulo","pm1",22.3,"µg/m³","2026-06-22T12:00:00Z","2026-06-22T09:00:00-03:00","America/Sao_Paulo",-23.6473149,-46.6643635,,,,"AirGradient","AirGradient"
6139516,"São Paulo","pm1",21.9,"µg/m³","2026-06-22T13:00:00Z","2026-06-22T10:00:00-03:00","America/Sao_Paulo",-23.6473149,-46.6643635,,,,"AirGradient","AirGradient"
6139516,"São Paulo","pm1",18.5,"µg/m³","2026-06-22T14:00:00Z","2026-06-22T11:00:00-03:00","America/Sao_Paulo",-23.6473149,-46.6643635,,,,"AirGradient","AirGradient"
6139516,"São Paulo","pm1",8.8,"µg/m³","2026-06-22T15:00:00Z","2026-06-22T12:00:00-03:00","America/Sao_Paulo",-23.6473149,-46.6643635,,,,"AirGradient","AirGradient"
6139516,"São Paulo","pm1",1,"µg/m³","2026-06-22T16:00:00Z","2026-06-22T13:00:00-03:00","America/Sao_Paulo",-23.6473149,-46.6643635,,,,"AirGradient","AirGradient"
6139516,"São Paulo","pm1",0,"µg/m³","2026-06-22T17:00:00Z","2026-06-22T14:00:00-03:00","America/Sao_Paulo",-23.6473149,-46.6643635,,,,"AirGradient","AirGradient"
6139516,"São Paulo","pm1",0,"µg/m³","2026-06-22T18:00:00Z","2026-06-22T15:00:00-03:00","America/Sao_Paulo",-23.6473149,-46.6643635,,,,"AirGradient","AirGradient"
6139516,"São Paulo","pm1",0,"µg/m³","2026-06-22T19:00:00Z","2026-06-22T16:00:00-03:00","America/Sao_Paulo",-23.6473149,-46.6643635,,,,"AirGradient","AirGradient"
6139516,"São Paulo","pm1",0,"µg/m³","2026-06-22T20:00:00Z","2026-06-22T17:00:00-03:00","America/Sao_Paulo",-23.6473149,-46.6643635,,,,"AirGradient","AirGradient"
6139516,"São Paulo","pm1",0.1,"µg/m³","2026-06-22T21:00:00Z","2026-06-22T18:00:00-03:00","America/Sao_Paulo",-23.6473149,-46.6643635,,,,"AirGradient","AirGradient"
6139516,"São Paulo","pm1",0.1,"µg/m³","2026-06-22T22:00:00Z","2026-06-22T19:00:00-03:00","America/Sao_Paulo",-23.6473149,-46.6643635,,,,"AirGradient","AirGradient"
6139516,"São Paulo","pm1",1,"µg/m³","2026-06-22T23:00:00Z","2026-06-22T20:00:00-03:00","America/Sao_Paulo",-23.6473149,-46.6643635,,,,"AirGradient","AirGradient"
6139516,"São Paulo","pm1",2.4,"µg/m³","2026-06-23T00:00:00Z","2026-06-22T21:00:00-03:00","America/Sao_Paulo",-23.6473149,-46.6643635,,,,"AirGradient","AirGradient"
6139516,"São Paulo","pm1",2.9,"µg/m³","2026-06-23T01:00:00Z","2026-06-22T22:00:00-03:00","America/Sao_Paulo",-23.6473149,-46.6643635,,,,"AirGradient","AirGradient"
6139516,"São Paulo","pm1",1.5,"µg/m³","2026-06-23T02:00:00Z","2026-06-22T23:00:00-03:00","America/Sao_Paulo",-23.6473149,-46.6643635,,,,"AirGradient","AirGradient"
6139516,"São Paulo","pm1",2.2,"µg/m³","2026-06-23T03:00:00Z","2026-06-23T00:00:00-03:00","America/Sao_Paulo",-23.6473149,-46.6643635,,,,"AirGradient","AirGradient"
6139516,"São Paulo","pm1",0.6,"µg/m³","2026-06-23T04:00:00Z","2026-06-23T01:00:00-03:00","America/Sao_Paulo",-23.6473149,-46.6643635,,,,"AirGradient","AirGradient"
6139516,"São Paulo","pm1",0.2,"µg/m³","2026-06-23T05:00:00Z","2026-06-23T02:00:00-03:00","America/Sao_Paulo",-23.6473149,-46.6643635,,,,"AirGradient","AirGradient"
6139516,"São Paulo","pm1",1.3,"µg/m³","2026-06-23T06:00:00Z","2026-06-23T03:00:00-03:00","America/Sao_Paulo",-23.6473149,-46.6643635,,,,"AirGradient","AirGradient"
6139516,"São Paulo","pm1",4.7,"µg/m³","2026-06-23T07:00:00Z","2026-06-23T04:00:00-03:00","America/Sao_Paulo",-23.6473149,-46.6643635,,,,"AirGradient","AirGradient"
6139516,"São Paulo","pm1",5.2,"µg/m³","2026-06-23T08:00:00Z","2026-06-23T05:00:00-03:00","America/Sao_Paulo",-23.6473149,-46.6643635,,,,"AirGradient","AirGradient"
6139516,"São Paulo","pm1",4.4,"µg/m³","2026-06-23T09:00:00Z","2026-06-23T06:00:00-03:00","America/Sao_Paulo",-23.6473149,-46.6643635,,,,"AirGradient","AirGradient"
6139516,"São Paulo","pm1",3.6,"µg/m³","2026-06-23T10:00:00Z","2026-06-23T07:00:00-03:00","America/Sao_Paulo",-23.6473149,-46.6643635,,,,"AirGradient","AirGradient"
6139516,"São Paulo","pm1",11.2,"µg/m³","2026-06-23T11:00:00Z","2026-06-23T08:00:00-03:00","America/Sao_Paulo",-23.6473149,-46.6643635,,,,"AirGradient","AirGradient"
6139516,"São Paulo","pm1",22,"µg/m³","2026-06-23T12:00:00Z","2026-06-23T09:00:00-03:00","America/Sao_Paulo",-23.6473149,-46.6643635,,,,"AirGradient","AirGradient"
6139516,"São Paulo","pm1",6,"µg/m³","2026-06-23T13:00:00Z","2026-06-23T10:00:00-03:00","America/Sao_Paulo",-23.6473149,-46.6643635,,,,"AirGradient","AirGradient"
6139516,"São Paulo","pm1",13,"µg/m³","2026-06-23T14:00:00Z","2026-06-23T11:00:00-03:00","America/Sao_Paulo",-23.6473149,-46.6643635,,,,"AirGradient","AirGradient"
6139516,"São Paulo","pm1",13,"µg/m³","2026-06-23T15:00:00Z","2026-06-23T12:00:00-03:00","America/Sao_Paulo",-23.6473149,-46.6643635,,,,"AirGradient","AirGradient"
6139516,"São Paulo","pm1",10.1,"µg/m³","2026-06-23T16:00:00Z","2026-06-23T13:00:00-03:00","America/Sao_Paulo",-23.6473149,-46.6643635,,,,"AirGradient","AirGradient"
6139516,"São Paulo","pm1",15.5,"µg/m³","2026-06-23T17:00:00Z","2026-06-23T14:00:00-03:00","America/Sao_Paulo",-23.6473149,-46.6643635,,,,"AirGradient","AirGradient"
6139516,"São Paulo","pm1",7.4,"µg/m³","2026-06-23T18:00:00Z","2026-06-23T15:00:00-03:00","America/Sao_Paulo",-23.6473149,-46.6643635,,,,"AirGradient","AirGradient"
6139516,"São Paulo","pm1",7.1,"µg/m³","2026-06-23T19:00:00Z","2026-06-23T16:00:00-03:00","America/Sao_Paulo",-23.6473149,-46.6643635,,,,"AirGradient","AirGradient"
6139516,"São Paulo","pm1",0,"µg/m³","2026-06-23T20:00:00Z","2026-06-23T17:00:00-03:00","America/Sao_Paulo",-23.6473149,-46.6643635,,,,"AirGradient","AirGradient"
6139516,"São Paulo","pm1",0,"µg/m³","2026-06-23T21:00:00Z","2026-06-23T18:00:00-03:00","America/Sao_Paulo",-23.6473149,-46.6643635,,,,"AirGradient","AirGradient"
6139516,"São Paulo","pm1",0,"µg/m³","2026-06-23T22:00:00Z","2026-06-23T19:00:00-03:00","America/Sao_Paulo",-23.6473149,-46.6643635,,,,"AirGradient","AirGradient"
6139516,"São Paulo","pm1",0,"µg/m³","2026-06-23T23:00:00Z","2026-06-23T20:00:00-03:00","America/Sao_Paulo",-23.6473149,-46.6643635,,,,"AirGradient","AirGradient"
6139516,"São Paulo","pm1",0,"µg/m³","2026-06-24T00:00:00Z","2026-06-23T21:00:00-03:00","America/Sao_Paulo",-23.6473149,-46.6643635,,,,"AirGradient","AirGradient"
6139516,"São Paulo","pm1",0,"µg/m³","2026-06-24T01:00:00Z","2026-06-23T22:00:00-03:00","America/Sao_Paulo",-23.6473149,-46.6643635,,,,"AirGradient","AirGradient"
6139516,"São Paulo","pm1",0,"µg/m³","2026-06-24T02:00:00Z","2026-06-23T23:00:00-03:00","America/Sao_Paulo",-23.6473149,-46.6643635,,,,"AirGradient","AirGradient"
6139516,"São Paulo","pm1",0,"µg/m³","2026-06-24T03:00:00Z","2026-06-24T00:00:00-03:00","America/Sao_Paulo",-23.6473149,-46.6643635,,,,"AirGradient","AirGradient"
6139516,"São Paulo","pm1",0,"µg/m³","2026-06-24T04:00:00Z","2026-06-24T01:00:00-03:00","America/Sao_Paulo",-23.6473149,-46.6643635,,,,"AirGradient","AirGradient"
6139516,"São Paulo","pm1",0,"µg/m³","2026-06-24T05:00:00Z","2026-06-24T02:00:00-03:00","America/Sao_Paulo",-23.6473149,-46.6643635,,,,"AirGradient","AirGradient"
6139516,"São Paulo","pm1",0,"µg/m³","2026-06-24T06:00:00Z","2026-06-24T03:00:00-03:00","America/Sao_Paulo",-23.6473149,-46.6643635,,,,"AirGradient","AirGradient"
6139516,"São Paulo","pm1",0,"µg/m³","2026-06-24T07:00:00Z","2026-06-24T04:00:00-03:00","America/Sao_Paulo",-23.6473149,-46.6643635,,,,"AirGradient","AirGradient"
6139516,"São Paulo","pm1",0,"µg/m³","2026-06-24T08:00:00Z","2026-06-24T05:00:00-03:00","America/Sao_Paulo",-23.6473149,-46.6643635,,,,"AirGradient","AirGradient"
6139516,"São Paulo","pm1",0,"µg/m³","2026-06-24T09:00:00Z","2026-06-24T06:00:00-03:00","America/Sao_Paulo",-23.6473149,-46.6643635,,,,"AirGradient","AirGradient"
6139516,"São Paulo","pm1",0,"µg/m³","2026-06-24T10:00:00Z","2026-06-24T07:00:00-03:00","America/Sao_Paulo",-23.6473149,-46.6643635,,,,"AirGradient","AirGradient"
6139516,"São Paulo","pm1",0.1,"µg/m³","2026-06-24T11:00:00Z","2026-06-24T08:00:00-03:00","America/Sao_Paulo",-23.6473149,-46.6643635,,,,"AirGradient","AirGradient"
6139516,"São Paulo","pm1",0.1,"µg/m³","2026-06-24T12:00:00Z","2026-06-24T09:00:00-03:00","America/Sao_Paulo",-23.6473149,-46.6643635,,,,"AirGradient","AirGradient"
6139516,"São Paulo","pm1",0,"µg/m³","2026-06-24T13:00:00Z","2026-06-24T10:00:00-03:00","America/Sao_Paulo",-23.6473149,-46.6643635,,,,"AirGradient","AirGradient"
6139516,"São Paulo","pm1",0,"µg/m³","2026-06-24T14:00:00Z","2026-06-24T11:00:00-03:00","America/Sao_Paulo",-23.6473149,-46.6643635,,,,"AirGradient","AirGradient"
6139516,"São Paulo","pm1",0,"µg/m³","2026-06-24T15:00:00Z","2026-06-24T12:00:00-03:00","America/Sao_Paulo",-23.6473149,-46.6643635,,,,"AirGradient","AirGradient"
6139516,"São Paulo","pm1",0,"µg/m³","2026-06-24T16:00:00Z","2026-06-24T13:00:00-03:00","America/Sao_Paulo",-23.6473149,-46.6643635,,,,"AirGradient","AirGradient"
6139516,"São Paulo","pm1",0,"µg/m³","2026-06-24T17:00:00Z","2026-06-24T14:00:00-03:00","America/Sao_Paulo",-23.6473149,-46.6643635,,,,"AirGradient","AirGradient"
6139516,"São Paulo","pm1",0.1,"µg/m³","2026-06-24T18:00:00Z","2026-06-24T15:00:00-03:00","America/Sao_Paulo",-23.6473149,-46.6643635,,,,"AirGradient","AirGradient"
6139516,"São Paulo","pm1",0,"µg/m³","2026-06-24T19:00:00Z","2026-06-24T16:00:00-03:00","America/Sao_Paulo",-23.6473149,-46.6643635,,,,"AirGradient","AirGradient"
6139516,"São Paulo","pm1",0,"µg/m³","2026-06-24T20:00:00Z","2026-06-24T17:00:00-03:00","America/Sao_Paulo",-23.6473149,-46.6643635,,,,"AirGradient","AirGradient"
6139516,"São Paulo","pm1",0.1,"µg/m³","2026-06-24T21:00:00Z","2026-06-24T18:00:00-03:00","America/Sao_Paulo",-23.6473149,-46.6643635,,,,"AirGradient","AirGradient"
6139516,"São Paulo","pm1",0.3,"µg/m³","2026-06-24T22:00:00Z","2026-06-24T19:00:00-03:00","America/Sao_Paulo",-23.6473149,-46.6643635,,,,"AirGradient","AirGradient"
6139516,"São Paulo","pm1",0.9,"µg/m³","2026-06-24T23:00:00Z","2026-06-24T20:00:00-03:00","America/Sao_Paulo",-23.6473149,-46.6643635,,,,"AirGradient","AirGradient"
6139516,"São Paulo","pm1",1.6,"µg/m³","2026-06-25T00:00:00Z","2026-06-24T21:00:00-03:00","America/Sao_Paulo",-23.6473149,-46.6643635,,,,"AirGradient","AirGradient"
6139516,"São Paulo","pm25",43,"µg/m³","2026-05-24T01:00:00Z","2026-05-23T22:00:00-03:00","America/Sao_Paulo",-23.6473149,-46.6643635,,,,"AirGradient","AirGradient"
6139516,"São Paulo","pm25",45,"µg/m³","2026-05-24T02:00:00Z","2026-05-23T23:00:00-03:00","America/Sao_Paulo",-23.6473149,-46.6643635,,,,"AirGradient","AirGradient"
6139516,"São Paulo","pm25",39.4,"µg/m³","2026-05-24T03:00:00Z","2026-05-24T00:00:00-03:00","America/Sao_Paulo",-23.6473149,-46.6643635,,,,"AirGradient","AirGradient"
6139516,"São Paulo","pm25",43.3,"µg/m³","2026-05-24T04:00:00Z","2026-05-24T01:00:00-03:00","America/Sao_Paulo",-23.6473149,-46.6643635,,,,"AirGradient","AirGradient"
6139516,"São Paulo","pm25",49.2,"µg/m³","2026-05-24T05:00:00Z","2026-05-24T02:00:00-03:00","America/Sao_Paulo",-23.6473149,-46.6643635,,,,"AirGradient","AirGradient"
6139516,"São Paulo","pm25",46.3,"µg/m³","2026-05-24T06:00:00Z","2026-05-24T03:00:00-03:00","America/Sao_Paulo",-23.6473149,-46.6643635,,,,"AirGradient","AirGradient"
6139516,"São Paulo","pm25",40.9,"µg/m³","2026-05-24T07:00:00Z","2026-05-24T04:00:00-03:00","America/Sao_Paulo",-23.6473149,-46.6643635,,,,"AirGradient","AirGradient"
6139516,"São Paulo","pm25",35.2,"µg/m³","2026-05-24T08:00:00Z","2026-05-24T05:00:00-03:00","America/Sao_Paulo",-23.6473149,-46.6643635,,,,"AirGradient","AirGradient"
6139516,"São Paulo","pm25",39.2,"µg/m³","2026-05-24T09:00:00Z","2026-05-24T06:00:00-03:00","America/Sao_Paulo",-23.6473149,-46.6643635,,,,"AirGradient","AirGradient"
6139516,"São Paulo","pm25",36.8,"µg/m³","2026-05-24T10:00:00Z","2026-05-24T07:00:00-03:00","America/Sao_Paulo",-23.6473149,-46.6643635,,,,"AirGradient","AirGradient"
6139516,"São Paulo","pm25",34.7,"µg/m³","2026-05-24T11:00:00Z","2026-05-24T08:00:00-03:00","America/Sao_Paulo",-23.6473149,-46.6643635,,,,"AirGradient","AirGradient"
6139516,"São Paulo","pm25",35.2,"µg/m³","2026-05-24T12:00:00Z","2026-05-24T09:00:00-03:00","America/Sao_Paulo",-23.6473149,-46.6643635,,,,"AirGradient","AirGradient"
6139516,"São Paulo","pm25",40,"µg/m³","2026-05-24T13:00:00Z","2026-05-24T10:00:00-03:00","America/Sao_Paulo",-23.6473149,-46.6643635,,,,"AirGradient","AirGradient"
6139516,"São Paulo","pm25",21.7,"µg/m³","2026-05-24T14:00:00Z","2026-05-24T11:00:00-03:00","America/Sao_Paulo",-23.6473149,-46.6643635,,,,"AirGradient","AirGradient"
6139516,"São Paulo","pm25",16.5,"µg/m³","2026-05-24T15:00:00Z","2026-05-24T12:00:00-03:00","America/Sao_Paulo",-23.6473149,-46.6643635,,,,"AirGradient","AirGradient"
6139516,"São Paulo","pm25",11.5,"µg/m³","2026-05-24T16:00:00Z","2026-05-24T13:00:00-03:00","America/Sao_Paulo",-23.6473149,-46.6643635,,,,"AirGradient","AirGradient"
6139516,"São Paulo","pm25",15,"µg/m³","2026-05-24T17:00:00Z","2026-05-24T14:00:00-03:00","America/Sao_Paulo",-23.6473149,-46.6643635,,,,"AirGradient","AirGradient"
6139516,"São Paulo","pm25",11.6,"µg/m³","2026-05-24T18:00:00Z","2026-05-24T15:00:00-03:00","America/Sao_Paulo",-23.6473149,-46.6643635,,,,"AirGradient","AirGradient"
6139516,"São Paulo","pm25",22.5,"µg/m³","2026-05-24T19:00:00Z","2026-05-24T16:00:00-03:00","America/Sao_Paulo",-23.6473149,-46.6643635,,,,"AirGradient","AirGradient"
6139516,"São Paulo","pm25",28.7,"µg/m³","2026-05-24T20:00:00Z","2026-05-24T17:00:00-03:00","America/Sao_Paulo",-23.6473149,-46.6643635,,,,"AirGradient","AirGradient"
6139516,"São Paulo","pm25",22.1,"µg/m³","2026-05-24T21:00:00Z","2026-05-24T18:00:00-03:00","America/Sao_Paulo",-23.6473149,-46.6643635,,,,"AirGradient","AirGradient"
6139516,"São Paulo","pm25",20.6,"µg/m³","2026-05-24T22:00:00Z","2026-05-24T19:00:00-03:00","America/Sao_Paulo",-23.6473149,-46.6643635,,,,"AirGradient","AirGradient"
6139516,"São Paulo","pm25",33.2,"µg/m³","2026-05-24T23:00:00Z","2026-05-24T20:00:00-03:00","America/Sao_Paulo",-23.6473149,-46.6643635,,,,"AirGradient","AirGradient"
6139516,"São Paulo","pm25",34.3,"µg/m³","2026-05-25T00:00:00Z","2026-05-24T21:00:00-03:00","America/Sao_Paulo",-23.6473149,-46.6643635,,,,"AirGradient","AirGradient"
6139516,"São Paulo","pm25",21.4,"µg/m³","2026-05-25T01:00:00Z","2026-05-24T22:00:00-03:00","America/Sao_Paulo",-23.6473149,-46.6643635,,,,"AirGradient","AirGradient"
6139516,"São Paulo","pm25",0.3,"µg/m³","2026-05-25T02:00:00Z","2026-05-24T23:00:00-03:00","America/Sao_Paulo",-23.6473149,-46.6643635,,,,"AirGradient","AirGradient"
6139516,"São Paulo","pm25",0,"µg/m³","2026-05-25T03:00:00Z","2026-05-25T00:00:00-03:00","America/Sao_Paulo",-23.6473149,-46.6643635,,,,"AirGradient","AirGradient"
6139516,"São Paulo","pm25",0,"µg/m³","2026-05-25T04:00:00Z","2026-05-25T01:00:00-03:00","America/Sao_Paulo",-23.6473149,-46.6643635,,,,"AirGradient","AirGradient"
6139516,"São Paulo","pm25",0,"µg/m³","2026-05-25T05:00:00Z","2026-05-25T02:00:00-03:00","America/Sao_Paulo",-23.6473149,-46.6643635,,,,"AirGradient","AirGradient"
6139516,"São Paulo","pm25",0,"µg/m³","2026-05-25T06:00:00Z","2026-05-25T03:00:00-03:00","America/Sao_Paulo",-23.6473149,-46.6643635,,,,"AirGradient","AirGradient"
6139516,"São Paulo","pm25",0,"µg/m³","2026-05-25T07:00:00Z","2026-05-25T04:00:00-03:00","America/Sao_Paulo",-23.6473149,-46.6643635,,,,"AirGradient","AirGradient"
6139516,"São Paulo","pm25",0,"µg/m³","2026-05-25T08:00:00Z","2026-05-25T05:00:00-03:00","America/Sao_Paulo",-23.6473149,-46.6643635,,,,"AirGradient","AirGradient"
6139516,"São Paulo","pm25",4.4,"µg/m³","2026-05-25T09:00:00Z","2026-05-25T06:00:00-03:00","America/Sao_Paulo",-23.6473149,-46.6643635,,,,"AirGradient","AirGradient"
6139516,"São Paulo","pm25",4.8,"µg/m³","2026-05-25T10:00:00Z","2026-05-25T07:00:00-03:00","America/Sao_Paulo",-23.6473149,-46.6643635,,,,"AirGradient","AirGradient"
6139516,"São Paulo","pm25",17.4,"µg/m³","2026-05-25T11:00:00Z","2026-05-25T08:00:00-03:00","America/Sao_Paulo",-23.6473149,-46.6643635,,,,"AirGradient","AirGradient"
6139516,"São Paulo","pm25",30.2,"µg/m³","2026-05-25T12:00:00Z","2026-05-25T09:00:00-03:00","America/Sao_Paulo",-23.6473149,-46.6643635,,,,"AirGradient","AirGradient"
6139516,"São Paulo","pm25",36.6,"µg/m³","2026-05-25T13:00:00Z","2026-05-25T10:00:00-03:00","America/Sao_Paulo",-23.6473149,-46.6643635,,,,"AirGradient","AirGradient"
6139516,"São Paulo","pm25",34.3,"µg/m³","2026-05-25T14:00:00Z","2026-05-25T11:00:00-03:00","America/Sao_Paulo",-23.6473149,-46.6643635,,,,"AirGradient","AirGradient"
6139516,"São Paulo","pm25",33,"µg/m³","2026-05-25T15:00:00Z","2026-05-25T12:00:00-03:00","America/Sao_Paulo",-23.6473149,-46.6643635,,,,"AirGradient","AirGradient"
6139516,"São Paulo","pm25",38.3,"µg/m³","2026-05-25T16:00:00Z","2026-05-25T13:00:00-03:00","America/Sao_Paulo",-23.6473149,-46.6643635,,,,"AirGradient","AirGradient"
6139516,"São Paulo","pm25",39.9,"µg/m³","2026-05-25T17:00:00Z","2026-05-25T14:00:00-03:00","America/Sao_Paulo",-23.6473149,-46.6643635,,,,"AirGradient","AirGradient"
6139516,"São Paulo","pm25",44.4,"µg/m³","2026-05-25T18:00:00Z","2026-05-25T15:00:00-03:00","America/Sao_Paulo",-23.6473149,-46.6643635,,,,"AirGradient","AirGradient"
6139516,"São Paulo","pm25",39.6,"µg/m³","2026-05-25T19:00:00Z","2026-05-25T16:00:00-03:00","America/Sao_Paulo",-23.6473149,-46.6643635,,,,"AirGradient","AirGradient"
6139516,"São Paulo","pm25",37.2,"µg/m³","2026-05-25T20:00:00Z","2026-05-25T17:00:00-03:00","America/Sao_Paulo",-23.6473149,-46.6643635,,,,"AirGradient","AirGradient"
6139516,"São Paulo","pm25",38.9,"µg/m³","2026-05-25T21:00:00Z","2026-05-25T18:00:00-03:00","America/Sao_Paulo",-23.6473149,-46.6643635,,,,"AirGradient","AirGradient"
6139516,"São Paulo","pm25",30.1,"µg/m³","2026-05-25T22:00:00Z","2026-05-25T19:00:00-03:00","America/Sao_Paulo",-23.6473149,-46.6643635,,,,"AirGradient","AirGradient"
6139516,"São Paulo","pm25",25.7,"µg/m³","2026-05-25T23:00:00Z","2026-05-25T20:00:00-03:00","America/Sao_Paulo",-23.6473149,-46.6643635,,,,"AirGradient","AirGradient"
6139516,"São Paulo","pm25",36.7,"µg/m³","2026-05-26T00:00:00Z","2026-05-25T21:00:00-03:00","America/Sao_Paulo",-23.6473149,-46.6643635,,,,"AirGradient","AirGradient"
6139516,"São Paulo","pm25",23.6,"µg/m³","2026-05-26T01:00:00Z","2026-05-25T22:00:00-03:00","America/Sao_Paulo",-23.6473149,-46.6643635,,,,"AirGradient","AirGradient"
6139516,"São Paulo","pm25",28.2,"µg/m³","2026-05-26T02:00:00Z","2026-05-25T23:00:00-03:00","America/Sao_Paulo",-23.6473149,-46.6643635,,,,"AirGradient","AirGradient"
6139516,"São Paulo","pm25",34.2,"µg/m³","2026-05-26T03:00:00Z","2026-05-26T00:00:00-03:00","America/Sao_Paulo",-23.6473149,-46.6643635,,,,"AirGradient","AirGradient"
6139516,"São Paulo","pm25",33.7,"µg/m³","2026-05-26T04:00:00Z","2026-05-26T01:00:00-03:00","America/Sao_Paulo",-23.6473149,-46.6643635,,,,"AirGradient","AirGradient"
6139516,"São Paulo","pm25",29.2,"µg/m³","2026-05-26T05:00:00Z","2026-05-26T02:00:00-03:00","America/Sao_Paulo",-23.6473149,-46.6643635,,,,"AirGradient","AirGradient"
6139516,"São Paulo","pm25",31.8,"µg/m³","2026-05-26T06:00:00Z","2026-05-26T03:00:00-03:00","America/Sao_Paulo",-23.6473149,-46.6643635,,,,"AirGradient","AirGradient"
6139516,"São Paulo","pm25",31.5,"µg/m³","2026-05-26T07:00:00Z","2026-05-26T04:00:00-03:00","America/Sao_Paulo",-23.6473149,-46.6643635,,,,"AirGradient","AirGradient"
6139516,"São Paulo","pm25",33.5,"µg/m³","2026-05-26T08:00:00Z","2026-05-26T05:00:00-03:00","America/Sao_Paulo",-23.6473149,-46.6643635,,,,"AirGradient","AirGradient"
6139516,"São Paulo","pm25",28,"µg/m³","2026-05-26T09:00:00Z","2026-05-26T06:00:00-03:00","America/Sao_Paulo",-23.6473149,-46.6643635,,,,"AirGradient","AirGradient"
6139516,"São Paulo","pm25",27,"µg/m³","2026-05-26T10:00:00Z","2026-05-26T07:00:00-03:00","America/Sao_Paulo",-23.6473149,-46.6643635,,,,"AirGradient","AirGradient"
6139516,"São Paulo","pm25",26.9,"µg/m³","2026-05-26T11:00:00Z","2026-05-26T08:00:00-03:00","America/Sao_Paulo",-23.6473149,-46.6643635,,,,"AirGradient","AirGradient"
6139516,"São Paulo","pm25",28.3,"µg/m³","2026-05-26T12:00:00Z","2026-05-26T09:00:00-03:00","America/Sao_Paulo",-23.6473149,-46.6643635,,,,"AirGradient","AirGradient"
6139516,"São Paulo","pm25",33,"µg/m³","2026-05-26T13:00:00Z","2026-05-26T10:00:00-03:00","America/Sao_Paulo",-23.6473149,-46.6643635,,,,"AirGradient","AirGradient"
6139516,"São Paulo","pm25",29.7,"µg/m³","2026-05-26T14:00:00Z","2026-05-26T11:00:00-03:00","America/Sao_Paulo",-23.6473149,-46.6643635,,,,"AirGradient","AirGradient"
6139516,"São Paulo","pm25",25.8,"µg/m³","2026-05-26T15:00:00Z","2026-05-26T12:00:00-03:00","America/Sao_Paulo",-23.6473149,-46.6643635,,,,"AirGradient","AirGradient"
6139516,"São Paulo","pm25",19.9,"µg/m³","2026-05-26T16:00:00Z","2026-05-26T13:00:00-03:00","America/Sao_Paulo",-23.6473149,-46.6643635,,,,"AirGradient","AirGradient"
6139516,"São Paulo","pm25",7,"µg/m³","2026-05-26T17:00:00Z","2026-05-26T14:00:00-03:00","America/Sao_Paulo",-23.6473149,-46.6643635,,,,"AirGradient","AirGradient"
6139516,"São Paulo","pm25",7.7,"µg/m³","2026-05-26T18:00:00Z","2026-05-26T15:00:00-03:00","America/Sao_Paulo",-23.6473149,-46.6643635,,,,"AirGradient","AirGradient"
6139516,"São Paulo","pm25",4.8,"µg/m³","2026-05-26T19:00:00Z","2026-05-26T16:00:00-03:00","America/Sao_Paulo",-23.6473149,-46.6643635,,,,"AirGradient","AirGradient"
6139516,"São Paulo","pm25",5.9,"µg/m³","2026-05-26T20:00:00Z","2026-05-26T17:00:00-03:00","America/Sao_Paulo",-23.6473149,-46.6643635,,,,"AirGradient","AirGradient"
6139516,"São Paulo","pm25",16,"µg/m³","2026-05-26T21:00:00Z","2026-05-26T18:00:00-03:00","America/Sao_Paulo",-23.6473149,-46.6643635,,,,"AirGradient","AirGradient"
6139516,"São Paulo","pm25",17.6,"µg/m³","2026-05-26T22:00:00Z","2026-05-26T19:00:00-03:00","America/Sao_Paulo",-23.6473149,-46.6643635,,,,"AirGradient","AirGradient"
6139516,"São Paulo","pm25",28.8,"µg/m³","2026-05-26T23:00:00Z","2026-05-26T20:00:00-03:00","America/Sao_Paulo",-23.6473149,-46.6643635,,,,"AirGradient","AirGradient"
6139516,"São Paulo","pm25",35.2,"µg/m³","2026-05-27T00:00:00Z","2026-05-26T21:00:00-03:00","America/Sao_Paulo",-23.6473149,-46.6643635,,,,"AirGradient","AirGradient"
6139516,"São Paulo","pm25",39.6,"µg/m³","2026-05-27T01:00:00Z","2026-05-26T22:00:00-03:00","America/Sao_Paulo",-23.6473149,-46.6643635,,,,"AirGradient","AirGradient"
6139516,"São Paulo","pm25",44.8,"µg/m³","2026-05-27T02:00:00Z","2026-05-26T23:00:00-03:00","America/Sao_Paulo",-23.6473149,-46.6643635,,,,"AirGradient","AirGradient"
6139516,"São Paulo","pm25",27.9,"µg/m³","2026-05-27T03:00:00Z","2026-05-27T00:00:00-03:00","America/Sao_Paulo",-23.6473149,-46.6643635,,,,"AirGradient","AirGradient"
6139516,"São Paulo","pm25",25.3,"µg/m³","2026-05-27T04:00:00Z","2026-05-27T01:00:00-03:00","America/Sao_Paulo",-23.6473149,-46.6643635,,,,"AirGradient","AirGradient"
6139516,"São Paulo","pm25",32.4,"µg/m³","2026-05-27T05:00:00Z","2026-05-27T02:00:00-03:00","America/Sao_Paulo",-23.6473149,-46.6643635,,,,"AirGradient","AirGradient"
6139516,"São Paulo","pm25",32,"µg/m³","2026-05-27T06:00:00Z","2026-05-27T03:00:00-03:00","America/Sao_Paulo",-23.6473149,-46.6643635,,,,"AirGradient","AirGradient"
6139516,"São Paulo","pm25",32.8,"µg/m³","2026-05-27T07:00:00Z","2026-05-27T04:00:00-03:00","America/Sao_Paulo",-23.6473149,-46.6643635,,,,"AirGradient","AirGradient"
6139516,"São Paulo","pm25",35.2,"µg/m³","2026-05-27T08:00:00Z","2026-05-27T05:00:00-03:00","America/Sao_Paulo",-23.6473149,-46.6643635,,,,"AirGradient","AirGradient"
6139516,"São Paulo","pm25",38.3,"µg/m³","2026-05-27T09:00:00Z","2026-05-27T06:00:00-03:00","America/Sao_Paulo",-23.6473149,-46.6643635,,,,"AirGradient","AirGradient"
6139516,"São Paulo","pm25",40,"µg/m³","2026-05-27T10:00:00Z","2026-05-27T07:00:00-03:00","America/Sao_Paulo",-23.6473149,-46.6643635,,,,"AirGradient","AirGradient"
6139516,"São Paulo","pm25",41,"µg/m³","2026-05-27T11:00:00Z","2026-05-27T08:00:00-03:00","America/Sao_Paulo",-23.6473149,-46.6643635,,,,"AirGradient","AirGradient"
6139516,"São Paulo","pm25",38.8,"µg/m³","2026-05-27T12:00:00Z","2026-05-27T09:00:00-03:00","America/Sao_Paulo",-23.6473149,-46.6643635,,,,"AirGradient","AirGradient"
6139516,"São Paulo","pm25",18.3,"µg/m³","2026-05-27T13:00:00Z","2026-05-27T10:00:00-03:00","America/Sao_Paulo",-23.6473149,-46.6643635,,,,"AirGradient","AirGradient"
6139516,"São Paulo","pm25",6.9,"µg/m³","2026-05-27T14:00:00Z","2026-05-27T11:00:00-03:00","America/Sao_Paulo",-23.6473149,-46.6643635,,,,"AirGradient","AirGradient"
6139516,"São Paulo","pm25",7.2,"µg/m³","2026-05-27T15:00:00Z","2026-05-27T12:00:00-03:00","America/Sao_Paulo",-23.6473149,-46.6643635,,,,"AirGradient","AirGradient"
6139516,"São Paulo","pm25",6.5,"µg/m³","2026-05-27T16:00:00Z","2026-05-27T13:00:00-03:00","America/Sao_Paulo",-23.6473149,-46.6643635,,,,"AirGradient","AirGradient"
6139516,"São Paulo","pm25",4.1,"µg/m³","2026-05-27T17:00:00Z","2026-05-27T14:00:00-03:00","America/Sao_Paulo",-23.6473149,-46.6643635,,,,"AirGradient","AirGradient"
6139516,"São Paulo","pm25",1.2,"µg/m³","2026-05-27T18:00:00Z","2026-05-27T15:00:00-03:00","America/Sao_Paulo",-23.6473149,-46.6643635,,,,"AirGradient","AirGradient"
6139516,"São Paulo","pm25",0.6,"µg/m³","2026-05-27T19:00:00Z","2026-05-27T16:00:00-03:00","America/Sao_Paulo",-23.6473149,-46.6643635,,,,"AirGradient","AirGradient"
6139516,"São Paulo","pm25",0.1,"µg/m³","2026-05-27T20:00:00Z","2026-05-27T17:00:00-03:00","America/Sao_Paulo",-23.6473149,-46.6643635,,,,"AirGradient","AirGradient"
6139516,"São Paulo","pm25",1.8,"µg/m³","2026-05-27T21:00:00Z","2026-05-27T18:00:00-03:00","America/Sao_Paulo",-23.6473149,-46.6643635,,,,"AirGradient","AirGradient"
6139516,"São Paulo","pm25",2.6,"µg/m³","2026-05-27T22:00:00Z","2026-05-27T19:00:00-03:00","America/Sao_Paulo",-23.6473149,-46.6643635,,,,"AirGradient","AirGradient"
6139516,"São Paulo","pm25",0,"µg/m³","2026-05-27T23:00:00Z","2026-05-27T20:00:00-03:00","America/Sao_Paulo",-23.6473149,-46.6643635,,,,"AirGradient","AirGradient"
6139516,"São Paulo","pm25",0.6,"µg/m³","2026-05-28T00:00:00Z","2026-05-27T21:00:00-03:00","America/Sao_Paulo",-23.6473149,-46.6643635,,,,"AirGradient","AirGradient"
6139516,"São Paulo","pm25",0.2,"µg/m³","2026-05-28T01:00:00Z","2026-05-27T22:00:00-03:00","America/Sao_Paulo",-23.6473149,-46.6643635,,,,"AirGradient","AirGradient"
6139516,"São Paulo","pm25",0.1,"µg/m³","2026-05-28T02:00:00Z","2026-05-27T23:00:00-03:00","America/Sao_Paulo",-23.6473149,-46.6643635,,,,"AirGradient","AirGradient"
6139516,"São Paulo","pm25",0.9,"µg/m³","2026-05-28T03:00:00Z","2026-05-28T00:00:00-03:00","America/Sao_Paulo",-23.6473149,-46.6643635,,,,"AirGradient","AirGradient"
6139516,"São Paulo","pm25",0.7,"µg/m³","2026-05-28T04:00:00Z","2026-05-28T01:00:00-03:00","America/Sao_Paulo",-23.6473149,-46.6643635,,,,"AirGradient","AirGradient"
6139516,"São Paulo","pm25",0,"µg/m³","2026-05-28T05:00:00Z","2026-05-28T02:00:00-03:00","America/Sao_Paulo",-23.6473149,-46.6643635,,,,"AirGradient","AirGradient"
6139516,"São Paulo","pm25",0,"µg/m³","2026-05-28T06:00:00Z","2026-05-28T03:00:00-03:00","America/Sao_Paulo",-23.6473149,-46.6643635,,,,"AirGradient","AirGradient"
6139516,"São Paulo","pm25",0,"µg/m³","2026-05-28T07:00:00Z","2026-05-28T04:00:00-03:00","America/Sao_Paulo",-23.6473149,-46.6643635,,,,"AirGradient","AirGradient"
6139516,"São Paulo","pm25",0,"µg/m³","2026-05-28T08:00:00Z","2026-05-28T05:00:00-03:00","America/Sao_Paulo",-23.6473149,-46.6643635,,,,"AirGradient","AirGradient"
6139516,"São Paulo","pm25",0,"µg/m³","2026-05-28T09:00:00Z","2026-05-28T06:00:00-03:00","America/Sao_Paulo",-23.6473149,-46.6643635,,,,"AirGradient","AirGradient"
6139516,"São Paulo","pm25",0,"µg/m³","2026-05-28T10:00:00Z","2026-05-28T07:00:00-03:00","America/Sao_Paulo",-23.6473149,-46.6643635,,,,"AirGradient","AirGradient"
6139516,"São Paulo","pm25",0,"µg/m³","2026-05-28T11:00:00Z","2026-05-28T08:00:00-03:00","America/Sao_Paulo",-23.6473149,-46.6643635,,,,"AirGradient","AirGradient"
6139516,"São Paulo","pm25",0.5,"µg/m³","2026-05-28T12:00:00Z","2026-05-28T09:00:00-03:00","America/Sao_Paulo",-23.6473149,-46.6643635,,,,"AirGradient","AirGradient"
6139516,"São Paulo","pm25",0,"µg/m³","2026-05-28T13:00:00Z","2026-05-28T10:00:00-03:00","America/Sao_Paulo",-23.6473149,-46.6643635,,,,"AirGradient","AirGradient"
6139516,"São Paulo","pm25",0.1,"µg/m³","2026-05-28T14:00:00Z","2026-05-28T11:00:00-03:00","America/Sao_Paulo",-23.6473149,-46.6643635,,,,"AirGradient","AirGradient"
6139516,"São Paulo","pm25",0.1,"µg/m³","2026-05-28T15:00:00Z","2026-05-28T12:00:00-03:00","America/Sao_Paulo",-23.6473149,-46.6643635,,,,"AirGradient","AirGradient"
6139516,"São Paulo","pm25",0.1,"µg/m³","2026-05-28T16:00:00Z","2026-05-28T13:00:00-03:00","America/Sao_Paulo",-23.6473149,-46.6643635,,,,"AirGradient","AirGradient"
6139516,"São Paulo","pm25",4.2,"µg/m³","2026-05-28T17:00:00Z","2026-05-28T14:00:00-03:00","America/Sao_Paulo",-23.6473149,-46.6643635,,,,"AirGradient","AirGradient"
6139516,"São Paulo","pm25",8.2,"µg/m³","2026-05-28T18:00:00Z","2026-05-28T15:00:00-03:00","America/Sao_Paulo",-23.6473149,-46.6643635,,,,"AirGradient","AirGradient"
6139516,"São Paulo","pm25",4.2,"µg/m³","2026-05-28T19:00:00Z","2026-05-28T16:00:00-03:00","America/Sao_Paulo",-23.6473149,-46.6643635,,,,"AirGradient","AirGradient"
6139516,"São Paulo","pm25",6,"µg/m³","2026-05-28T20:00:00Z","2026-05-28T17:00:00-03:00","America/Sao_Paulo",-23.6473149,-46.6643635,,,,"AirGradient","AirGradient"
6139516,"São Paulo","pm25",14,"µg/m³","2026-05-28T21:00:00Z","2026-05-28T18:00:00-03:00","America/Sao_Paulo",-23.6473149,-46.6643635,,,,"AirGradient","AirGradient"
6139516,"São Paulo","pm25",9.2,"µg/m³","2026-05-28T22:00:00Z","2026-05-28T19:00:00-03:00","America/Sao_Paulo",-23.6473149,-46.6643635,,,,"AirGradient","AirGradient"
6139516,"São Paulo","pm25",3.8,"µg/m³","2026-05-28T23:00:00Z","2026-05-28T20:00:00-03:00","America/Sao_Paulo",-23.6473149,-46.6643635,,,,"AirGradient","AirGradient"
6139516,"São Paulo","pm25",13.2,"µg/m³","2026-05-29T00:00:00Z","2026-05-28T21:00:00-03:00","America/Sao_Paulo",-23.6473149,-46.6643635,,,,"AirGradient","AirGradient"
6139516,"São Paulo","pm25",17.5,"µg/m³","2026-05-29T01:00:00Z","2026-05-28T22:00:00-03:00","America/Sao_Paulo",-23.6473149,-46.6643635,,,,"AirGradient","AirGradient"
6139516,"São Paulo","pm25",13,"µg/m³","2026-05-29T02:00:00Z","2026-05-28T23:00:00-03:00","America/Sao_Paulo",-23.6473149,-46.6643635,,,,"AirGradient","AirGradient"
6139516,"São Paulo","pm25",8.2,"µg/m³","2026-05-29T03:00:00Z","2026-05-29T00:00:00-03:00","America/Sao_Paulo",-23.6473149,-46.6643635,,,,"AirGradient","AirGradient"
6139516,"São Paulo","pm25",5.8,"µg/m³","2026-05-29T04:00:00Z","2026-05-29T01:00:00-03:00","America/Sao_Paulo",-23.6473149,-46.6643635,,,,"AirGradient","AirGradient"
6139516,"São Paulo","pm25",8.4,"µg/m³","2026-05-29T05:00:00Z","2026-05-29T02:00:00-03:00","America/Sao_Paulo",-23.6473149,-46.6643635,,,,"AirGradient","AirGradient"
6139516,"São Paulo","pm25",5,"µg/m³","2026-05-29T06:00:00Z","2026-05-29T03:00:00-03:00","America/Sao_Paulo",-23.6473149,-46.6643635,,,,"AirGradient","AirGradient"
6139516,"São Paulo","pm25",0.7,"µg/m³","2026-05-29T07:00:00Z","2026-05-29T04:00:00-03:00","America/Sao_Paulo",-23.6473149,-46.6643635,,,,"AirGradient","AirGradient"
6139516,"São Paulo","pm25",0.1,"µg/m³","2026-05-29T08:00:00Z","2026-05-29T05:00:00-03:00","America/Sao_Paulo",-23.6473149,-46.6643635,,,,"AirGradient","AirGradient"
6139516,"São Paulo","pm25",0.1,"µg/m³","2026-05-29T09:00:00Z","2026-05-29T06:00:00-03:00","America/Sao_Paulo",-23.6473149,-46.6643635,,,,"AirGradient","AirGradient"
6139516,"São Paulo","pm25",0,"µg/m³","2026-05-29T10:00:00Z","2026-05-29T07:00:00-03:00","America/Sao_Paulo",-23.6473149,-46.6643635,,,,"AirGradient","AirGradient"
6139516,"São Paulo","pm25",0.5,"µg/m³","2026-05-29T11:00:00Z","2026-05-29T08:00:00-03:00","America/Sao_Paulo",-23.6473149,-46.6643635,,,,"AirGradient","AirGradient"
6139516,"São Paulo","pm25",4,"µg/m³","2026-05-29T12:00:00Z","2026-05-29T09:00:00-03:00","America/Sao_Paulo",-23.6473149,-46.6643635,,,,"AirGradient","AirGradient"
6139516,"São Paulo","pm25",10.3,"µg/m³","2026-05-29T13:00:00Z","2026-05-29T10:00:00-03:00","America/Sao_Paulo",-23.6473149,-46.6643635,,,,"AirGradient","AirGradient"
6139516,"São Paulo","pm25",2.2,"µg/m³","2026-05-29T14:00:00Z","2026-05-29T11:00:00-03:00","America/Sao_Paulo",-23.6473149,-46.6643635,,,,"AirGradient","AirGradient"
6139516,"São Paulo","pm25",0.9,"µg/m³","2026-05-29T15:00:00Z","2026-05-29T12:00:00-03:00","America/Sao_Paulo",-23.6473149,-46.6643635,,,,"AirGradient","AirGradient"
6139516,"São Paulo","pm25",9.9,"µg/m³","2026-05-29T16:00:00Z","2026-05-29T13:00:00-03:00","America/Sao_Paulo",-23.6473149,-46.6643635,,,,"AirGradient","AirGradient"
6139516,"São Paulo","pm25",19.1,"µg/m³","2026-05-29T17:00:00Z","2026-05-29T14:00:00-03:00","America/Sao_Paulo",-23.6473149,-46.6643635,,,,"AirGradient","AirGradient"
6139516,"São Paulo","pm25",15.3,"µg/m³","2026-05-29T18:00:00Z","2026-05-29T15:00:00-03:00","America/Sao_Paulo",-23.6473149,-46.6643635,,,,"AirGradient","AirGradient"
6139516,"São Paulo","pm25",17.7,"µg/m³","2026-05-29T19:00:00Z","2026-05-29T16:00:00-03:00","America/Sao_Paulo",-23.6473149,-46.6643635,,,,"AirGradient","AirGradient"
6139516,"São Paulo","pm25",13,"µg/m³","2026-05-29T20:00:00Z","2026-05-29T17:00:00-03:00","America/Sao_Paulo",-23.6473149,-46.6643635,,,,"AirGradient","AirGradient"
6139516,"São Paulo","pm25",3.9,"µg/m³","2026-05-29T21:00:00Z","2026-05-29T18:00:00-03:00","America/Sao_Paulo",-23.6473149,-46.6643635,,,,"AirGradient","AirGradient"
6139516,"São Paulo","pm25",1.3,"µg/m³","2026-05-29T22:00:00Z","2026-05-29T19:00:00-03:00","America/Sao_Paulo",-23.6473149,-46.6643635,,,,"AirGradient","AirGradient"
6139516,"São Paulo","pm25",5.7,"µg/m³","2026-05-29T23:00:00Z","2026-05-29T20:00:00-03:00","America/Sao_Paulo",-23.6473149,-46.6643635,,,,"AirGradient","AirGradient"
6139516,"São Paulo","pm25",8.4,"µg/m³","2026-05-30T00:00:00Z","2026-05-29T21:00:00-03:00","America/Sao_Paulo",-23.6473149,-46.6643635,,,,"AirGradient","AirGradient"
6139516,"São Paulo","pm25",6.2,"µg/m³","2026-05-30T01:00:00Z","2026-05-29T22:00:00-03:00","America/Sao_Paulo",-23.6473149,-46.6643635,,,,"AirGradient","AirGradient"
6139516,"São Paulo","pm25",12.3,"µg/m³","2026-05-30T02:00:00Z","2026-05-29T23:00:00-03:00","America/Sao_Paulo",-23.6473149,-46.6643635,,,,"AirGradient","AirGradient"
6139516,"São Paulo","pm25",5.4,"µg/m³","2026-05-30T03:00:00Z","2026-05-30T00:00:00-03:00","America/Sao_Paulo",-23.6473149,-46.6643635,,,,"AirGradient","AirGradient"
6139516,"São Paulo","pm25",6.9,"µg/m³","2026-05-30T04:00:00Z","2026-05-30T01:00:00-03:00","America/Sao_Paulo",-23.6473149,-46.6643635,,,,"AirGradient","AirGradient"
6139516,"São Paulo","pm25",2.8,"µg/m³","2026-05-30T05:00:00Z","2026-05-30T02:00:00-03:00","America/Sao_Paulo",-23.6473149,-46.6643635,,,,"AirGradient","AirGradient"
6139516,"São Paulo","pm25",1.9,"µg/m³","2026-05-30T06:00:00Z","2026-05-30T03:00:00-03:00","America/Sao_Paulo",-23.6473149,-46.6643635,,,,"AirGradient","AirGradient"
6139516,"São Paulo","pm25",4,"µg/m³","2026-05-30T07:00:00Z","2026-05-30T04:00:00-03:00","America/Sao_Paulo",-23.6473149,-46.6643635,,,,"AirGradient","AirGradient"
6139516,"São Paulo","pm25",7,"µg/m³","2026-05-30T08:00:00Z","2026-05-30T05:00:00-03:00","America/Sao_Paulo",-23.6473149,-46.6643635,,,,"AirGradient","AirGradient"
6139516,"São Paulo","pm25",16,"µg/m³","2026-05-30T09:00:00Z","2026-05-30T06:00:00-03:00","America/Sao_Paulo",-23.6473149,-46.6643635,,,,"AirGradient","AirGradient"
6139516,"São Paulo","pm25",23,"µg/m³","2026-05-30T10:00:00Z","2026-05-30T07:00:00-03:00","America/Sao_Paulo",-23.6473149,-46.6643635,,,,"AirGradient","AirGradient"
6139516,"São Paulo","pm25",25,"µg/m³","2026-05-30T11:00:00Z","2026-05-30T08:00:00-03:00","America/Sao_Paulo",-23.6473149,-46.6643635,,,,"AirGradient","AirGradient"
6139516,"São Paulo","pm25",24.3,"µg/m³","2026-05-30T12:00:00Z","2026-05-30T09:00:00-03:00","America/Sao_Paulo",-23.6473149,-46.6643635,,,,"AirGradient","AirGradient"
6139516,"São Paulo","pm25",28.7,"µg/m³","2026-05-30T13:00:00Z","2026-05-30T10:00:00-03:00","America/Sao_Paulo",-23.6473149,-46.6643635,,,,"AirGradient","AirGradient"
6139516,"São Paulo","pm25",33.6,"µg/m³","2026-05-30T14:00:00Z","2026-05-30T11:00:00-03:00","America/Sao_Paulo",-23.6473149,-46.6643635,,,,"AirGradient","AirGradient"
6139516,"São Paulo","pm25",36.9,"µg/m³","2026-05-30T15:00:00Z","2026-05-30T12:00:00-03:00","America/Sao_Paulo",-23.6473149,-46.6643635,,,,"AirGradient","AirGradient"
6139516,"São Paulo","pm25",39.2,"µg/m³","2026-05-30T16:00:00Z","2026-05-30T13:00:00-03:00","America/Sao_Paulo",-23.6473149,-46.6643635,,,,"AirGradient","AirGradient"
6139516,"São Paulo","pm25",43.1,"µg/m³","2026-05-30T17:00:00Z","2026-05-30T14:00:00-03:00","America/Sao_Paulo",-23.6473149,-46.6643635,,,,"AirGradient","AirGradient"
6139516,"São Paulo","pm25",46.9,"µg/m³","2026-05-30T18:00:00Z","2026-05-30T15:00:00-03:00","America/Sao_Paulo",-23.6473149,-46.6643635,,,,"AirGradient","AirGradient"
6139516,"São Paulo","pm25",47.1,"µg/m³","2026-05-30T19:00:00Z","2026-05-30T16:00:00-03:00","America/Sao_Paulo",-23.6473149,-46.6643635,,,,"AirGradient","AirGradient"
6139516,"São Paulo","pm25",46.2,"µg/m³","2026-05-30T20:00:00Z","2026-05-30T17:00:00-03:00","America/Sao_Paulo",-23.6473149,-46.6643635,,,,"AirGradient","AirGradient"
6139516,"São Paulo","pm25",41.7,"µg/m³","2026-05-30T21:00:00Z","2026-05-30T18:00:00-03:00","America/Sao_Paulo",-23.6473149,-46.6643635,,,,"AirGradient","AirGradient"
6139516,"São Paulo","pm25",23.5,"µg/m³","2026-05-30T22:00:00Z","2026-05-30T19:00:00-03:00","America/Sao_Paulo",-23.6473149,-46.6643635,,,,"AirGradient","AirGradient"
6139516,"São Paulo","pm25",11.4,"µg/m³","2026-05-30T23:00:00Z","2026-05-30T20:00:00-03:00","America/Sao_Paulo",-23.6473149,-46.6643635,,,,"AirGradient","AirGradient"
6139516,"São Paulo","pm25",6.1,"µg/m³","2026-05-31T00:00:00Z","2026-05-30T21:00:00-03:00","America/Sao_Paulo",-23.6473149,-46.6643635,,,,"AirGradient","AirGradient"
6139516,"São Paulo","pm25",3.5,"µg/m³","2026-05-31T01:00:00Z","2026-05-30T22:00:00-03:00","America/Sao_Paulo",-23.6473149,-46.6643635,,,,"AirGradient","AirGradient"
6139516,"São Paulo","pm25",6.4,"µg/m³","2026-05-31T02:00:00Z","2026-05-30T23:00:00-03:00","America/Sao_Paulo",-23.6473149,-46.6643635,,,,"AirGradient","AirGradient"
6139516,"São Paulo","pm25",7.3,"µg/m³","2026-05-31T03:00:00Z","2026-05-31T00:00:00-03:00","America/Sao_Paulo",-23.6473149,-46.6643635,,,,"AirGradient","AirGradient"
6139516,"São Paulo","pm25",5.8,"µg/m³","2026-05-31T04:00:00Z","2026-05-31T01:00:00-03:00","America/Sao_Paulo",-23.6473149,-46.6643635,,,,"AirGradient","AirGradient"
6139516,"São Paulo","pm25",4.8,"µg/m³","2026-05-31T05:00:00Z","2026-05-31T02:00:00-03:00","America/Sao_Paulo",-23.6473149,-46.6643635,,,,"AirGradient","AirGradient"
6139516,"São Paulo","pm25",2,"µg/m³","2026-05-31T06:00:00Z","2026-05-31T03:00:00-03:00","America/Sao_Paulo",-23.6473149,-46.6643635,,,,"AirGradient","AirGradient"
6139516,"São Paulo","pm25",0.3,"µg/m³","2026-05-31T07:00:00Z","2026-05-31T04:00:00-03:00","America/Sao_Paulo",-23.6473149,-46.6643635,,,,"AirGradient","AirGradient"
6139516,"São Paulo","pm25",0,"µg/m³","2026-05-31T08:00:00Z","2026-05-31T05:00:00-03:00","America/Sao_Paulo",-23.6473149,-46.6643635,,,,"AirGradient","AirGradient"
6139516,"São Paulo","pm25",0,"µg/m³","2026-05-31T09:00:00Z","2026-05-31T06:00:00-03:00","America/Sao_Paulo",-23.6473149,-46.6643635,,,,"AirGradient","AirGradient"
6139516,"São Paulo","pm25",0.1,"µg/m³","2026-05-31T10:00:00Z","2026-05-31T07:00:00-03:00","America/Sao_Paulo",-23.6473149,-46.6643635,,,,"AirGradient","AirGradient"
6139516,"São Paulo","pm25",0.9,"µg/m³","2026-05-31T11:00:00Z","2026-05-31T08:00:00-03:00","America/Sao_Paulo",-23.6473149,-46.6643635,,,,"AirGradient","AirGradient"
6139516,"São Paulo","pm25",5,"µg/m³","2026-05-31T12:00:00Z","2026-05-31T09:00:00-03:00","America/Sao_Paulo",-23.6473149,-46.6643635,,,,"AirGradient","AirGradient"
6139516,"São Paulo","pm25",2.4,"µg/m³","2026-05-31T13:00:00Z","2026-05-31T10:00:00-03:00","America/Sao_Paulo",-23.6473149,-46.6643635,,,,"AirGradient","AirGradient"
6139516,"São Paulo","pm25",1.6,"µg/m³","2026-05-31T14:00:00Z","2026-05-31T11:00:00-03:00","America/Sao_Paulo",-23.6473149,-46.6643635,,,,"AirGradient","AirGradient"
6139516,"São Paulo","pm25",0,"µg/m³","2026-05-31T15:00:00Z","2026-05-31T12:00:00-03:00","America/Sao_Paulo",-23.6473149,-46.6643635,,,,"AirGradient","AirGradient"
6139516,"São Paulo","pm25",1.3,"µg/m³","2026-05-31T16:00:00Z","2026-05-31T13:00:00-03:00","America/Sao_Paulo",-23.6473149,-46.6643635,,,,"AirGradient","AirGradient"
6139516,"São Paulo","pm25",1.1,"µg/m³","2026-05-31T17:00:00Z","2026-05-31T14:00:00-03:00","America/Sao_Paulo",-23.6473149,-46.6643635,,,,"AirGradient","AirGradient"
6139516,"São Paulo","pm25",1.9,"µg/m³","2026-05-31T18:00:00Z","2026-05-31T15:00:00-03:00","America/Sao_Paulo",-23.6473149,-46.6643635,,,,"AirGradient","AirGradient"
6139516,"São Paulo","pm25",1.7,"µg/m³","2026-05-31T19:00:00Z","2026-05-31T16:00:00-03:00","America/Sao_Paulo",-23.6473149,-46.6643635,,,,"AirGradient","AirGradient"
6139516,"São Paulo","pm25",3.8,"µg/m³","2026-05-31T20:00:00Z","2026-05-31T17:00:00-03:00","America/Sao_Paulo",-23.6473149,-46.6643635,,,,"AirGradient","AirGradient"
6139516,"São Paulo","pm25",9.3,"µg/m³","2026-05-31T21:00:00Z","2026-05-31T18:00:00-03:00","America/Sao_Paulo",-23.6473149,-46.6643635,,,,"AirGradient","AirGradient"
6139516,"São Paulo","pm25",33.3,"µg/m³","2026-05-31T22:00:00Z","2026-05-31T19:00:00-03:00","America/Sao_Paulo",-23.6473149,-46.6643635,,,,"AirGradient","AirGradient"
6139516,"São Paulo","pm25",38.8,"µg/m³","2026-05-31T23:00:00Z","2026-05-31T20:00:00-03:00","America/Sao_Paulo",-23.6473149,-46.6643635,,,,"AirGradient","AirGradient"
6139516,"São Paulo","pm25",41.8,"µg/m³","2026-06-01T00:00:00Z","2026-05-31T21:00:00-03:00","America/Sao_Paulo",-23.6473149,-46.6643635,,,,"AirGradient","AirGradient"
6139516,"São Paulo","pm25",43.5,"µg/m³","2026-06-01T01:00:00Z","2026-05-31T22:00:00-03:00","America/Sao_Paulo",-23.6473149,-46.6643635,,,,"AirGradient","AirGradient"
6139516,"São Paulo","pm25",41.3,"µg/m³","2026-06-01T02:00:00Z","2026-05-31T23:00:00-03:00","America/Sao_Paulo",-23.6473149,-46.6643635,,,,"AirGradient","AirGradient"
6139516,"São Paulo","pm25",38.1,"µg/m³","2026-06-01T03:00:00Z","2026-06-01T00:00:00-03:00","America/Sao_Paulo",-23.6473149,-46.6643635,,,,"AirGradient","AirGradient"
6139516,"São Paulo","pm25",37,"µg/m³","2026-06-01T04:00:00Z","2026-06-01T01:00:00-03:00","America/Sao_Paulo",-23.6473149,-46.6643635,,,,"AirGradient","AirGradient"
6139516,"São Paulo","pm25",34,"µg/m³","2026-06-01T05:00:00Z","2026-06-01T02:00:00-03:00","America/Sao_Paulo",-23.6473149,-46.6643635,,,,"AirGradient","AirGradient"
6139516,"São Paulo","pm25",29.3,"µg/m³","2026-06-01T06:00:00Z","2026-06-01T03:00:00-03:00","America/Sao_Paulo",-23.6473149,-46.6643635,,,,"AirGradient","AirGradient"
6139516,"São Paulo","pm25",33.6,"µg/m³","2026-06-01T07:00:00Z","2026-06-01T04:00:00-03:00","America/Sao_Paulo",-23.6473149,-46.6643635,,,,"AirGradient","AirGradient"
6139516,"São Paulo","pm25",31.5,"µg/m³","2026-06-01T08:00:00Z","2026-06-01T05:00:00-03:00","America/Sao_Paulo",-23.6473149,-46.6643635,,,,"AirGradient","AirGradient"
6139516,"São Paulo","pm25",14.3,"µg/m³","2026-06-01T09:00:00Z","2026-06-01T06:00:00-03:00","America/Sao_Paulo",-23.6473149,-46.6643635,,,,"AirGradient","AirGradient"
6139516,"São Paulo","pm25",18,"µg/m³","2026-06-01T10:00:00Z","2026-06-01T07:00:00-03:00","America/Sao_Paulo",-23.6473149,-46.6643635,,,,"AirGradient","AirGradient"
6139516,"São Paulo","pm25",29.4,"µg/m³","2026-06-01T11:00:00Z","2026-06-01T08:00:00-03:00","America/Sao_Paulo",-23.6473149,-46.6643635,,,,"AirGradient","AirGradient"
6139516,"São Paulo","pm25",29.5,"µg/m³","2026-06-01T12:00:00Z","2026-06-01T09:00:00-03:00","America/Sao_Paulo",-23.6473149,-46.6643635,,,,"AirGradient","AirGradient"
6139516,"São Paulo","pm25",30.7,"µg/m³","2026-06-01T13:00:00Z","2026-06-01T10:00:00-03:00","America/Sao_Paulo",-23.6473149,-46.6643635,,,,"AirGradient","AirGradient"
6139516,"São Paulo","pm25",27,"µg/m³","2026-06-01T14:00:00Z","2026-06-01T11:00:00-03:00","America/Sao_Paulo",-23.6473149,-46.6643635,,,,"AirGradient","AirGradient"
6139516,"São Paulo","pm25",26.5,"µg/m³","2026-06-01T15:00:00Z","2026-06-01T12:00:00-03:00","America/Sao_Paulo",-23.6473149,-46.6643635,,,,"AirGradient","AirGradient"
6139516,"São Paulo","pm25",27.4,"µg/m³","2026-06-01T16:00:00Z","2026-06-01T13:00:00-03:00","America/Sao_Paulo",-23.6473149,-46.6643635,,,,"AirGradient","AirGradient"
6139516,"São Paulo","pm25",22.7,"µg/m³","2026-06-01T17:00:00Z","2026-06-01T14:00:00-03:00","America/Sao_Paulo",-23.6473149,-46.6643635,,,,"AirGradient","AirGradient"
6139516,"São Paulo","pm25",24,"µg/m³","2026-06-01T18:00:00Z","2026-06-01T15:00:00-03:00","America/Sao_Paulo",-23.6473149,-46.6643635,,,,"AirGradient","AirGradient"
6139516,"São Paulo","pm25",21.5,"µg/m³","2026-06-01T19:00:00Z","2026-06-01T16:00:00-03:00","America/Sao_Paulo",-23.6473149,-46.6643635,,,,"AirGradient","AirGradient"
6139516,"São Paulo","pm25",12.2,"µg/m³","2026-06-01T20:00:00Z","2026-06-01T17:00:00-03:00","America/Sao_Paulo",-23.6473149,-46.6643635,,,,"AirGradient","AirGradient"
6139516,"São Paulo","pm25",3.8,"µg/m³","2026-06-01T21:00:00Z","2026-06-01T18:00:00-03:00","America/Sao_Paulo",-23.6473149,-46.6643635,,,,"AirGradient","AirGradient"
6139516,"São Paulo","pm25",7.2,"µg/m³","2026-06-01T22:00:00Z","2026-06-01T19:00:00-03:00","America/Sao_Paulo",-23.6473149,-46.6643635,,,,"AirGradient","AirGradient"
6139516,"São Paulo","pm25",8.6,"µg/m³","2026-06-01T23:00:00Z","2026-06-01T20:00:00-03:00","America/Sao_Paulo",-23.6473149,-46.6643635,,,,"AirGradient","AirGradient"
6139516,"São Paulo","pm25",8.6,"µg/m³","2026-06-02T00:00:00Z","2026-06-01T21:00:00-03:00","America/Sao_Paulo",-23.6473149,-46.6643635,,,,"AirGradient","AirGradient"
6139516,"São Paulo","pm25",7,"µg/m³","2026-06-02T01:00:00Z","2026-06-01T22:00:00-03:00","America/Sao_Paulo",-23.6473149,-46.6643635,,,,"AirGradient","AirGradient"
6139516,"São Paulo","pm25",6.6,"µg/m³","2026-06-02T02:00:00Z","2026-06-01T23:00:00-03:00","America/Sao_Paulo",-23.6473149,-46.6643635,,,,"AirGradient","AirGradient"
6139516,"São Paulo","pm25",6.1,"µg/m³","2026-06-02T03:00:00Z","2026-06-02T00:00:00-03:00","America/Sao_Paulo",-23.6473149,-46.6643635,,,,"AirGradient","AirGradient"
6139516,"São Paulo","pm25",4.5,"µg/m³","2026-06-02T04:00:00Z","2026-06-02T01:00:00-03:00","America/Sao_Paulo",-23.6473149,-46.6643635,,,,"AirGradient","AirGradient"
6139516,"São Paulo","pm25",4.8,"µg/m³","2026-06-02T05:00:00Z","2026-06-02T02:00:00-03:00","America/Sao_Paulo",-23.6473149,-46.6643635,,,,"AirGradient","AirGradient"
6139516,"São Paulo","pm25",5.5,"µg/m³","2026-06-02T06:00:00Z","2026-06-02T03:00:00-03:00","America/Sao_Paulo",-23.6473149,-46.6643635,,,,"AirGradient","AirGradient"
6139516,"São Paulo","pm25",7.2,"µg/m³","2026-06-02T07:00:00Z","2026-06-02T04:00:00-03:00","America/Sao_Paulo",-23.6473149,-46.6643635,,,,"AirGradient","AirGradient"
6139516,"São Paulo","pm25",12,"µg/m³","2026-06-02T08:00:00Z","2026-06-02T05:00:00-03:00","America/Sao_Paulo",-23.6473149,-46.6643635,,,,"AirGradient","AirGradient"
6139516,"São Paulo","pm25",17.3,"µg/m³","2026-06-02T09:00:00Z","2026-06-02T06:00:00-03:00","America/Sao_Paulo",-23.6473149,-46.6643635,,,,"AirGradient","AirGradient"
6139516,"São Paulo","pm25",9.1,"µg/m³","2026-06-02T10:00:00Z","2026-06-02T07:00:00-03:00","America/Sao_Paulo",-23.6473149,-46.6643635,,,,"AirGradient","AirGradient"
6139516,"São Paulo","pm25",14.3,"µg/m³","2026-06-02T11:00:00Z","2026-06-02T08:00:00-03:00","America/Sao_Paulo",-23.6473149,-46.6643635,,,,"AirGradient","AirGradient"
6139516,"São Paulo","pm25",14.3,"µg/m³","2026-06-02T12:00:00Z","2026-06-02T09:00:00-03:00","America/Sao_Paulo",-23.6473149,-46.6643635,,,,"AirGradient","AirGradient"
6139516,"São Paulo","pm25",9.2,"µg/m³","2026-06-02T13:00:00Z","2026-06-02T10:00:00-03:00","America/Sao_Paulo",-23.6473149,-46.6643635,,,,"AirGradient","AirGradient"
6139516,"São Paulo","pm25",3.5,"µg/m³","2026-06-02T14:00:00Z","2026-06-02T11:00:00-03:00","America/Sao_Paulo",-23.6473149,-46.6643635,,,,"AirGradient","AirGradient"
6139516,"São Paulo","pm25",18.3,"µg/m³","2026-06-02T15:00:00Z","2026-06-02T12:00:00-03:00","America/Sao_Paulo",-23.6473149,-46.6643635,,,,"AirGradient","AirGradient"
6139516,"São Paulo","pm25",23.6,"µg/m³","2026-06-02T16:00:00Z","2026-06-02T13:00:00-03:00","America/Sao_Paulo",-23.6473149,-46.6643635,,,,"AirGradient","AirGradient"
6139516,"São Paulo","pm25",17.1,"µg/m³","2026-06-02T17:00:00Z","2026-06-02T14:00:00-03:00","America/Sao_Paulo",-23.6473149,-46.6643635,,,,"AirGradient","AirGradient"
6139516,"São Paulo","pm25",16.9,"µg/m³","2026-06-02T18:00:00Z","2026-06-02T15:00:00-03:00","America/Sao_Paulo",-23.6473149,-46.6643635,,,,"AirGradient","AirGradient"
6139516,"São Paulo","pm25",11,"µg/m³","2026-06-02T19:00:00Z","2026-06-02T16:00:00-03:00","America/Sao_Paulo",-23.6473149,-46.6643635,,,,"AirGradient","AirGradient"
6139516,"São Paulo","pm25",5.5,"µg/m³","2026-06-02T20:00:00Z","2026-06-02T17:00:00-03:00","America/Sao_Paulo",-23.6473149,-46.6643635,,,,"AirGradient","AirGradient"
6139516,"São Paulo","pm25",2.6,"µg/m³","2026-06-02T21:00:00Z","2026-06-02T18:00:00-03:00","America/Sao_Paulo",-23.6473149,-46.6643635,,,,"AirGradient","AirGradient"
6139516,"São Paulo","pm25",8.4,"µg/m³","2026-06-02T22:00:00Z","2026-06-02T19:00:00-03:00","America/Sao_Paulo",-23.6473149,-46.6643635,,,,"AirGradient","AirGradient"
6139516,"São Paulo","pm25",12.5,"µg/m³","2026-06-02T23:00:00Z","2026-06-02T20:00:00-03:00","America/Sao_Paulo",-23.6473149,-46.6643635,,,,"AirGradient","AirGradient"
6139516,"São Paulo","pm25",5.2,"µg/m³","2026-06-03T00:00:00Z","2026-06-02T21:00:00-03:00","America/Sao_Paulo",-23.6473149,-46.6643635,,,,"AirGradient","AirGradient"
6139516,"São Paulo","pm25",10.1,"µg/m³","2026-06-03T01:00:00Z","2026-06-02T22:00:00-03:00","America/Sao_Paulo",-23.6473149,-46.6643635,,,,"AirGradient","AirGradient"
6139516,"São Paulo","pm25",6.3,"µg/m³","2026-06-03T02:00:00Z","2026-06-02T23:00:00-03:00","America/Sao_Paulo",-23.6473149,-46.6643635,,,,"AirGradient","AirGradient"
6139516,"São Paulo","pm25",5.2,"µg/m³","2026-06-03T03:00:00Z","2026-06-03T00:00:00-03:00","America/Sao_Paulo",-23.6473149,-46.6643635,,,,"AirGradient","AirGradient"
6139516,"São Paulo","pm25",3.7,"µg/m³","2026-06-03T04:00:00Z","2026-06-03T01:00:00-03:00","America/Sao_Paulo",-23.6473149,-46.6643635,,,,"AirGradient","AirGradient"
6139516,"São Paulo","pm25",2.5,"µg/m³","2026-06-03T05:00:00Z","2026-06-03T02:00:00-03:00","America/Sao_Paulo",-23.6473149,-46.6643635,,,,"AirGradient","AirGradient"
6139516,"São Paulo","pm25",0.3,"µg/m³","2026-06-03T06:00:00Z","2026-06-03T03:00:00-03:00","America/Sao_Paulo",-23.6473149,-46.6643635,,,,"AirGradient","AirGradient"
6139516,"São Paulo","pm25",0.5,"µg/m³","2026-06-03T07:00:00Z","2026-06-03T04:00:00-03:00","America/Sao_Paulo",-23.6473149,-46.6643635,,,,"AirGradient","AirGradient"
6139516,"São Paulo","pm25",2.8,"µg/m³","2026-06-03T08:00:00Z","2026-06-03T05:00:00-03:00","America/Sao_Paulo",-23.6473149,-46.6643635,,,,"AirGradient","AirGradient"
6139516,"São Paulo","pm25",4,"µg/m³","2026-06-03T09:00:00Z","2026-06-03T06:00:00-03:00","America/Sao_Paulo",-23.6473149,-46.6643635,,,,"AirGradient","AirGradient"
6139516,"São Paulo","pm25",3.1,"µg/m³","2026-06-03T10:00:00Z","2026-06-03T07:00:00-03:00","America/Sao_Paulo",-23.6473149,-46.6643635,,,,"AirGradient","AirGradient"
6139516,"São Paulo","pm25",5.9,"µg/m³","2026-06-03T11:00:00Z","2026-06-03T08:00:00-03:00","America/Sao_Paulo",-23.6473149,-46.6643635,,,,"AirGradient","AirGradient"
6139516,"São Paulo","pm25",5.3,"µg/m³","2026-06-03T12:00:00Z","2026-06-03T09:00:00-03:00","America/Sao_Paulo",-23.6473149,-46.6643635,,,,"AirGradient","AirGradient"
6139516,"São Paulo","pm25",1.9,"µg/m³","2026-06-03T13:00:00Z","2026-06-03T10:00:00-03:00","America/Sao_Paulo",-23.6473149,-46.6643635,,,,"AirGradient","AirGradient"
6139516,"São Paulo","pm25",2.1,"µg/m³","2026-06-03T14:00:00Z","2026-06-03T11:00:00-03:00","America/Sao_Paulo",-23.6473149,-46.6643635,,,,"AirGradient","AirGradient"
6139516,"São Paulo","pm25",4,"µg/m³","2026-06-03T15:00:00Z","2026-06-03T12:00:00-03:00","America/Sao_Paulo",-23.6473149,-46.6643635,,,,"AirGradient","AirGradient"
6139516,"São Paulo","pm25",4.7,"µg/m³","2026-06-03T16:00:00Z","2026-06-03T13:00:00-03:00","America/Sao_Paulo",-23.6473149,-46.6643635,,,,"AirGradient","AirGradient"
6139516,"São Paulo","pm25",7.9,"µg/m³","2026-06-03T17:00:00Z","2026-06-03T14:00:00-03:00","America/Sao_Paulo",-23.6473149,-46.6643635,,,,"AirGradient","AirGradient"
6139516,"São Paulo","pm25",9.9,"µg/m³","2026-06-03T18:00:00Z","2026-06-03T15:00:00-03:00","America/Sao_Paulo",-23.6473149,-46.6643635,,,,"AirGradient","AirGradient"
6139516,"São Paulo","pm25",9.3,"µg/m³","2026-06-03T19:00:00Z","2026-06-03T16:00:00-03:00","America/Sao_Paulo",-23.6473149,-46.6643635,,,,"AirGradient","AirGradient"
6139516,"São Paulo","pm25",19.1,"µg/m³","2026-06-03T20:00:00Z","2026-06-03T17:00:00-03:00","America/Sao_Paulo",-23.6473149,-46.6643635,,,,"AirGradient","AirGradient"
6139516,"São Paulo","pm25",20.8,"µg/m³","2026-06-03T21:00:00Z","2026-06-03T18:00:00-03:00","America/Sao_Paulo",-23.6473149,-46.6643635,,,,"AirGradient","AirGradient"
6139516,"São Paulo","pm25",19,"µg/m³","2026-06-03T22:00:00Z","2026-06-03T19:00:00-03:00","America/Sao_Paulo",-23.6473149,-46.6643635,,,,"AirGradient","AirGradient"
6139516,"São Paulo","pm25",17.3,"µg/m³","2026-06-03T23:00:00Z","2026-06-03T20:00:00-03:00","America/Sao_Paulo",-23.6473149,-46.6643635,,,,"AirGradient","AirGradient"
6139516,"São Paulo","pm25",25.1,"µg/m³","2026-06-04T00:00:00Z","2026-06-03T21:00:00-03:00","America/Sao_Paulo",-23.6473149,-46.6643635,,,,"AirGradient","AirGradient"
6139516,"São Paulo","pm25",29.5,"µg/m³","2026-06-04T01:00:00Z","2026-06-03T22:00:00-03:00","America/Sao_Paulo",-23.6473149,-46.6643635,,,,"AirGradient","AirGradient"
6139516,"São Paulo","pm25",14.8,"µg/m³","2026-06-04T02:00:00Z","2026-06-03T23:00:00-03:00","America/Sao_Paulo",-23.6473149,-46.6643635,,,,"AirGradient","AirGradient"
6139516,"São Paulo","pm25",8.9,"µg/m³","2026-06-04T03:00:00Z","2026-06-04T00:00:00-03:00","America/Sao_Paulo",-23.6473149,-46.6643635,,,,"AirGradient","AirGradient"
6139516,"São Paulo","pm25",8.4,"µg/m³","2026-06-04T04:00:00Z","2026-06-04T01:00:00-03:00","America/Sao_Paulo",-23.6473149,-46.6643635,,,,"AirGradient","AirGradient"
6139516,"São Paulo","pm25",6.7,"µg/m³","2026-06-04T05:00:00Z","2026-06-04T02:00:00-03:00","America/Sao_Paulo",-23.6473149,-46.6643635,,,,"AirGradient","AirGradient"
6139516,"São Paulo","pm25",7.5,"µg/m³","2026-06-04T06:00:00Z","2026-06-04T03:00:00-03:00","America/Sao_Paulo",-23.6473149,-46.6643635,,,,"AirGradient","AirGradient"
6139516,"São Paulo","pm25",7.2,"µg/m³","2026-06-04T07:00:00Z","2026-06-04T04:00:00-03:00","America/Sao_Paulo",-23.6473149,-46.6643635,,,,"AirGradient","AirGradient"
6139516,"São Paulo","pm25",6.1,"µg/m³","2026-06-04T08:00:00Z","2026-06-04T05:00:00-03:00","America/Sao_Paulo",-23.6473149,-46.6643635,,,,"AirGradient","AirGradient"
6139516,"São Paulo","pm25",8.1,"µg/m³","2026-06-04T09:00:00Z","2026-06-04T06:00:00-03:00","America/Sao_Paulo",-23.6473149,-46.6643635,,,,"AirGradient","AirGradient"
6139516,"São Paulo","pm25",9.9,"µg/m³","2026-06-04T10:00:00Z","2026-06-04T07:00:00-03:00","America/Sao_Paulo",-23.6473149,-46.6643635,,,,"AirGradient","AirGradient"
6139516,"São Paulo","pm25",6.6,"µg/m³","2026-06-04T11:00:00Z","2026-06-04T08:00:00-03:00","America/Sao_Paulo",-23.6473149,-46.6643635,,,,"AirGradient","AirGradient"
6139516,"São Paulo","pm25",7,"µg/m³","2026-06-04T12:00:00Z","2026-06-04T09:00:00-03:00","America/Sao_Paulo",-23.6473149,-46.6643635,,,,"AirGradient","AirGradient"
6139516,"São Paulo","pm25",4.4,"µg/m³","2026-06-04T13:00:00Z","2026-06-04T10:00:00-03:00","America/Sao_Paulo",-23.6473149,-46.6643635,,,,"AirGradient","AirGradient"
6139516,"São Paulo","pm25",8.1,"µg/m³","2026-06-04T14:00:00Z","2026-06-04T11:00:00-03:00","America/Sao_Paulo",-23.6473149,-46.6643635,,,,"AirGradient","AirGradient"
6139516,"São Paulo","pm25",4.6,"µg/m³","2026-06-04T15:00:00Z","2026-06-04T12:00:00-03:00","America/Sao_Paulo",-23.6473149,-46.6643635,,,,"AirGradient","AirGradient"
6139516,"São Paulo","pm25",0.8,"µg/m³","2026-06-04T16:00:00Z","2026-06-04T13:00:00-03:00","America/Sao_Paulo",-23.6473149,-46.6643635,,,,"AirGradient","AirGradient"
6139516,"São Paulo","pm25",5.9,"µg/m³","2026-06-04T17:00:00Z","2026-06-04T14:00:00-03:00","America/Sao_Paulo",-23.6473149,-46.6643635,,,,"AirGradient","AirGradient"
6139516,"São Paulo","pm25",15.3,"µg/m³","2026-06-04T18:00:00Z","2026-06-04T15:00:00-03:00","America/Sao_Paulo",-23.6473149,-46.6643635,,,,"AirGradient","AirGradient"
6139516,"São Paulo","pm25",4.4,"µg/m³","2026-06-04T19:00:00Z","2026-06-04T16:00:00-03:00","America/Sao_Paulo",-23.6473149,-46.6643635,,,,"AirGradient","AirGradient"
6139516,"São Paulo","pm25",2.6,"µg/m³","2026-06-04T20:00:00Z","2026-06-04T17:00:00-03:00","America/Sao_Paulo",-23.6473149,-46.6643635,,,,"AirGradient","AirGradient"
6139516,"São Paulo","pm25",3.4,"µg/m³","2026-06-04T21:00:00Z","2026-06-04T18:00:00-03:00","America/Sao_Paulo",-23.6473149,-46.6643635,,,,"AirGradient","AirGradient"
6139516,"São Paulo","pm25",8.9,"µg/m³","2026-06-04T22:00:00Z","2026-06-04T19:00:00-03:00","America/Sao_Paulo",-23.6473149,-46.6643635,,,,"AirGradient","AirGradient"
6139516,"São Paulo","pm25",8.8,"µg/m³","2026-06-04T23:00:00Z","2026-06-04T20:00:00-03:00","America/Sao_Paulo",-23.6473149,-46.6643635,,,,"AirGradient","AirGradient"
6139516,"São Paulo","pm25",3.9,"µg/m³","2026-06-05T00:00:00Z","2026-06-04T21:00:00-03:00","America/Sao_Paulo",-23.6473149,-46.6643635,,,,"AirGradient","AirGradient"
6139516,"São Paulo","pm25",3.2,"µg/m³","2026-06-05T01:00:00Z","2026-06-04T22:00:00-03:00","America/Sao_Paulo",-23.6473149,-46.6643635,,,,"AirGradient","AirGradient"
6139516,"São Paulo","pm25",0.8,"µg/m³","2026-06-05T02:00:00Z","2026-06-04T23:00:00-03:00","America/Sao_Paulo",-23.6473149,-46.6643635,,,,"AirGradient","AirGradient"
6139516,"São Paulo","pm25",2.8,"µg/m³","2026-06-05T03:00:00Z","2026-06-05T00:00:00-03:00","America/Sao_Paulo",-23.6473149,-46.6643635,,,,"AirGradient","AirGradient"
6139516,"São Paulo","pm25",3.6,"µg/m³","2026-06-05T04:00:00Z","2026-06-05T01:00:00-03:00","America/Sao_Paulo",-23.6473149,-46.6643635,,,,"AirGradient","AirGradient"
6139516,"São Paulo","pm25",4.1,"µg/m³","2026-06-05T05:00:00Z","2026-06-05T02:00:00-03:00","America/Sao_Paulo",-23.6473149,-46.6643635,,,,"AirGradient","AirGradient"
6139516,"São Paulo","pm25",3.9,"µg/m³","2026-06-05T06:00:00Z","2026-06-05T03:00:00-03:00","America/Sao_Paulo",-23.6473149,-46.6643635,,,,"AirGradient","AirGradient"
6139516,"São Paulo","pm25",3.7,"µg/m³","2026-06-05T07:00:00Z","2026-06-05T04:00:00-03:00","America/Sao_Paulo",-23.6473149,-46.6643635,,,,"AirGradient","AirGradient"
6139516,"São Paulo","pm25",2.5,"µg/m³","2026-06-05T08:00:00Z","2026-06-05T05:00:00-03:00","America/Sao_Paulo",-23.6473149,-46.6643635,,,,"AirGradient","AirGradient"
6139516,"São Paulo","pm25",2.8,"µg/m³","2026-06-05T09:00:00Z","2026-06-05T06:00:00-03:00","America/Sao_Paulo",-23.6473149,-46.6643635,,,,"AirGradient","AirGradient"
6139516,"São Paulo","pm25",2,"µg/m³","2026-06-05T10:00:00Z","2026-06-05T07:00:00-03:00","America/Sao_Paulo",-23.6473149,-46.6643635,,,,"AirGradient","AirGradient"
6139516,"São Paulo","pm25",2.2,"µg/m³","2026-06-05T11:00:00Z","2026-06-05T08:00:00-03:00","America/Sao_Paulo",-23.6473149,-46.6643635,,,,"AirGradient","AirGradient"
6139516,"São Paulo","pm25",1.1,"µg/m³","2026-06-05T12:00:00Z","2026-06-05T09:00:00-03:00","America/Sao_Paulo",-23.6473149,-46.6643635,,,,"AirGradient","AirGradient"
6139516,"São Paulo","pm25",0.9,"µg/m³","2026-06-05T13:00:00Z","2026-06-05T10:00:00-03:00","America/Sao_Paulo",-23.6473149,-46.6643635,,,,"AirGradient","AirGradient"
6139516,"São Paulo","pm25",0.1,"µg/m³","2026-06-05T14:00:00Z","2026-06-05T11:00:00-03:00","America/Sao_Paulo",-23.6473149,-46.6643635,,,,"AirGradient","AirGradient"
6139516,"São Paulo","pm25",0,"µg/m³","2026-06-05T15:00:00Z","2026-06-05T12:00:00-03:00","America/Sao_Paulo",-23.6473149,-46.6643635,,,,"AirGradient","AirGradient"
6139516,"São Paulo","pm25",0,"µg/m³","2026-06-05T16:00:00Z","2026-06-05T13:00:00-03:00","America/Sao_Paulo",-23.6473149,-46.6643635,,,,"AirGradient","AirGradient"
6139516,"São Paulo","pm25",0,"µg/m³","2026-06-05T17:00:00Z","2026-06-05T14:00:00-03:00","America/Sao_Paulo",-23.6473149,-46.6643635,,,,"AirGradient","AirGradient"
6139516,"São Paulo","pm25",0.7,"µg/m³","2026-06-05T18:00:00Z","2026-06-05T15:00:00-03:00","America/Sao_Paulo",-23.6473149,-46.6643635,,,,"AirGradient","AirGradient"
6139516,"São Paulo","pm25",0.9,"µg/m³","2026-06-05T19:00:00Z","2026-06-05T16:00:00-03:00","America/Sao_Paulo",-23.6473149,-46.6643635,,,,"AirGradient","AirGradient"
6139516,"São Paulo","pm25",0.8,"µg/m³","2026-06-05T20:00:00Z","2026-06-05T17:00:00-03:00","America/Sao_Paulo",-23.6473149,-46.6643635,,,,"AirGradient","AirGradient"
6139516,"São Paulo","pm25",4.7,"µg/m³","2026-06-05T21:00:00Z","2026-06-05T18:00:00-03:00","America/Sao_Paulo",-23.6473149,-46.6643635,,,,"AirGradient","AirGradient"
6139516,"São Paulo","pm25",14.5,"µg/m³","2026-06-05T22:00:00Z","2026-06-05T19:00:00-03:00","America/Sao_Paulo",-23.6473149,-46.6643635,,,,"AirGradient","AirGradient"
6139516,"São Paulo","pm25",22,"µg/m³","2026-06-05T23:00:00Z","2026-06-05T20:00:00-03:00","America/Sao_Paulo",-23.6473149,-46.6643635,,,,"AirGradient","AirGradient"
6139516,"São Paulo","pm25",22.5,"µg/m³","2026-06-06T00:00:00Z","2026-06-05T21:00:00-03:00","America/Sao_Paulo",-23.6473149,-46.6643635,,,,"AirGradient","AirGradient"
6139516,"São Paulo","pm25",23.5,"µg/m³","2026-06-06T01:00:00Z","2026-06-05T22:00:00-03:00","America/Sao_Paulo",-23.6473149,-46.6643635,,,,"AirGradient","AirGradient"
6139516,"São Paulo","pm25",23.2,"µg/m³","2026-06-06T02:00:00Z","2026-06-05T23:00:00-03:00","America/Sao_Paulo",-23.6473149,-46.6643635,,,,"AirGradient","AirGradient"
6139516,"São Paulo","pm25",18.7,"µg/m³","2026-06-06T03:00:00Z","2026-06-06T00:00:00-03:00","America/Sao_Paulo",-23.6473149,-46.6643635,,,,"AirGradient","AirGradient"
6139516,"São Paulo","pm25",26.4,"µg/m³","2026-06-06T04:00:00Z","2026-06-06T01:00:00-03:00","America/Sao_Paulo",-23.6473149,-46.6643635,,,,"AirGradient","AirGradient"
6139516,"São Paulo","pm25",16.2,"µg/m³","2026-06-06T05:00:00Z","2026-06-06T02:00:00-03:00","America/Sao_Paulo",-23.6473149,-46.6643635,,,,"AirGradient","AirGradient"
6139516,"São Paulo","pm25",25.5,"µg/m³","2026-06-06T06:00:00Z","2026-06-06T03:00:00-03:00","America/Sao_Paulo",-23.6473149,-46.6643635,,,,"AirGradient","AirGradient"
6139516,"São Paulo","pm25",20.5,"µg/m³","2026-06-06T07:00:00Z","2026-06-06T04:00:00-03:00","America/Sao_Paulo",-23.6473149,-46.6643635,,,,"AirGradient","AirGradient"
6139516,"São Paulo","pm25",27.7,"µg/m³","2026-06-06T08:00:00Z","2026-06-06T05:00:00-03:00","America/Sao_Paulo",-23.6473149,-46.6643635,,,,"AirGradient","AirGradient"
6139516,"São Paulo","pm25",29.8,"µg/m³","2026-06-06T09:00:00Z","2026-06-06T06:00:00-03:00","America/Sao_Paulo",-23.6473149,-46.6643635,,,,"AirGradient","AirGradient"
6139516,"São Paulo","pm25",32.8,"µg/m³","2026-06-06T10:00:00Z","2026-06-06T07:00:00-03:00","America/Sao_Paulo",-23.6473149,-46.6643635,,,,"AirGradient","AirGradient"
6139516,"São Paulo","pm25",45.5,"µg/m³","2026-06-06T11:00:00Z","2026-06-06T08:00:00-03:00","America/Sao_Paulo",-23.6473149,-46.6643635,,,,"AirGradient","AirGradient"
6139516,"São Paulo","pm25",33.9,"µg/m³","2026-06-06T12:00:00Z","2026-06-06T09:00:00-03:00","America/Sao_Paulo",-23.6473149,-46.6643635,,,,"AirGradient","AirGradient"
6139516,"São Paulo","pm25",18.6,"µg/m³","2026-06-06T13:00:00Z","2026-06-06T10:00:00-03:00","America/Sao_Paulo",-23.6473149,-46.6643635,,,,"AirGradient","AirGradient"
6139516,"São Paulo","pm25",17.7,"µg/m³","2026-06-06T14:00:00Z","2026-06-06T11:00:00-03:00","America/Sao_Paulo",-23.6473149,-46.6643635,,,,"AirGradient","AirGradient"
6139516,"São Paulo","pm25",11.6,"µg/m³","2026-06-06T15:00:00Z","2026-06-06T12:00:00-03:00","America/Sao_Paulo",-23.6473149,-46.6643635,,,,"AirGradient","AirGradient"
6139516,"São Paulo","pm25",14.8,"µg/m³","2026-06-06T16:00:00Z","2026-06-06T13:00:00-03:00","America/Sao_Paulo",-23.6473149,-46.6643635,,,,"AirGradient","AirGradient"
6139516,"São Paulo","pm25",18.3,"µg/m³","2026-06-06T17:00:00Z","2026-06-06T14:00:00-03:00","America/Sao_Paulo",-23.6473149,-46.6643635,,,,"AirGradient","AirGradient"
6139516,"São Paulo","pm25",26.1,"µg/m³","2026-06-06T18:00:00Z","2026-06-06T15:00:00-03:00","America/Sao_Paulo",-23.6473149,-46.6643635,,,,"AirGradient","AirGradient"
6139516,"São Paulo","pm25",13.1,"µg/m³","2026-06-06T19:00:00Z","2026-06-06T16:00:00-03:00","America/Sao_Paulo",-23.6473149,-46.6643635,,,,"AirGradient","AirGradient"
6139516,"São Paulo","pm25",16.7,"µg/m³","2026-06-06T20:00:00Z","2026-06-06T17:00:00-03:00","America/Sao_Paulo",-23.6473149,-46.6643635,,,,"AirGradient","AirGradient"
6139516,"São Paulo","pm25",17.4,"µg/m³","2026-06-06T21:00:00Z","2026-06-06T18:00:00-03:00","America/Sao_Paulo",-23.6473149,-46.6643635,,,,"AirGradient","AirGradient"
6139516,"São Paulo","pm25",23.9,"µg/m³","2026-06-06T22:00:00Z","2026-06-06T19:00:00-03:00","America/Sao_Paulo",-23.6473149,-46.6643635,,,,"AirGradient","AirGradient"
6139516,"São Paulo","pm25",27.1,"µg/m³","2026-06-06T23:00:00Z","2026-06-06T20:00:00-03:00","America/Sao_Paulo",-23.6473149,-46.6643635,,,,"AirGradient","AirGradient"
6139516,"São Paulo","pm25",40.8,"µg/m³","2026-06-07T00:00:00Z","2026-06-06T21:00:00-03:00","America/Sao_Paulo",-23.6473149,-46.6643635,,,,"AirGradient","AirGradient"
6139516,"São Paulo","pm25",44.3,"µg/m³","2026-06-07T01:00:00Z","2026-06-06T22:00:00-03:00","America/Sao_Paulo",-23.6473149,-46.6643635,,,,"AirGradient","AirGradient"
6139516,"São Paulo","pm25",45.1,"µg/m³","2026-06-07T02:00:00Z","2026-06-06T23:00:00-03:00","America/Sao_Paulo",-23.6473149,-46.6643635,,,,"AirGradient","AirGradient"
6139516,"São Paulo","pm25",47.1,"µg/m³","2026-06-07T03:00:00Z","2026-06-07T00:00:00-03:00","America/Sao_Paulo",-23.6473149,-46.6643635,,,,"AirGradient","AirGradient"
6139516,"São Paulo","pm25",44.1,"µg/m³","2026-06-07T04:00:00Z","2026-06-07T01:00:00-03:00","America/Sao_Paulo",-23.6473149,-46.6643635,,,,"AirGradient","AirGradient"
6139516,"São Paulo","pm25",45.8,"µg/m³","2026-06-07T05:00:00Z","2026-06-07T02:00:00-03:00","America/Sao_Paulo",-23.6473149,-46.6643635,,,,"AirGradient","AirGradient"
6139516,"São Paulo","pm25",45.6,"µg/m³","2026-06-07T06:00:00Z","2026-06-07T03:00:00-03:00","America/Sao_Paulo",-23.6473149,-46.6643635,,,,"AirGradient","AirGradient"
6139516,"São Paulo","pm25",50.1,"µg/m³","2026-06-07T07:00:00Z","2026-06-07T04:00:00-03:00","America/Sao_Paulo",-23.6473149,-46.6643635,,,,"AirGradient","AirGradient"
6139516,"São Paulo","pm25",54.3,"µg/m³","2026-06-07T08:00:00Z","2026-06-07T05:00:00-03:00","America/Sao_Paulo",-23.6473149,-46.6643635,,,,"AirGradient","AirGradient"
6139516,"São Paulo","pm25",54,"µg/m³","2026-06-07T09:00:00Z","2026-06-07T06:00:00-03:00","America/Sao_Paulo",-23.6473149,-46.6643635,,,,"AirGradient","AirGradient"
6139516,"São Paulo","pm25",52.3,"µg/m³","2026-06-07T10:00:00Z","2026-06-07T07:00:00-03:00","America/Sao_Paulo",-23.6473149,-46.6643635,,,,"AirGradient","AirGradient"
6139516,"São Paulo","pm25",50.8,"µg/m³","2026-06-07T11:00:00Z","2026-06-07T08:00:00-03:00","America/Sao_Paulo",-23.6473149,-46.6643635,,,,"AirGradient","AirGradient"
6139516,"São Paulo","pm25",48.8,"µg/m³","2026-06-07T12:00:00Z","2026-06-07T09:00:00-03:00","America/Sao_Paulo",-23.6473149,-46.6643635,,,,"AirGradient","AirGradient"
6139516,"São Paulo","pm25",46.7,"µg/m³","2026-06-07T13:00:00Z","2026-06-07T10:00:00-03:00","America/Sao_Paulo",-23.6473149,-46.6643635,,,,"AirGradient","AirGradient"
6139516,"São Paulo","pm25",31.2,"µg/m³","2026-06-07T14:00:00Z","2026-06-07T11:00:00-03:00","America/Sao_Paulo",-23.6473149,-46.6643635,,,,"AirGradient","AirGradient"
6139516,"São Paulo","pm25",24.8,"µg/m³","2026-06-07T15:00:00Z","2026-06-07T12:00:00-03:00","America/Sao_Paulo",-23.6473149,-46.6643635,,,,"AirGradient","AirGradient"
6139516,"São Paulo","pm25",22.4,"µg/m³","2026-06-07T16:00:00Z","2026-06-07T13:00:00-03:00","America/Sao_Paulo",-23.6473149,-46.6643635,,,,"AirGradient","AirGradient"
6139516,"São Paulo","pm25",20.5,"µg/m³","2026-06-07T17:00:00Z","2026-06-07T14:00:00-03:00","America/Sao_Paulo",-23.6473149,-46.6643635,,,,"AirGradient","AirGradient"
6139516,"São Paulo","pm25",12.4,"µg/m³","2026-06-07T18:00:00Z","2026-06-07T15:00:00-03:00","America/Sao_Paulo",-23.6473149,-46.6643635,,,,"AirGradient","AirGradient"
6139516,"São Paulo","pm25",11.5,"µg/m³","2026-06-07T19:00:00Z","2026-06-07T16:00:00-03:00","America/Sao_Paulo",-23.6473149,-46.6643635,,,,"AirGradient","AirGradient"
6139516,"São Paulo","pm25",8,"µg/m³","2026-06-07T20:00:00Z","2026-06-07T17:00:00-03:00","America/Sao_Paulo",-23.6473149,-46.6643635,,,,"AirGradient","AirGradient"
6139516,"São Paulo","pm25",27.9,"µg/m³","2026-06-07T21:00:00Z","2026-06-07T18:00:00-03:00","America/Sao_Paulo",-23.6473149,-46.6643635,,,,"AirGradient","AirGradient"
6139516,"São Paulo","pm25",35.4,"µg/m³","2026-06-07T22:00:00Z","2026-06-07T19:00:00-03:00","America/Sao_Paulo",-23.6473149,-46.6643635,,,,"AirGradient","AirGradient"
6139516,"São Paulo","pm25",35.3,"µg/m³","2026-06-07T23:00:00Z","2026-06-07T20:00:00-03:00","America/Sao_Paulo",-23.6473149,-46.6643635,,,,"AirGradient","AirGradient"
6139516,"São Paulo","pm25",24.8,"µg/m³","2026-06-08T00:00:00Z","2026-06-07T21:00:00-03:00","America/Sao_Paulo",-23.6473149,-46.6643635,,,,"AirGradient","AirGradient"
6139516,"São Paulo","pm25",25.2,"µg/m³","2026-06-08T01:00:00Z","2026-06-07T22:00:00-03:00","America/Sao_Paulo",-23.6473149,-46.6643635,,,,"AirGradient","AirGradient"
6139516,"São Paulo","pm25",26.3,"µg/m³","2026-06-08T02:00:00Z","2026-06-07T23:00:00-03:00","America/Sao_Paulo",-23.6473149,-46.6643635,,,,"AirGradient","AirGradient"
6139516,"São Paulo","pm25",27.6,"µg/m³","2026-06-08T03:00:00Z","2026-06-08T00:00:00-03:00","America/Sao_Paulo",-23.6473149,-46.6643635,,,,"AirGradient","AirGradient"
6139516,"São Paulo","pm25",26.7,"µg/m³","2026-06-08T04:00:00Z","2026-06-08T01:00:00-03:00","America/Sao_Paulo",-23.6473149,-46.6643635,,,,"AirGradient","AirGradient"
6139516,"São Paulo","pm25",16.1,"µg/m³","2026-06-08T05:00:00Z","2026-06-08T02:00:00-03:00","America/Sao_Paulo",-23.6473149,-46.6643635,,,,"AirGradient","AirGradient"
6139516,"São Paulo","pm25",11.1,"µg/m³","2026-06-08T06:00:00Z","2026-06-08T03:00:00-03:00","America/Sao_Paulo",-23.6473149,-46.6643635,,,,"AirGradient","AirGradient"
6139516,"São Paulo","pm25",10.6,"µg/m³","2026-06-08T07:00:00Z","2026-06-08T04:00:00-03:00","America/Sao_Paulo",-23.6473149,-46.6643635,,,,"AirGradient","AirGradient"
6139516,"São Paulo","pm25",13.9,"µg/m³","2026-06-08T08:00:00Z","2026-06-08T05:00:00-03:00","America/Sao_Paulo",-23.6473149,-46.6643635,,,,"AirGradient","AirGradient"
6139516,"São Paulo","pm25",21.3,"µg/m³","2026-06-08T09:00:00Z","2026-06-08T06:00:00-03:00","America/Sao_Paulo",-23.6473149,-46.6643635,,,,"AirGradient","AirGradient"
6139516,"São Paulo","pm25",28.8,"µg/m³","2026-06-08T10:00:00Z","2026-06-08T07:00:00-03:00","America/Sao_Paulo",-23.6473149,-46.6643635,,,,"AirGradient","AirGradient"
6139516,"São Paulo","pm25",34.5,"µg/m³","2026-06-08T11:00:00Z","2026-06-08T08:00:00-03:00","America/Sao_Paulo",-23.6473149,-46.6643635,,,,"AirGradient","AirGradient"
6139516,"São Paulo","pm25",40,"µg/m³","2026-06-08T12:00:00Z","2026-06-08T09:00:00-03:00","America/Sao_Paulo",-23.6473149,-46.6643635,,,,"AirGradient","AirGradient"
6139516,"São Paulo","pm25",40.4,"µg/m³","2026-06-08T13:00:00Z","2026-06-08T10:00:00-03:00","America/Sao_Paulo",-23.6473149,-46.6643635,,,,"AirGradient","AirGradient"
6139516,"São Paulo","pm25",36,"µg/m³","2026-06-08T14:00:00Z","2026-06-08T11:00:00-03:00","America/Sao_Paulo",-23.6473149,-46.6643635,,,,"AirGradient","AirGradient"
6139516,"São Paulo","pm25",30.1,"µg/m³","2026-06-08T15:00:00Z","2026-06-08T12:00:00-03:00","America/Sao_Paulo",-23.6473149,-46.6643635,,,,"AirGradient","AirGradient"
6139516,"São Paulo","pm25",23.5,"µg/m³","2026-06-08T16:00:00Z","2026-06-08T13:00:00-03:00","America/Sao_Paulo",-23.6473149,-46.6643635,,,,"AirGradient","AirGradient"
6139516,"São Paulo","pm25",5.7,"µg/m³","2026-06-08T17:00:00Z","2026-06-08T14:00:00-03:00","America/Sao_Paulo",-23.6473149,-46.6643635,,,,"AirGradient","AirGradient"
6139516,"São Paulo","pm25",4.5,"µg/m³","2026-06-08T18:00:00Z","2026-06-08T15:00:00-03:00","America/Sao_Paulo",-23.6473149,-46.6643635,,,,"AirGradient","AirGradient"
6139516,"São Paulo","pm25",3.6,"µg/m³","2026-06-08T19:00:00Z","2026-06-08T16:00:00-03:00","America/Sao_Paulo",-23.6473149,-46.6643635,,,,"AirGradient","AirGradient"
6139516,"São Paulo","pm25",4.3,"µg/m³","2026-06-08T20:00:00Z","2026-06-08T17:00:00-03:00","America/Sao_Paulo",-23.6473149,-46.6643635,,,,"AirGradient","AirGradient"
6139516,"São Paulo","pm25",17.8,"µg/m³","2026-06-08T21:00:00Z","2026-06-08T18:00:00-03:00","America/Sao_Paulo",-23.6473149,-46.6643635,,,,"AirGradient","AirGradient"
6139516,"São Paulo","pm25",27.3,"µg/m³","2026-06-08T22:00:00Z","2026-06-08T19:00:00-03:00","America/Sao_Paulo",-23.6473149,-46.6643635,,,,"AirGradient","AirGradient"
6139516,"São Paulo","pm25",33.5,"µg/m³","2026-06-08T23:00:00Z","2026-06-08T20:00:00-03:00","America/Sao_Paulo",-23.6473149,-46.6643635,,,,"AirGradient","AirGradient"
6139516,"São Paulo","pm25",37.2,"µg/m³","2026-06-09T00:00:00Z","2026-06-08T21:00:00-03:00","America/Sao_Paulo",-23.6473149,-46.6643635,,,,"AirGradient","AirGradient"
6139516,"São Paulo","pm25",37.6,"µg/m³","2026-06-09T01:00:00Z","2026-06-08T22:00:00-03:00","America/Sao_Paulo",-23.6473149,-46.6643635,,,,"AirGradient","AirGradient"
6139516,"São Paulo","pm25",41.7,"µg/m³","2026-06-09T02:00:00Z","2026-06-08T23:00:00-03:00","America/Sao_Paulo",-23.6473149,-46.6643635,,,,"AirGradient","AirGradient"
6139516,"São Paulo","pm25",43.6,"µg/m³","2026-06-09T03:00:00Z","2026-06-09T00:00:00-03:00","America/Sao_Paulo",-23.6473149,-46.6643635,,,,"AirGradient","AirGradient"
6139516,"São Paulo","pm25",46.4,"µg/m³","2026-06-09T04:00:00Z","2026-06-09T01:00:00-03:00","America/Sao_Paulo",-23.6473149,-46.6643635,,,,"AirGradient","AirGradient"
6139516,"São Paulo","pm25",49.5,"µg/m³","2026-06-09T05:00:00Z","2026-06-09T02:00:00-03:00","America/Sao_Paulo",-23.6473149,-46.6643635,,,,"AirGradient","AirGradient"
6139516,"São Paulo","pm25",52.8,"µg/m³","2026-06-09T06:00:00Z","2026-06-09T03:00:00-03:00","America/Sao_Paulo",-23.6473149,-46.6643635,,,,"AirGradient","AirGradient"
6139516,"São Paulo","pm25",56.2,"µg/m³","2026-06-09T07:00:00Z","2026-06-09T04:00:00-03:00","America/Sao_Paulo",-23.6473149,-46.6643635,,,,"AirGradient","AirGradient"
6139516,"São Paulo","pm25",64.6,"µg/m³","2026-06-09T08:00:00Z","2026-06-09T05:00:00-03:00","America/Sao_Paulo",-23.6473149,-46.6643635,,,,"AirGradient","AirGradient"
6139516,"São Paulo","pm25",51.1,"µg/m³","2026-06-09T09:00:00Z","2026-06-09T06:00:00-03:00","America/Sao_Paulo",-23.6473149,-46.6643635,,,,"AirGradient","AirGradient"
6139516,"São Paulo","pm25",45.7,"µg/m³","2026-06-09T10:00:00Z","2026-06-09T07:00:00-03:00","America/Sao_Paulo",-23.6473149,-46.6643635,,,,"AirGradient","AirGradient"
6139516,"São Paulo","pm25",45.4,"µg/m³","2026-06-09T11:00:00Z","2026-06-09T08:00:00-03:00","America/Sao_Paulo",-23.6473149,-46.6643635,,,,"AirGradient","AirGradient"
6139516,"São Paulo","pm25",44.4,"µg/m³","2026-06-09T12:00:00Z","2026-06-09T09:00:00-03:00","America/Sao_Paulo",-23.6473149,-46.6643635,,,,"AirGradient","AirGradient"
6139516,"São Paulo","pm25",43.1,"µg/m³","2026-06-09T13:00:00Z","2026-06-09T10:00:00-03:00","America/Sao_Paulo",-23.6473149,-46.6643635,,,,"AirGradient","AirGradient"
6139516,"São Paulo","pm25",32.4,"µg/m³","2026-06-09T14:00:00Z","2026-06-09T11:00:00-03:00","America/Sao_Paulo",-23.6473149,-46.6643635,,,,"AirGradient","AirGradient"
6139516,"São Paulo","pm25",23.6,"µg/m³","2026-06-09T15:00:00Z","2026-06-09T12:00:00-03:00","America/Sao_Paulo",-23.6473149,-46.6643635,,,,"AirGradient","AirGradient"
6139516,"São Paulo","pm25",18.7,"µg/m³","2026-06-09T16:00:00Z","2026-06-09T13:00:00-03:00","America/Sao_Paulo",-23.6473149,-46.6643635,,,,"AirGradient","AirGradient"
6139516,"São Paulo","pm25",11.8,"µg/m³","2026-06-09T17:00:00Z","2026-06-09T14:00:00-03:00","America/Sao_Paulo",-23.6473149,-46.6643635,,,,"AirGradient","AirGradient"
6139516,"São Paulo","pm25",11.4,"µg/m³","2026-06-09T18:00:00Z","2026-06-09T15:00:00-03:00","America/Sao_Paulo",-23.6473149,-46.6643635,,,,"AirGradient","AirGradient"
6139516,"São Paulo","pm25",12.1,"µg/m³","2026-06-09T19:00:00Z","2026-06-09T16:00:00-03:00","America/Sao_Paulo",-23.6473149,-46.6643635,,,,"AirGradient","AirGradient"
6139516,"São Paulo","pm25",8.8,"µg/m³","2026-06-09T20:00:00Z","2026-06-09T17:00:00-03:00","America/Sao_Paulo",-23.6473149,-46.6643635,,,,"AirGradient","AirGradient"
6139516,"São Paulo","pm25",16.3,"µg/m³","2026-06-09T21:00:00Z","2026-06-09T18:00:00-03:00","America/Sao_Paulo",-23.6473149,-46.6643635,,,,"AirGradient","AirGradient"
6139516,"São Paulo","pm25",18.4,"µg/m³","2026-06-09T22:00:00Z","2026-06-09T19:00:00-03:00","America/Sao_Paulo",-23.6473149,-46.6643635,,,,"AirGradient","AirGradient"
6139516,"São Paulo","pm25",28.6,"µg/m³","2026-06-09T23:00:00Z","2026-06-09T20:00:00-03:00","America/Sao_Paulo",-23.6473149,-46.6643635,,,,"AirGradient","AirGradient"
6139516,"São Paulo","pm25",26.6,"µg/m³","2026-06-10T00:00:00Z","2026-06-09T21:00:00-03:00","America/Sao_Paulo",-23.6473149,-46.6643635,,,,"AirGradient","AirGradient"
6139516,"São Paulo","pm25",30.5,"µg/m³","2026-06-10T01:00:00Z","2026-06-09T22:00:00-03:00","America/Sao_Paulo",-23.6473149,-46.6643635,,,,"AirGradient","AirGradient"
6139516,"São Paulo","pm25",34,"µg/m³","2026-06-10T02:00:00Z","2026-06-09T23:00:00-03:00","America/Sao_Paulo",-23.6473149,-46.6643635,,,,"AirGradient","AirGradient"
6139516,"São Paulo","pm25",38.7,"µg/m³","2026-06-10T03:00:00Z","2026-06-10T00:00:00-03:00","America/Sao_Paulo",-23.6473149,-46.6643635,,,,"AirGradient","AirGradient"
6139516,"São Paulo","pm25",39.3,"µg/m³","2026-06-10T04:00:00Z","2026-06-10T01:00:00-03:00","America/Sao_Paulo",-23.6473149,-46.6643635,,,,"AirGradient","AirGradient"
6139516,"São Paulo","pm25",38.9,"µg/m³","2026-06-10T05:00:00Z","2026-06-10T02:00:00-03:00","America/Sao_Paulo",-23.6473149,-46.6643635,,,,"AirGradient","AirGradient"
6139516,"São Paulo","pm25",46,"µg/m³","2026-06-10T06:00:00Z","2026-06-10T03:00:00-03:00","America/Sao_Paulo",-23.6473149,-46.6643635,,,,"AirGradient","AirGradient"
6139516,"São Paulo","pm25",47,"µg/m³","2026-06-10T07:00:00Z","2026-06-10T04:00:00-03:00","America/Sao_Paulo",-23.6473149,-46.6643635,,,,"AirGradient","AirGradient"
6139516,"São Paulo","pm25",58.9,"µg/m³","2026-06-10T08:00:00Z","2026-06-10T05:00:00-03:00","America/Sao_Paulo",-23.6473149,-46.6643635,,,,"AirGradient","AirGradient"
6139516,"São Paulo","pm25",58.9,"µg/m³","2026-06-10T09:00:00Z","2026-06-10T06:00:00-03:00","America/Sao_Paulo",-23.6473149,-46.6643635,,,,"AirGradient","AirGradient"
6139516,"São Paulo","pm25",54.1,"µg/m³","2026-06-10T10:00:00Z","2026-06-10T07:00:00-03:00","America/Sao_Paulo",-23.6473149,-46.6643635,,,,"AirGradient","AirGradient"
6139516,"São Paulo","pm25",44.3,"µg/m³","2026-06-10T11:00:00Z","2026-06-10T08:00:00-03:00","America/Sao_Paulo",-23.6473149,-46.6643635,,,,"AirGradient","AirGradient"
6139516,"São Paulo","pm25",42.2,"µg/m³","2026-06-10T12:00:00Z","2026-06-10T09:00:00-03:00","America/Sao_Paulo",-23.6473149,-46.6643635,,,,"AirGradient","AirGradient"
6139516,"São Paulo","pm25",46.7,"µg/m³","2026-06-10T13:00:00Z","2026-06-10T10:00:00-03:00","America/Sao_Paulo",-23.6473149,-46.6643635,,,,"AirGradient","AirGradient"
6139516,"São Paulo","pm25",73.7,"µg/m³","2026-06-10T14:00:00Z","2026-06-10T11:00:00-03:00","America/Sao_Paulo",-23.6473149,-46.6643635,,,,"AirGradient","AirGradient"
6139516,"São Paulo","pm25",48.4,"µg/m³","2026-06-10T15:00:00Z","2026-06-10T12:00:00-03:00","America/Sao_Paulo",-23.6473149,-46.6643635,,,,"AirGradient","AirGradient"
6139516,"São Paulo","pm25",39.3,"µg/m³","2026-06-10T16:00:00Z","2026-06-10T13:00:00-03:00","America/Sao_Paulo",-23.6473149,-46.6643635,,,,"AirGradient","AirGradient"
6139516,"São Paulo","pm25",36.5,"µg/m³","2026-06-10T17:00:00Z","2026-06-10T14:00:00-03:00","America/Sao_Paulo",-23.6473149,-46.6643635,,,,"AirGradient","AirGradient"
6139516,"São Paulo","pm25",44.3,"µg/m³","2026-06-10T18:00:00Z","2026-06-10T15:00:00-03:00","America/Sao_Paulo",-23.6473149,-46.6643635,,,,"AirGradient","AirGradient"
6139516,"São Paulo","pm25",58.3,"µg/m³","2026-06-10T19:00:00Z","2026-06-10T16:00:00-03:00","America/Sao_Paulo",-23.6473149,-46.6643635,,,,"AirGradient","AirGradient"
6139516,"São Paulo","pm25",53.5,"µg/m³","2026-06-10T20:00:00Z","2026-06-10T17:00:00-03:00","America/Sao_Paulo",-23.6473149,-46.6643635,,,,"AirGradient","AirGradient"
6139516,"São Paulo","pm25",48.4,"µg/m³","2026-06-10T21:00:00Z","2026-06-10T18:00:00-03:00","America/Sao_Paulo",-23.6473149,-46.6643635,,,,"AirGradient","AirGradient"
6139516,"São Paulo","pm25",43.9,"µg/m³","2026-06-10T22:00:00Z","2026-06-10T19:00:00-03:00","America/Sao_Paulo",-23.6473149,-46.6643635,,,,"AirGradient","AirGradient"
6139516,"São Paulo","pm25",39,"µg/m³","2026-06-10T23:00:00Z","2026-06-10T20:00:00-03:00","America/Sao_Paulo",-23.6473149,-46.6643635,,,,"AirGradient","AirGradient"
6139516,"São Paulo","pm25",40.3,"µg/m³","2026-06-11T00:00:00Z","2026-06-10T21:00:00-03:00","America/Sao_Paulo",-23.6473149,-46.6643635,,,,"AirGradient","AirGradient"
6139516,"São Paulo","pm25",41.6,"µg/m³","2026-06-11T01:00:00Z","2026-06-10T22:00:00-03:00","America/Sao_Paulo",-23.6473149,-46.6643635,,,,"AirGradient","AirGradient"
6139516,"São Paulo","pm25",40.4,"µg/m³","2026-06-11T02:00:00Z","2026-06-10T23:00:00-03:00","America/Sao_Paulo",-23.6473149,-46.6643635,,,,"AirGradient","AirGradient"
6139516,"São Paulo","pm25",32.2,"µg/m³","2026-06-11T03:00:00Z","2026-06-11T00:00:00-03:00","America/Sao_Paulo",-23.6473149,-46.6643635,,,,"AirGradient","AirGradient"
6139516,"São Paulo","pm25",30,"µg/m³","2026-06-11T04:00:00Z","2026-06-11T01:00:00-03:00","America/Sao_Paulo",-23.6473149,-46.6643635,,,,"AirGradient","AirGradient"
6139516,"São Paulo","pm25",31,"µg/m³","2026-06-11T05:00:00Z","2026-06-11T02:00:00-03:00","America/Sao_Paulo",-23.6473149,-46.6643635,,,,"AirGradient","AirGradient"
6139516,"São Paulo","pm25",33.7,"µg/m³","2026-06-11T06:00:00Z","2026-06-11T03:00:00-03:00","America/Sao_Paulo",-23.6473149,-46.6643635,,,,"AirGradient","AirGradient"
6139516,"São Paulo","pm25",34.5,"µg/m³","2026-06-11T07:00:00Z","2026-06-11T04:00:00-03:00","America/Sao_Paulo",-23.6473149,-46.6643635,,,,"AirGradient","AirGradient"
6139516,"São Paulo","pm25",32.5,"µg/m³","2026-06-11T08:00:00Z","2026-06-11T05:00:00-03:00","America/Sao_Paulo",-23.6473149,-46.6643635,,,,"AirGradient","AirGradient"
6139516,"São Paulo","pm25",30.5,"µg/m³","2026-06-11T09:00:00Z","2026-06-11T06:00:00-03:00","America/Sao_Paulo",-23.6473149,-46.6643635,,,,"AirGradient","AirGradient"
6139516,"São Paulo","pm25",28.8,"µg/m³","2026-06-11T10:00:00Z","2026-06-11T07:00:00-03:00","America/Sao_Paulo",-23.6473149,-46.6643635,,,,"AirGradient","AirGradient"
6139516,"São Paulo","pm25",25.6,"µg/m³","2026-06-11T11:00:00Z","2026-06-11T08:00:00-03:00","America/Sao_Paulo",-23.6473149,-46.6643635,,,,"AirGradient","AirGradient"
6139516,"São Paulo","pm25",30.3,"µg/m³","2026-06-11T12:00:00Z","2026-06-11T09:00:00-03:00","America/Sao_Paulo",-23.6473149,-46.6643635,,,,"AirGradient","AirGradient"
6139516,"São Paulo","pm25",30.7,"µg/m³","2026-06-11T13:00:00Z","2026-06-11T10:00:00-03:00","America/Sao_Paulo",-23.6473149,-46.6643635,,,,"AirGradient","AirGradient"
6139516,"São Paulo","pm25",23.9,"µg/m³","2026-06-11T14:00:00Z","2026-06-11T11:00:00-03:00","America/Sao_Paulo",-23.6473149,-46.6643635,,,,"AirGradient","AirGradient"
6139516,"São Paulo","pm25",20.1,"µg/m³","2026-06-11T15:00:00Z","2026-06-11T12:00:00-03:00","America/Sao_Paulo",-23.6473149,-46.6643635,,,,"AirGradient","AirGradient"
6139516,"São Paulo","pm25",14.2,"µg/m³","2026-06-11T16:00:00Z","2026-06-11T13:00:00-03:00","America/Sao_Paulo",-23.6473149,-46.6643635,,,,"AirGradient","AirGradient"
6139516,"São Paulo","pm25",7.5,"µg/m³","2026-06-11T17:00:00Z","2026-06-11T14:00:00-03:00","America/Sao_Paulo",-23.6473149,-46.6643635,,,,"AirGradient","AirGradient"
6139516,"São Paulo","pm25",8.7,"µg/m³","2026-06-11T18:00:00Z","2026-06-11T15:00:00-03:00","America/Sao_Paulo",-23.6473149,-46.6643635,,,,"AirGradient","AirGradient"
6139516,"São Paulo","pm25",10.1,"µg/m³","2026-06-11T19:00:00Z","2026-06-11T16:00:00-03:00","America/Sao_Paulo",-23.6473149,-46.6643635,,,,"AirGradient","AirGradient"
6139516,"São Paulo","pm25",12.3,"µg/m³","2026-06-11T20:00:00Z","2026-06-11T17:00:00-03:00","America/Sao_Paulo",-23.6473149,-46.6643635,,,,"AirGradient","AirGradient"
6139516,"São Paulo","pm25",25.2,"µg/m³","2026-06-11T21:00:00Z","2026-06-11T18:00:00-03:00","America/Sao_Paulo",-23.6473149,-46.6643635,,,,"AirGradient","AirGradient"
6139516,"São Paulo","pm25",31.1,"µg/m³","2026-06-11T22:00:00Z","2026-06-11T19:00:00-03:00","America/Sao_Paulo",-23.6473149,-46.6643635,,,,"AirGradient","AirGradient"
6139516,"São Paulo","pm25",32.9,"µg/m³","2026-06-11T23:00:00Z","2026-06-11T20:00:00-03:00","America/Sao_Paulo",-23.6473149,-46.6643635,,,,"AirGradient","AirGradient"
6139516,"São Paulo","pm25",32.9,"µg/m³","2026-06-12T00:00:00Z","2026-06-11T21:00:00-03:00","America/Sao_Paulo",-23.6473149,-46.6643635,,,,"AirGradient","AirGradient"
6139516,"São Paulo","pm25",33.3,"µg/m³","2026-06-12T01:00:00Z","2026-06-11T22:00:00-03:00","America/Sao_Paulo",-23.6473149,-46.6643635,,,,"AirGradient","AirGradient"
6139516,"São Paulo","pm25",31.8,"µg/m³","2026-06-12T02:00:00Z","2026-06-11T23:00:00-03:00","America/Sao_Paulo",-23.6473149,-46.6643635,,,,"AirGradient","AirGradient"
6139516,"São Paulo","pm25",28.5,"µg/m³","2026-06-12T03:00:00Z","2026-06-12T00:00:00-03:00","America/Sao_Paulo",-23.6473149,-46.6643635,,,,"AirGradient","AirGradient"
6139516,"São Paulo","pm25",35.7,"µg/m³","2026-06-12T04:00:00Z","2026-06-12T01:00:00-03:00","America/Sao_Paulo",-23.6473149,-46.6643635,,,,"AirGradient","AirGradient"
6139516,"São Paulo","pm25",33.2,"µg/m³","2026-06-12T05:00:00Z","2026-06-12T02:00:00-03:00","America/Sao_Paulo",-23.6473149,-46.6643635,,,,"AirGradient","AirGradient"
6139516,"São Paulo","pm25",34.4,"µg/m³","2026-06-12T06:00:00Z","2026-06-12T03:00:00-03:00","America/Sao_Paulo",-23.6473149,-46.6643635,,,,"AirGradient","AirGradient"
6139516,"São Paulo","pm25",37.5,"µg/m³","2026-06-12T07:00:00Z","2026-06-12T04:00:00-03:00","America/Sao_Paulo",-23.6473149,-46.6643635,,,,"AirGradient","AirGradient"
6139516,"São Paulo","pm25",34.1,"µg/m³","2026-06-12T08:00:00Z","2026-06-12T05:00:00-03:00","America/Sao_Paulo",-23.6473149,-46.6643635,,,,"AirGradient","AirGradient"
6139516,"São Paulo","pm25",36.9,"µg/m³","2026-06-12T09:00:00Z","2026-06-12T06:00:00-03:00","America/Sao_Paulo",-23.6473149,-46.6643635,,,,"AirGradient","AirGradient"
6139516,"São Paulo","pm25",29.5,"µg/m³","2026-06-12T10:00:00Z","2026-06-12T07:00:00-03:00","America/Sao_Paulo",-23.6473149,-46.6643635,,,,"AirGradient","AirGradient"
6139516,"São Paulo","pm25",22,"µg/m³","2026-06-12T11:00:00Z","2026-06-12T08:00:00-03:00","America/Sao_Paulo",-23.6473149,-46.6643635,,,,"AirGradient","AirGradient"
6139516,"São Paulo","pm25",21.7,"µg/m³","2026-06-12T12:00:00Z","2026-06-12T09:00:00-03:00","America/Sao_Paulo",-23.6473149,-46.6643635,,,,"AirGradient","AirGradient"
6139516,"São Paulo","pm25",4.8,"µg/m³","2026-06-12T13:00:00Z","2026-06-12T10:00:00-03:00","America/Sao_Paulo",-23.6473149,-46.6643635,,,,"AirGradient","AirGradient"
6139516,"São Paulo","pm25",6,"µg/m³","2026-06-12T14:00:00Z","2026-06-12T11:00:00-03:00","America/Sao_Paulo",-23.6473149,-46.6643635,,,,"AirGradient","AirGradient"
6139516,"São Paulo","pm25",9.4,"µg/m³","2026-06-12T15:00:00Z","2026-06-12T12:00:00-03:00","America/Sao_Paulo",-23.6473149,-46.6643635,,,,"AirGradient","AirGradient"
6139516,"São Paulo","pm25",6.4,"µg/m³","2026-06-12T16:00:00Z","2026-06-12T13:00:00-03:00","America/Sao_Paulo",-23.6473149,-46.6643635,,,,"AirGradient","AirGradient"
6139516,"São Paulo","pm25",4.2,"µg/m³","2026-06-12T17:00:00Z","2026-06-12T14:00:00-03:00","America/Sao_Paulo",-23.6473149,-46.6643635,,,,"AirGradient","AirGradient"
6139516,"São Paulo","pm25",5.6,"µg/m³","2026-06-12T18:00:00Z","2026-06-12T15:00:00-03:00","America/Sao_Paulo",-23.6473149,-46.6643635,,,,"AirGradient","AirGradient"
6139516,"São Paulo","pm25",8.2,"µg/m³","2026-06-12T19:00:00Z","2026-06-12T16:00:00-03:00","America/Sao_Paulo",-23.6473149,-46.6643635,,,,"AirGradient","AirGradient"
6139516,"São Paulo","pm25",8.3,"µg/m³","2026-06-12T20:00:00Z","2026-06-12T17:00:00-03:00","America/Sao_Paulo",-23.6473149,-46.6643635,,,,"AirGradient","AirGradient"
6139516,"São Paulo","pm25",9.8,"µg/m³","2026-06-12T21:00:00Z","2026-06-12T18:00:00-03:00","America/Sao_Paulo",-23.6473149,-46.6643635,,,,"AirGradient","AirGradient"
6139516,"São Paulo","pm25",11.6,"µg/m³","2026-06-12T22:00:00Z","2026-06-12T19:00:00-03:00","America/Sao_Paulo",-23.6473149,-46.6643635,,,,"AirGradient","AirGradient"
6139516,"São Paulo","pm25",9.6,"µg/m³","2026-06-12T23:00:00Z","2026-06-12T20:00:00-03:00","America/Sao_Paulo",-23.6473149,-46.6643635,,,,"AirGradient","AirGradient"
6139516,"São Paulo","pm25",7.3,"µg/m³","2026-06-13T00:00:00Z","2026-06-12T21:00:00-03:00","America/Sao_Paulo",-23.6473149,-46.6643635,,,,"AirGradient","AirGradient"
6139516,"São Paulo","pm25",6.4,"µg/m³","2026-06-13T01:00:00Z","2026-06-12T22:00:00-03:00","America/Sao_Paulo",-23.6473149,-46.6643635,,,,"AirGradient","AirGradient"
6139516,"São Paulo","pm25",3.8,"µg/m³","2026-06-13T02:00:00Z","2026-06-12T23:00:00-03:00","America/Sao_Paulo",-23.6473149,-46.6643635,,,,"AirGradient","AirGradient"
6139516,"São Paulo","pm25",2.8,"µg/m³","2026-06-13T03:00:00Z","2026-06-13T00:00:00-03:00","America/Sao_Paulo",-23.6473149,-46.6643635,,,,"AirGradient","AirGradient"
6139516,"São Paulo","pm25",3.6,"µg/m³","2026-06-13T04:00:00Z","2026-06-13T01:00:00-03:00","America/Sao_Paulo",-23.6473149,-46.6643635,,,,"AirGradient","AirGradient"
6139516,"São Paulo","pm25",3.7,"µg/m³","2026-06-13T05:00:00Z","2026-06-13T02:00:00-03:00","America/Sao_Paulo",-23.6473149,-46.6643635,,,,"AirGradient","AirGradient"
6139516,"São Paulo","pm25",2.8,"µg/m³","2026-06-13T06:00:00Z","2026-06-13T03:00:00-03:00","America/Sao_Paulo",-23.6473149,-46.6643635,,,,"AirGradient","AirGradient"
6139516,"São Paulo","pm25",1.8,"µg/m³","2026-06-13T07:00:00Z","2026-06-13T04:00:00-03:00","America/Sao_Paulo",-23.6473149,-46.6643635,,,,"AirGradient","AirGradient"
6139516,"São Paulo","pm25",0.9,"µg/m³","2026-06-13T08:00:00Z","2026-06-13T05:00:00-03:00","America/Sao_Paulo",-23.6473149,-46.6643635,,,,"AirGradient","AirGradient"
6139516,"São Paulo","pm25",0.3,"µg/m³","2026-06-13T09:00:00Z","2026-06-13T06:00:00-03:00","America/Sao_Paulo",-23.6473149,-46.6643635,,,,"AirGradient","AirGradient"
6139516,"São Paulo","pm25",0.7,"µg/m³","2026-06-13T10:00:00Z","2026-06-13T07:00:00-03:00","America/Sao_Paulo",-23.6473149,-46.6643635,,,,"AirGradient","AirGradient"
6139516,"São Paulo","pm25",0,"µg/m³","2026-06-13T11:00:00Z","2026-06-13T08:00:00-03:00","America/Sao_Paulo",-23.6473149,-46.6643635,,,,"AirGradient","AirGradient"
6139516,"São Paulo","pm25",0,"µg/m³","2026-06-13T12:00:00Z","2026-06-13T09:00:00-03:00","America/Sao_Paulo",-23.6473149,-46.6643635,,,,"AirGradient","AirGradient"
6139516,"São Paulo","pm25",0,"µg/m³","2026-06-13T13:00:00Z","2026-06-13T10:00:00-03:00","America/Sao_Paulo",-23.6473149,-46.6643635,,,,"AirGradient","AirGradient"
6139516,"São Paulo","pm25",0,"µg/m³","2026-06-13T14:00:00Z","2026-06-13T11:00:00-03:00","America/Sao_Paulo",-23.6473149,-46.6643635,,,,"AirGradient","AirGradient"
6139516,"São Paulo","pm25",1.3,"µg/m³","2026-06-13T15:00:00Z","2026-06-13T12:00:00-03:00","America/Sao_Paulo",-23.6473149,-46.6643635,,,,"AirGradient","AirGradient"
6139516,"São Paulo","pm25",4.3,"µg/m³","2026-06-13T16:00:00Z","2026-06-13T13:00:00-03:00","America/Sao_Paulo",-23.6473149,-46.6643635,,,,"AirGradient","AirGradient"
6139516,"São Paulo","pm25",4.2,"µg/m³","2026-06-13T17:00:00Z","2026-06-13T14:00:00-03:00","America/Sao_Paulo",-23.6473149,-46.6643635,,,,"AirGradient","AirGradient"
6139516,"São Paulo","pm25",0.7,"µg/m³","2026-06-13T18:00:00Z","2026-06-13T15:00:00-03:00","America/Sao_Paulo",-23.6473149,-46.6643635,,,,"AirGradient","AirGradient"
6139516,"São Paulo","pm25",0.1,"µg/m³","2026-06-13T19:00:00Z","2026-06-13T16:00:00-03:00","America/Sao_Paulo",-23.6473149,-46.6643635,,,,"AirGradient","AirGradient"
6139516,"São Paulo","pm25",2.3,"µg/m³","2026-06-13T20:00:00Z","2026-06-13T17:00:00-03:00","America/Sao_Paulo",-23.6473149,-46.6643635,,,,"AirGradient","AirGradient"
6139516,"São Paulo","pm25",7.4,"µg/m³","2026-06-13T21:00:00Z","2026-06-13T18:00:00-03:00","America/Sao_Paulo",-23.6473149,-46.6643635,,,,"AirGradient","AirGradient"
6139516,"São Paulo","pm25",21.6,"µg/m³","2026-06-13T22:00:00Z","2026-06-13T19:00:00-03:00","America/Sao_Paulo",-23.6473149,-46.6643635,,,,"AirGradient","AirGradient"
6139516,"São Paulo","pm25",26.2,"µg/m³","2026-06-13T23:00:00Z","2026-06-13T20:00:00-03:00","America/Sao_Paulo",-23.6473149,-46.6643635,,,,"AirGradient","AirGradient"
6139516,"São Paulo","pm25",29.4,"µg/m³","2026-06-14T00:00:00Z","2026-06-13T21:00:00-03:00","America/Sao_Paulo",-23.6473149,-46.6643635,,,,"AirGradient","AirGradient"
6139516,"São Paulo","pm25",24.7,"µg/m³","2026-06-14T01:00:00Z","2026-06-13T22:00:00-03:00","America/Sao_Paulo",-23.6473149,-46.6643635,,,,"AirGradient","AirGradient"
6139516,"São Paulo","pm25",3.9,"µg/m³","2026-06-14T02:00:00Z","2026-06-13T23:00:00-03:00","America/Sao_Paulo",-23.6473149,-46.6643635,,,,"AirGradient","AirGradient"
6139516,"São Paulo","pm25",0.8,"µg/m³","2026-06-14T03:00:00Z","2026-06-14T00:00:00-03:00","America/Sao_Paulo",-23.6473149,-46.6643635,,,,"AirGradient","AirGradient"
6139516,"São Paulo","pm25",0.2,"µg/m³","2026-06-14T04:00:00Z","2026-06-14T01:00:00-03:00","America/Sao_Paulo",-23.6473149,-46.6643635,,,,"AirGradient","AirGradient"
6139516,"São Paulo","pm25",0.2,"µg/m³","2026-06-14T05:00:00Z","2026-06-14T02:00:00-03:00","America/Sao_Paulo",-23.6473149,-46.6643635,,,,"AirGradient","AirGradient"
6139516,"São Paulo","pm25",3.8,"µg/m³","2026-06-14T06:00:00Z","2026-06-14T03:00:00-03:00","America/Sao_Paulo",-23.6473149,-46.6643635,,,,"AirGradient","AirGradient"
6139516,"São Paulo","pm25",3.6,"µg/m³","2026-06-14T07:00:00Z","2026-06-14T04:00:00-03:00","America/Sao_Paulo",-23.6473149,-46.6643635,,,,"AirGradient","AirGradient"
6139516,"São Paulo","pm25",2.1,"µg/m³","2026-06-14T08:00:00Z","2026-06-14T05:00:00-03:00","America/Sao_Paulo",-23.6473149,-46.6643635,,,,"AirGradient","AirGradient"
6139516,"São Paulo","pm25",3.4,"µg/m³","2026-06-14T09:00:00Z","2026-06-14T06:00:00-03:00","America/Sao_Paulo",-23.6473149,-46.6643635,,,,"AirGradient","AirGradient"
6139516,"São Paulo","pm25",2.1,"µg/m³","2026-06-14T10:00:00Z","2026-06-14T07:00:00-03:00","America/Sao_Paulo",-23.6473149,-46.6643635,,,,"AirGradient","AirGradient"
6139516,"São Paulo","pm25",0.2,"µg/m³","2026-06-14T11:00:00Z","2026-06-14T08:00:00-03:00","America/Sao_Paulo",-23.6473149,-46.6643635,,,,"AirGradient","AirGradient"
6139516,"São Paulo","pm25",0.2,"µg/m³","2026-06-14T12:00:00Z","2026-06-14T09:00:00-03:00","America/Sao_Paulo",-23.6473149,-46.6643635,,,,"AirGradient","AirGradient"
6139516,"São Paulo","pm25",0.1,"µg/m³","2026-06-14T13:00:00Z","2026-06-14T10:00:00-03:00","America/Sao_Paulo",-23.6473149,-46.6643635,,,,"AirGradient","AirGradient"
6139516,"São Paulo","pm25",1.5,"µg/m³","2026-06-14T14:00:00Z","2026-06-14T11:00:00-03:00","America/Sao_Paulo",-23.6473149,-46.6643635,,,,"AirGradient","AirGradient"
6139516,"São Paulo","pm25",1.1,"µg/m³","2026-06-14T15:00:00Z","2026-06-14T12:00:00-03:00","America/Sao_Paulo",-23.6473149,-46.6643635,,,,"AirGradient","AirGradient"
6139516,"São Paulo","pm25",0.7,"µg/m³","2026-06-14T16:00:00Z","2026-06-14T13:00:00-03:00","America/Sao_Paulo",-23.6473149,-46.6643635,,,,"AirGradient","AirGradient"
6139516,"São Paulo","pm25",0.8,"µg/m³","2026-06-14T17:00:00Z","2026-06-14T14:00:00-03:00","America/Sao_Paulo",-23.6473149,-46.6643635,,,,"AirGradient","AirGradient"
6139516,"São Paulo","pm25",4.3,"µg/m³","2026-06-14T18:00:00Z","2026-06-14T15:00:00-03:00","America/Sao_Paulo",-23.6473149,-46.6643635,,,,"AirGradient","AirGradient"
6139516,"São Paulo","pm25",2.1,"µg/m³","2026-06-14T19:00:00Z","2026-06-14T16:00:00-03:00","America/Sao_Paulo",-23.6473149,-46.6643635,,,,"AirGradient","AirGradient"
6139516,"São Paulo","pm25",1.9,"µg/m³","2026-06-14T20:00:00Z","2026-06-14T17:00:00-03:00","America/Sao_Paulo",-23.6473149,-46.6643635,,,,"AirGradient","AirGradient"
6139516,"São Paulo","pm25",4.6,"µg/m³","2026-06-14T21:00:00Z","2026-06-14T18:00:00-03:00","America/Sao_Paulo",-23.6473149,-46.6643635,,,,"AirGradient","AirGradient"
6139516,"São Paulo","pm25",5.1,"µg/m³","2026-06-14T22:00:00Z","2026-06-14T19:00:00-03:00","America/Sao_Paulo",-23.6473149,-46.6643635,,,,"AirGradient","AirGradient"
6139516,"São Paulo","pm25",5,"µg/m³","2026-06-14T23:00:00Z","2026-06-14T20:00:00-03:00","America/Sao_Paulo",-23.6473149,-46.6643635,,,,"AirGradient","AirGradient"
6139516,"São Paulo","pm25",7.3,"µg/m³","2026-06-15T00:00:00Z","2026-06-14T21:00:00-03:00","America/Sao_Paulo",-23.6473149,-46.6643635,,,,"AirGradient","AirGradient"
6139516,"São Paulo","pm25",10,"µg/m³","2026-06-15T01:00:00Z","2026-06-14T22:00:00-03:00","America/Sao_Paulo",-23.6473149,-46.6643635,,,,"AirGradient","AirGradient"
6139516,"São Paulo","pm25",7.1,"µg/m³","2026-06-15T02:00:00Z","2026-06-14T23:00:00-03:00","America/Sao_Paulo",-23.6473149,-46.6643635,,,,"AirGradient","AirGradient"
6139516,"São Paulo","pm25",7.6,"µg/m³","2026-06-15T03:00:00Z","2026-06-15T00:00:00-03:00","America/Sao_Paulo",-23.6473149,-46.6643635,,,,"AirGradient","AirGradient"
6139516,"São Paulo","pm25",9.2,"µg/m³","2026-06-15T04:00:00Z","2026-06-15T01:00:00-03:00","America/Sao_Paulo",-23.6473149,-46.6643635,,,,"AirGradient","AirGradient"
6139516,"São Paulo","pm25",14.5,"µg/m³","2026-06-15T05:00:00Z","2026-06-15T02:00:00-03:00","America/Sao_Paulo",-23.6473149,-46.6643635,,,,"AirGradient","AirGradient"
6139516,"São Paulo","pm25",8.9,"µg/m³","2026-06-15T06:00:00Z","2026-06-15T03:00:00-03:00","America/Sao_Paulo",-23.6473149,-46.6643635,,,,"AirGradient","AirGradient"
6139516,"São Paulo","pm25",0,"µg/m³","2026-06-15T07:00:00Z","2026-06-15T04:00:00-03:00","America/Sao_Paulo",-23.6473149,-46.6643635,,,,"AirGradient","AirGradient"
6139516,"São Paulo","pm25",0,"µg/m³","2026-06-15T08:00:00Z","2026-06-15T05:00:00-03:00","America/Sao_Paulo",-23.6473149,-46.6643635,,,,"AirGradient","AirGradient"
6139516,"São Paulo","pm25",0,"µg/m³","2026-06-15T09:00:00Z","2026-06-15T06:00:00-03:00","America/Sao_Paulo",-23.6473149,-46.6643635,,,,"AirGradient","AirGradient"
6139516,"São Paulo","pm25",0,"µg/m³","2026-06-15T10:00:00Z","2026-06-15T07:00:00-03:00","America/Sao_Paulo",-23.6473149,-46.6643635,,,,"AirGradient","AirGradient"
6139516,"São Paulo","pm25",0.2,"µg/m³","2026-06-15T11:00:00Z","2026-06-15T08:00:00-03:00","America/Sao_Paulo",-23.6473149,-46.6643635,,,,"AirGradient","AirGradient"
6139516,"São Paulo","pm25",0,"µg/m³","2026-06-15T12:00:00Z","2026-06-15T09:00:00-03:00","America/Sao_Paulo",-23.6473149,-46.6643635,,,,"AirGradient","AirGradient"
6139516,"São Paulo","pm25",0,"µg/m³","2026-06-15T13:00:00Z","2026-06-15T10:00:00-03:00","America/Sao_Paulo",-23.6473149,-46.6643635,,,,"AirGradient","AirGradient"
6139516,"São Paulo","pm25",0,"µg/m³","2026-06-15T14:00:00Z","2026-06-15T11:00:00-03:00","America/Sao_Paulo",-23.6473149,-46.6643635,,,,"AirGradient","AirGradient"
6139516,"São Paulo","pm25",0.3,"µg/m³","2026-06-15T15:00:00Z","2026-06-15T12:00:00-03:00","America/Sao_Paulo",-23.6473149,-46.6643635,,,,"AirGradient","AirGradient"
6139516,"São Paulo","pm25",1.4,"µg/m³","2026-06-15T16:00:00Z","2026-06-15T13:00:00-03:00","America/Sao_Paulo",-23.6473149,-46.6643635,,,,"AirGradient","AirGradient"
6139516,"São Paulo","pm25",0,"µg/m³","2026-06-15T17:00:00Z","2026-06-15T14:00:00-03:00","America/Sao_Paulo",-23.6473149,-46.6643635,,,,"AirGradient","AirGradient"
6139516,"São Paulo","pm25",0,"µg/m³","2026-06-15T18:00:00Z","2026-06-15T15:00:00-03:00","America/Sao_Paulo",-23.6473149,-46.6643635,,,,"AirGradient","AirGradient"
6139516,"São Paulo","pm25",0,"µg/m³","2026-06-15T19:00:00Z","2026-06-15T16:00:00-03:00","America/Sao_Paulo",-23.6473149,-46.6643635,,,,"AirGradient","AirGradient"
6139516,"São Paulo","pm25",0.1,"µg/m³","2026-06-15T20:00:00Z","2026-06-15T17:00:00-03:00","America/Sao_Paulo",-23.6473149,-46.6643635,,,,"AirGradient","AirGradient"
6139516,"São Paulo","pm25",0,"µg/m³","2026-06-15T21:00:00Z","2026-06-15T18:00:00-03:00","America/Sao_Paulo",-23.6473149,-46.6643635,,,,"AirGradient","AirGradient"
6139516,"São Paulo","pm25",0.1,"µg/m³","2026-06-15T22:00:00Z","2026-06-15T19:00:00-03:00","America/Sao_Paulo",-23.6473149,-46.6643635,,,,"AirGradient","AirGradient"
6139516,"São Paulo","pm25",4.8,"µg/m³","2026-06-15T23:00:00Z","2026-06-15T20:00:00-03:00","America/Sao_Paulo",-23.6473149,-46.6643635,,,,"AirGradient","AirGradient"
6139516,"São Paulo","pm25",2.1,"µg/m³","2026-06-16T00:00:00Z","2026-06-15T21:00:00-03:00","America/Sao_Paulo",-23.6473149,-46.6643635,,,,"AirGradient","AirGradient"
6139516,"São Paulo","pm25",0.8,"µg/m³","2026-06-16T01:00:00Z","2026-06-15T22:00:00-03:00","America/Sao_Paulo",-23.6473149,-46.6643635,,,,"AirGradient","AirGradient"
6139516,"São Paulo","pm25",0,"µg/m³","2026-06-16T02:00:00Z","2026-06-15T23:00:00-03:00","America/Sao_Paulo",-23.6473149,-46.6643635,,,,"AirGradient","AirGradient"
6139516,"São Paulo","pm25",0,"µg/m³","2026-06-16T03:00:00Z","2026-06-16T00:00:00-03:00","America/Sao_Paulo",-23.6473149,-46.6643635,,,,"AirGradient","AirGradient"
6139516,"São Paulo","pm25",0.9,"µg/m³","2026-06-16T04:00:00Z","2026-06-16T01:00:00-03:00","America/Sao_Paulo",-23.6473149,-46.6643635,,,,"AirGradient","AirGradient"
6139516,"São Paulo","pm25",1.7,"µg/m³","2026-06-16T05:00:00Z","2026-06-16T02:00:00-03:00","America/Sao_Paulo",-23.6473149,-46.6643635,,,,"AirGradient","AirGradient"
6139516,"São Paulo","pm25",2.3,"µg/m³","2026-06-16T06:00:00Z","2026-06-16T03:00:00-03:00","America/Sao_Paulo",-23.6473149,-46.6643635,,,,"AirGradient","AirGradient"
6139516,"São Paulo","pm25",0,"µg/m³","2026-06-16T07:00:00Z","2026-06-16T04:00:00-03:00","America/Sao_Paulo",-23.6473149,-46.6643635,,,,"AirGradient","AirGradient"
6139516,"São Paulo","pm25",0.4,"µg/m³","2026-06-16T08:00:00Z","2026-06-16T05:00:00-03:00","America/Sao_Paulo",-23.6473149,-46.6643635,,,,"AirGradient","AirGradient"
6139516,"São Paulo","pm25",0.2,"µg/m³","2026-06-16T09:00:00Z","2026-06-16T06:00:00-03:00","America/Sao_Paulo",-23.6473149,-46.6643635,,,,"AirGradient","AirGradient"
6139516,"São Paulo","pm25",0,"µg/m³","2026-06-16T10:00:00Z","2026-06-16T07:00:00-03:00","America/Sao_Paulo",-23.6473149,-46.6643635,,,,"AirGradient","AirGradient"
6139516,"São Paulo","pm25",0,"µg/m³","2026-06-16T11:00:00Z","2026-06-16T08:00:00-03:00","America/Sao_Paulo",-23.6473149,-46.6643635,,,,"AirGradient","AirGradient"
6139516,"São Paulo","pm25",0.1,"µg/m³","2026-06-16T12:00:00Z","2026-06-16T09:00:00-03:00","America/Sao_Paulo",-23.6473149,-46.6643635,,,,"AirGradient","AirGradient"
6139516,"São Paulo","pm25",0.1,"µg/m³","2026-06-16T13:00:00Z","2026-06-16T10:00:00-03:00","America/Sao_Paulo",-23.6473149,-46.6643635,,,,"AirGradient","AirGradient"
6139516,"São Paulo","pm25",0.8,"µg/m³","2026-06-16T14:00:00Z","2026-06-16T11:00:00-03:00","America/Sao_Paulo",-23.6473149,-46.6643635,,,,"AirGradient","AirGradient"
6139516,"São Paulo","pm25",0,"µg/m³","2026-06-16T15:00:00Z","2026-06-16T12:00:00-03:00","America/Sao_Paulo",-23.6473149,-46.6643635,,,,"AirGradient","AirGradient"
6139516,"São Paulo","pm25",0.8,"µg/m³","2026-06-16T16:00:00Z","2026-06-16T13:00:00-03:00","America/Sao_Paulo",-23.6473149,-46.6643635,,,,"AirGradient","AirGradient"
6139516,"São Paulo","pm25",0,"µg/m³","2026-06-16T17:00:00Z","2026-06-16T14:00:00-03:00","America/Sao_Paulo",-23.6473149,-46.6643635,,,,"AirGradient","AirGradient"
6139516,"São Paulo","pm25",0.1,"µg/m³","2026-06-16T18:00:00Z","2026-06-16T15:00:00-03:00","America/Sao_Paulo",-23.6473149,-46.6643635,,,,"AirGradient","AirGradient"
6139516,"São Paulo","pm25",0.1,"µg/m³","2026-06-16T19:00:00Z","2026-06-16T16:00:00-03:00","America/Sao_Paulo",-23.6473149,-46.6643635,,,,"AirGradient","AirGradient"
6139516,"São Paulo","pm25",1.7,"µg/m³","2026-06-16T20:00:00Z","2026-06-16T17:00:00-03:00","America/Sao_Paulo",-23.6473149,-46.6643635,,,,"AirGradient","AirGradient"
6139516,"São Paulo","pm25",3.5,"µg/m³","2026-06-16T21:00:00Z","2026-06-16T18:00:00-03:00","America/Sao_Paulo",-23.6473149,-46.6643635,,,,"AirGradient","AirGradient"
6139516,"São Paulo","pm25",4.9,"µg/m³","2026-06-16T22:00:00Z","2026-06-16T19:00:00-03:00","America/Sao_Paulo",-23.6473149,-46.6643635,,,,"AirGradient","AirGradient"
6139516,"São Paulo","pm25",3.7,"µg/m³","2026-06-16T23:00:00Z","2026-06-16T20:00:00-03:00","America/Sao_Paulo",-23.6473149,-46.6643635,,,,"AirGradient","AirGradient"
6139516,"São Paulo","pm25",6,"µg/m³","2026-06-17T00:00:00Z","2026-06-16T21:00:00-03:00","America/Sao_Paulo",-23.6473149,-46.6643635,,,,"AirGradient","AirGradient"
6139516,"São Paulo","pm25",5.9,"µg/m³","2026-06-17T01:00:00Z","2026-06-16T22:00:00-03:00","America/Sao_Paulo",-23.6473149,-46.6643635,,,,"AirGradient","AirGradient"
6139516,"São Paulo","pm25",23.6,"µg/m³","2026-06-17T02:00:00Z","2026-06-16T23:00:00-03:00","America/Sao_Paulo",-23.6473149,-46.6643635,,,,"AirGradient","AirGradient"
6139516,"São Paulo","pm25",32.6,"µg/m³","2026-06-17T03:00:00Z","2026-06-17T00:00:00-03:00","America/Sao_Paulo",-23.6473149,-46.6643635,,,,"AirGradient","AirGradient"
6139516,"São Paulo","pm25",34.2,"µg/m³","2026-06-17T04:00:00Z","2026-06-17T01:00:00-03:00","America/Sao_Paulo",-23.6473149,-46.6643635,,,,"AirGradient","AirGradient"
6139516,"São Paulo","pm25",27.1,"µg/m³","2026-06-17T05:00:00Z","2026-06-17T02:00:00-03:00","America/Sao_Paulo",-23.6473149,-46.6643635,,,,"AirGradient","AirGradient"
6139516,"São Paulo","pm25",35.9,"µg/m³","2026-06-17T06:00:00Z","2026-06-17T03:00:00-03:00","America/Sao_Paulo",-23.6473149,-46.6643635,,,,"AirGradient","AirGradient"
6139516,"São Paulo","pm25",32.7,"µg/m³","2026-06-17T07:00:00Z","2026-06-17T04:00:00-03:00","America/Sao_Paulo",-23.6473149,-46.6643635,,,,"AirGradient","AirGradient"
6139516,"São Paulo","pm25",34.1,"µg/m³","2026-06-17T08:00:00Z","2026-06-17T05:00:00-03:00","America/Sao_Paulo",-23.6473149,-46.6643635,,,,"AirGradient","AirGradient"
6139516,"São Paulo","pm25",32.1,"µg/m³","2026-06-17T09:00:00Z","2026-06-17T06:00:00-03:00","America/Sao_Paulo",-23.6473149,-46.6643635,,,,"AirGradient","AirGradient"
6139516,"São Paulo","pm25",27,"µg/m³","2026-06-17T10:00:00Z","2026-06-17T07:00:00-03:00","America/Sao_Paulo",-23.6473149,-46.6643635,,,,"AirGradient","AirGradient"
6139516,"São Paulo","pm25",26.3,"µg/m³","2026-06-17T11:00:00Z","2026-06-17T08:00:00-03:00","America/Sao_Paulo",-23.6473149,-46.6643635,,,,"AirGradient","AirGradient"
6139516,"São Paulo","pm25",24.5,"µg/m³","2026-06-17T12:00:00Z","2026-06-17T09:00:00-03:00","America/Sao_Paulo",-23.6473149,-46.6643635,,,,"AirGradient","AirGradient"
6139516,"São Paulo","pm25",25.7,"µg/m³","2026-06-17T13:00:00Z","2026-06-17T10:00:00-03:00","America/Sao_Paulo",-23.6473149,-46.6643635,,,,"AirGradient","AirGradient"
6139516,"São Paulo","pm25",20.4,"µg/m³","2026-06-17T14:00:00Z","2026-06-17T11:00:00-03:00","America/Sao_Paulo",-23.6473149,-46.6643635,,,,"AirGradient","AirGradient"
6139516,"São Paulo","pm25",11.1,"µg/m³","2026-06-17T15:00:00Z","2026-06-17T12:00:00-03:00","America/Sao_Paulo",-23.6473149,-46.6643635,,,,"AirGradient","AirGradient"
6139516,"São Paulo","pm25",18.5,"µg/m³","2026-06-17T16:00:00Z","2026-06-17T13:00:00-03:00","America/Sao_Paulo",-23.6473149,-46.6643635,,,,"AirGradient","AirGradient"
6139516,"São Paulo","pm25",23.9,"µg/m³","2026-06-17T17:00:00Z","2026-06-17T14:00:00-03:00","America/Sao_Paulo",-23.6473149,-46.6643635,,,,"AirGradient","AirGradient"
6139516,"São Paulo","pm25",15,"µg/m³","2026-06-17T18:00:00Z","2026-06-17T15:00:00-03:00","America/Sao_Paulo",-23.6473149,-46.6643635,,,,"AirGradient","AirGradient"
6139516,"São Paulo","pm25",3.1,"µg/m³","2026-06-17T19:00:00Z","2026-06-17T16:00:00-03:00","America/Sao_Paulo",-23.6473149,-46.6643635,,,,"AirGradient","AirGradient"
6139516,"São Paulo","pm25",3,"µg/m³","2026-06-17T20:00:00Z","2026-06-17T17:00:00-03:00","America/Sao_Paulo",-23.6473149,-46.6643635,,,,"AirGradient","AirGradient"
6139516,"São Paulo","pm25",2.1,"µg/m³","2026-06-17T21:00:00Z","2026-06-17T18:00:00-03:00","America/Sao_Paulo",-23.6473149,-46.6643635,,,,"AirGradient","AirGradient"
6139516,"São Paulo","pm25",1.5,"µg/m³","2026-06-17T22:00:00Z","2026-06-17T19:00:00-03:00","America/Sao_Paulo",-23.6473149,-46.6643635,,,,"AirGradient","AirGradient"
6139516,"São Paulo","pm25",1.2,"µg/m³","2026-06-17T23:00:00Z","2026-06-17T20:00:00-03:00","America/Sao_Paulo",-23.6473149,-46.6643635,,,,"AirGradient","AirGradient"
6139516,"São Paulo","pm25",2.4,"µg/m³","2026-06-18T00:00:00Z","2026-06-17T21:00:00-03:00","America/Sao_Paulo",-23.6473149,-46.6643635,,,,"AirGradient","AirGradient"
6139516,"São Paulo","pm25",4.4,"µg/m³","2026-06-18T01:00:00Z","2026-06-17T22:00:00-03:00","America/Sao_Paulo",-23.6473149,-46.6643635,,,,"AirGradient","AirGradient"
6139516,"São Paulo","pm25",7.3,"µg/m³","2026-06-18T02:00:00Z","2026-06-17T23:00:00-03:00","America/Sao_Paulo",-23.6473149,-46.6643635,,,,"AirGradient","AirGradient"
6139516,"São Paulo","pm25",6.4,"µg/m³","2026-06-18T03:00:00Z","2026-06-18T00:00:00-03:00","America/Sao_Paulo",-23.6473149,-46.6643635,,,,"AirGradient","AirGradient"
6139516,"São Paulo","pm25",11.1,"µg/m³","2026-06-18T04:00:00Z","2026-06-18T01:00:00-03:00","America/Sao_Paulo",-23.6473149,-46.6643635,,,,"AirGradient","AirGradient"
6139516,"São Paulo","pm25",26,"µg/m³","2026-06-18T05:00:00Z","2026-06-18T02:00:00-03:00","America/Sao_Paulo",-23.6473149,-46.6643635,,,,"AirGradient","AirGradient"
6139516,"São Paulo","pm25",18.1,"µg/m³","2026-06-18T06:00:00Z","2026-06-18T03:00:00-03:00","America/Sao_Paulo",-23.6473149,-46.6643635,,,,"AirGradient","AirGradient"
6139516,"São Paulo","pm25",18,"µg/m³","2026-06-18T07:00:00Z","2026-06-18T04:00:00-03:00","America/Sao_Paulo",-23.6473149,-46.6643635,,,,"AirGradient","AirGradient"
6139516,"São Paulo","pm25",11,"µg/m³","2026-06-18T08:00:00Z","2026-06-18T05:00:00-03:00","America/Sao_Paulo",-23.6473149,-46.6643635,,,,"AirGradient","AirGradient"
6139516,"São Paulo","pm25",11.7,"µg/m³","2026-06-18T09:00:00Z","2026-06-18T06:00:00-03:00","America/Sao_Paulo",-23.6473149,-46.6643635,,,,"AirGradient","AirGradient"
6139516,"São Paulo","pm25",18.5,"µg/m³","2026-06-18T10:00:00Z","2026-06-18T07:00:00-03:00","America/Sao_Paulo",-23.6473149,-46.6643635,,,,"AirGradient","AirGradient"
6139516,"São Paulo","pm25",21.2,"µg/m³","2026-06-18T11:00:00Z","2026-06-18T08:00:00-03:00","America/Sao_Paulo",-23.6473149,-46.6643635,,,,"AirGradient","AirGradient"
6139516,"São Paulo","pm25",10,"µg/m³","2026-06-18T12:00:00Z","2026-06-18T09:00:00-03:00","America/Sao_Paulo",-23.6473149,-46.6643635,,,,"AirGradient","AirGradient"
6139516,"São Paulo","pm25",4.5,"µg/m³","2026-06-18T13:00:00Z","2026-06-18T10:00:00-03:00","America/Sao_Paulo",-23.6473149,-46.6643635,,,,"AirGradient","AirGradient"
6139516,"São Paulo","pm25",2,"µg/m³","2026-06-18T14:00:00Z","2026-06-18T11:00:00-03:00","America/Sao_Paulo",-23.6473149,-46.6643635,,,,"AirGradient","AirGradient"
6139516,"São Paulo","pm25",0,"µg/m³","2026-06-18T15:00:00Z","2026-06-18T12:00:00-03:00","America/Sao_Paulo",-23.6473149,-46.6643635,,,,"AirGradient","AirGradient"
6139516,"São Paulo","pm25",0,"µg/m³","2026-06-18T16:00:00Z","2026-06-18T13:00:00-03:00","America/Sao_Paulo",-23.6473149,-46.6643635,,,,"AirGradient","AirGradient"
6139516,"São Paulo","pm25",0.3,"µg/m³","2026-06-18T17:00:00Z","2026-06-18T14:00:00-03:00","America/Sao_Paulo",-23.6473149,-46.6643635,,,,"AirGradient","AirGradient"
6139516,"São Paulo","pm25",0.2,"µg/m³","2026-06-18T18:00:00Z","2026-06-18T15:00:00-03:00","America/Sao_Paulo",-23.6473149,-46.6643635,,,,"AirGradient","AirGradient"
6139516,"São Paulo","pm25",0.1,"µg/m³","2026-06-18T19:00:00Z","2026-06-18T16:00:00-03:00","America/Sao_Paulo",-23.6473149,-46.6643635,,,,"AirGradient","AirGradient"
6139516,"São Paulo","pm25",2.1,"µg/m³","2026-06-18T20:00:00Z","2026-06-18T17:00:00-03:00","America/Sao_Paulo",-23.6473149,-46.6643635,,,,"AirGradient","AirGradient"
6139516,"São Paulo","pm25",4.9,"µg/m³","2026-06-18T21:00:00Z","2026-06-18T18:00:00-03:00","America/Sao_Paulo",-23.6473149,-46.6643635,,,,"AirGradient","AirGradient"
6139516,"São Paulo","pm25",10.3,"µg/m³","2026-06-18T22:00:00Z","2026-06-18T19:00:00-03:00","America/Sao_Paulo",-23.6473149,-46.6643635,,,,"AirGradient","AirGradient"
6139516,"São Paulo","pm25",5.4,"µg/m³","2026-06-18T23:00:00Z","2026-06-18T20:00:00-03:00","America/Sao_Paulo",-23.6473149,-46.6643635,,,,"AirGradient","AirGradient"
6139516,"São Paulo","pm25",5.6,"µg/m³","2026-06-19T00:00:00Z","2026-06-18T21:00:00-03:00","America/Sao_Paulo",-23.6473149,-46.6643635,,,,"AirGradient","AirGradient"
6139516,"São Paulo","pm25",4.2,"µg/m³","2026-06-19T01:00:00Z","2026-06-18T22:00:00-03:00","America/Sao_Paulo",-23.6473149,-46.6643635,,,,"AirGradient","AirGradient"
6139516,"São Paulo","pm25",5.5,"µg/m³","2026-06-19T02:00:00Z","2026-06-18T23:00:00-03:00","America/Sao_Paulo",-23.6473149,-46.6643635,,,,"AirGradient","AirGradient"
6139516,"São Paulo","pm25",8.7,"µg/m³","2026-06-19T03:00:00Z","2026-06-19T00:00:00-03:00","America/Sao_Paulo",-23.6473149,-46.6643635,,,,"AirGradient","AirGradient"
6139516,"São Paulo","pm25",7.4,"µg/m³","2026-06-19T04:00:00Z","2026-06-19T01:00:00-03:00","America/Sao_Paulo",-23.6473149,-46.6643635,,,,"AirGradient","AirGradient"
6139516,"São Paulo","pm25",17.6,"µg/m³","2026-06-19T05:00:00Z","2026-06-19T02:00:00-03:00","America/Sao_Paulo",-23.6473149,-46.6643635,,,,"AirGradient","AirGradient"
6139516,"São Paulo","pm25",26.3,"µg/m³","2026-06-19T06:00:00Z","2026-06-19T03:00:00-03:00","America/Sao_Paulo",-23.6473149,-46.6643635,,,,"AirGradient","AirGradient"
6139516,"São Paulo","pm25",27.1,"µg/m³","2026-06-19T07:00:00Z","2026-06-19T04:00:00-03:00","America/Sao_Paulo",-23.6473149,-46.6643635,,,,"AirGradient","AirGradient"
6139516,"São Paulo","pm25",32.7,"µg/m³","2026-06-19T08:00:00Z","2026-06-19T05:00:00-03:00","America/Sao_Paulo",-23.6473149,-46.6643635,,,,"AirGradient","AirGradient"
6139516,"São Paulo","pm25",34.1,"µg/m³","2026-06-19T09:00:00Z","2026-06-19T06:00:00-03:00","America/Sao_Paulo",-23.6473149,-46.6643635,,,,"AirGradient","AirGradient"
6139516,"São Paulo","pm25",37.6,"µg/m³","2026-06-19T10:00:00Z","2026-06-19T07:00:00-03:00","America/Sao_Paulo",-23.6473149,-46.6643635,,,,"AirGradient","AirGradient"
6139516,"São Paulo","pm25",36.7,"µg/m³","2026-06-19T11:00:00Z","2026-06-19T08:00:00-03:00","America/Sao_Paulo",-23.6473149,-46.6643635,,,,"AirGradient","AirGradient"
6139516,"São Paulo","pm25",32.9,"µg/m³","2026-06-19T12:00:00Z","2026-06-19T09:00:00-03:00","America/Sao_Paulo",-23.6473149,-46.6643635,,,,"AirGradient","AirGradient"
6139516,"São Paulo","pm25",28.7,"µg/m³","2026-06-19T13:00:00Z","2026-06-19T10:00:00-03:00","America/Sao_Paulo",-23.6473149,-46.6643635,,,,"AirGradient","AirGradient"
6139516,"São Paulo","pm25",26.9,"µg/m³","2026-06-19T14:00:00Z","2026-06-19T11:00:00-03:00","America/Sao_Paulo",-23.6473149,-46.6643635,,,,"AirGradient","AirGradient"
6139516,"São Paulo","pm25",23.7,"µg/m³","2026-06-19T15:00:00Z","2026-06-19T12:00:00-03:00","America/Sao_Paulo",-23.6473149,-46.6643635,,,,"AirGradient","AirGradient"
6139516,"São Paulo","pm25",20,"µg/m³","2026-06-19T16:00:00Z","2026-06-19T13:00:00-03:00","America/Sao_Paulo",-23.6473149,-46.6643635,,,,"AirGradient","AirGradient"
6139516,"São Paulo","pm25",5.3,"µg/m³","2026-06-19T17:00:00Z","2026-06-19T14:00:00-03:00","America/Sao_Paulo",-23.6473149,-46.6643635,,,,"AirGradient","AirGradient"
6139516,"São Paulo","pm25",3.4,"µg/m³","2026-06-19T18:00:00Z","2026-06-19T15:00:00-03:00","America/Sao_Paulo",-23.6473149,-46.6643635,,,,"AirGradient","AirGradient"
6139516,"São Paulo","pm25",2.8,"µg/m³","2026-06-19T19:00:00Z","2026-06-19T16:00:00-03:00","America/Sao_Paulo",-23.6473149,-46.6643635,,,,"AirGradient","AirGradient"
6139516,"São Paulo","pm25",2.9,"µg/m³","2026-06-19T20:00:00Z","2026-06-19T17:00:00-03:00","America/Sao_Paulo",-23.6473149,-46.6643635,,,,"AirGradient","AirGradient"
6139516,"São Paulo","pm25",5.3,"µg/m³","2026-06-19T21:00:00Z","2026-06-19T18:00:00-03:00","America/Sao_Paulo",-23.6473149,-46.6643635,,,,"AirGradient","AirGradient"
6139516,"São Paulo","pm25",8,"µg/m³","2026-06-19T22:00:00Z","2026-06-19T19:00:00-03:00","America/Sao_Paulo",-23.6473149,-46.6643635,,,,"AirGradient","AirGradient"
6139516,"São Paulo","pm25",11.8,"µg/m³","2026-06-19T23:00:00Z","2026-06-19T20:00:00-03:00","America/Sao_Paulo",-23.6473149,-46.6643635,,,,"AirGradient","AirGradient"
6139516,"São Paulo","pm25",23.2,"µg/m³","2026-06-20T00:00:00Z","2026-06-19T21:00:00-03:00","America/Sao_Paulo",-23.6473149,-46.6643635,,,,"AirGradient","AirGradient"
6139516,"São Paulo","pm25",34.6,"µg/m³","2026-06-20T01:00:00Z","2026-06-19T22:00:00-03:00","America/Sao_Paulo",-23.6473149,-46.6643635,,,,"AirGradient","AirGradient"
6139516,"São Paulo","pm25",34.3,"µg/m³","2026-06-20T02:00:00Z","2026-06-19T23:00:00-03:00","America/Sao_Paulo",-23.6473149,-46.6643635,,,,"AirGradient","AirGradient"
6139516,"São Paulo","pm25",37.3,"µg/m³","2026-06-20T03:00:00Z","2026-06-20T00:00:00-03:00","America/Sao_Paulo",-23.6473149,-46.6643635,,,,"AirGradient","AirGradient"
6139516,"São Paulo","pm25",45.5,"µg/m³","2026-06-20T04:00:00Z","2026-06-20T01:00:00-03:00","America/Sao_Paulo",-23.6473149,-46.6643635,,,,"AirGradient","AirGradient"
6139516,"São Paulo","pm25",45.5,"µg/m³","2026-06-20T05:00:00Z","2026-06-20T02:00:00-03:00","America/Sao_Paulo",-23.6473149,-46.6643635,,,,"AirGradient","AirGradient"
6139516,"São Paulo","pm25",34.4,"µg/m³","2026-06-20T06:00:00Z","2026-06-20T03:00:00-03:00","America/Sao_Paulo",-23.6473149,-46.6643635,,,,"AirGradient","AirGradient"
6139516,"São Paulo","pm25",31.2,"µg/m³","2026-06-20T07:00:00Z","2026-06-20T04:00:00-03:00","America/Sao_Paulo",-23.6473149,-46.6643635,,,,"AirGradient","AirGradient"
6139516,"São Paulo","pm25",30.1,"µg/m³","2026-06-20T08:00:00Z","2026-06-20T05:00:00-03:00","America/Sao_Paulo",-23.6473149,-46.6643635,,,,"AirGradient","AirGradient"
6139516,"São Paulo","pm25",28.3,"µg/m³","2026-06-20T09:00:00Z","2026-06-20T06:00:00-03:00","America/Sao_Paulo",-23.6473149,-46.6643635,,,,"AirGradient","AirGradient"
6139516,"São Paulo","pm25",24.6,"µg/m³","2026-06-20T10:00:00Z","2026-06-20T07:00:00-03:00","America/Sao_Paulo",-23.6473149,-46.6643635,,,,"AirGradient","AirGradient"
6139516,"São Paulo","pm25",23.3,"µg/m³","2026-06-20T11:00:00Z","2026-06-20T08:00:00-03:00","America/Sao_Paulo",-23.6473149,-46.6643635,,,,"AirGradient","AirGradient"
6139516,"São Paulo","pm25",23.6,"µg/m³","2026-06-20T12:00:00Z","2026-06-20T09:00:00-03:00","America/Sao_Paulo",-23.6473149,-46.6643635,,,,"AirGradient","AirGradient"
6139516,"São Paulo","pm25",24,"µg/m³","2026-06-20T13:00:00Z","2026-06-20T10:00:00-03:00","America/Sao_Paulo",-23.6473149,-46.6643635,,,,"AirGradient","AirGradient"
6139516,"São Paulo","pm25",23.3,"µg/m³","2026-06-20T14:00:00Z","2026-06-20T11:00:00-03:00","America/Sao_Paulo",-23.6473149,-46.6643635,,,,"AirGradient","AirGradient"
6139516,"São Paulo","pm25",16.9,"µg/m³","2026-06-20T15:00:00Z","2026-06-20T12:00:00-03:00","America/Sao_Paulo",-23.6473149,-46.6643635,,,,"AirGradient","AirGradient"
6139516,"São Paulo","pm25",8,"µg/m³","2026-06-20T16:00:00Z","2026-06-20T13:00:00-03:00","America/Sao_Paulo",-23.6473149,-46.6643635,,,,"AirGradient","AirGradient"
6139516,"São Paulo","pm25",8.4,"µg/m³","2026-06-20T17:00:00Z","2026-06-20T14:00:00-03:00","America/Sao_Paulo",-23.6473149,-46.6643635,,,,"AirGradient","AirGradient"
6139516,"São Paulo","pm25",6.7,"µg/m³","2026-06-20T18:00:00Z","2026-06-20T15:00:00-03:00","America/Sao_Paulo",-23.6473149,-46.6643635,,,,"AirGradient","AirGradient"
6139516,"São Paulo","pm25",7.1,"µg/m³","2026-06-20T19:00:00Z","2026-06-20T16:00:00-03:00","America/Sao_Paulo",-23.6473149,-46.6643635,,,,"AirGradient","AirGradient"
6139516,"São Paulo","pm25",12.1,"µg/m³","2026-06-20T20:00:00Z","2026-06-20T17:00:00-03:00","America/Sao_Paulo",-23.6473149,-46.6643635,,,,"AirGradient","AirGradient"
6139516,"São Paulo","pm25",19.2,"µg/m³","2026-06-20T21:00:00Z","2026-06-20T18:00:00-03:00","America/Sao_Paulo",-23.6473149,-46.6643635,,,,"AirGradient","AirGradient"
6139516,"São Paulo","pm25",22.7,"µg/m³","2026-06-20T22:00:00Z","2026-06-20T19:00:00-03:00","America/Sao_Paulo",-23.6473149,-46.6643635,,,,"AirGradient","AirGradient"
6139516,"São Paulo","pm25",23.8,"µg/m³","2026-06-20T23:00:00Z","2026-06-20T20:00:00-03:00","America/Sao_Paulo",-23.6473149,-46.6643635,,,,"AirGradient","AirGradient"
6139516,"São Paulo","pm25",14.2,"µg/m³","2026-06-21T00:00:00Z","2026-06-20T21:00:00-03:00","America/Sao_Paulo",-23.6473149,-46.6643635,,,,"AirGradient","AirGradient"
6139516,"São Paulo","pm25",0.1,"µg/m³","2026-06-21T01:00:00Z","2026-06-20T22:00:00-03:00","America/Sao_Paulo",-23.6473149,-46.6643635,,,,"AirGradient","AirGradient"
6139516,"São Paulo","pm25",0.8,"µg/m³","2026-06-21T02:00:00Z","2026-06-20T23:00:00-03:00","America/Sao_Paulo",-23.6473149,-46.6643635,,,,"AirGradient","AirGradient"
6139516,"São Paulo","pm25",2.3,"µg/m³","2026-06-21T03:00:00Z","2026-06-21T00:00:00-03:00","America/Sao_Paulo",-23.6473149,-46.6643635,,,,"AirGradient","AirGradient"
6139516,"São Paulo","pm25",2.1,"µg/m³","2026-06-21T04:00:00Z","2026-06-21T01:00:00-03:00","America/Sao_Paulo",-23.6473149,-46.6643635,,,,"AirGradient","AirGradient"
6139516,"São Paulo","pm25",0.6,"µg/m³","2026-06-21T05:00:00Z","2026-06-21T02:00:00-03:00","America/Sao_Paulo",-23.6473149,-46.6643635,,,,"AirGradient","AirGradient"
6139516,"São Paulo","pm25",1.8,"µg/m³","2026-06-21T06:00:00Z","2026-06-21T03:00:00-03:00","America/Sao_Paulo",-23.6473149,-46.6643635,,,,"AirGradient","AirGradient"
6139516,"São Paulo","pm25",0.4,"µg/m³","2026-06-21T07:00:00Z","2026-06-21T04:00:00-03:00","America/Sao_Paulo",-23.6473149,-46.6643635,,,,"AirGradient","AirGradient"
6139516,"São Paulo","pm25",0.2,"µg/m³","2026-06-21T08:00:00Z","2026-06-21T05:00:00-03:00","America/Sao_Paulo",-23.6473149,-46.6643635,,,,"AirGradient","AirGradient"
6139516,"São Paulo","pm25",1.7,"µg/m³","2026-06-21T09:00:00Z","2026-06-21T06:00:00-03:00","America/Sao_Paulo",-23.6473149,-46.6643635,,,,"AirGradient","AirGradient"
6139516,"São Paulo","pm25",3.2,"µg/m³","2026-06-21T10:00:00Z","2026-06-21T07:00:00-03:00","America/Sao_Paulo",-23.6473149,-46.6643635,,,,"AirGradient","AirGradient"
6139516,"São Paulo","pm25",1.9,"µg/m³","2026-06-21T11:00:00Z","2026-06-21T08:00:00-03:00","America/Sao_Paulo",-23.6473149,-46.6643635,,,,"AirGradient","AirGradient"
6139516,"São Paulo","pm25",1.4,"µg/m³","2026-06-21T12:00:00Z","2026-06-21T09:00:00-03:00","America/Sao_Paulo",-23.6473149,-46.6643635,,,,"AirGradient","AirGradient"
6139516,"São Paulo","pm25",2.1,"µg/m³","2026-06-21T13:00:00Z","2026-06-21T10:00:00-03:00","America/Sao_Paulo",-23.6473149,-46.6643635,,,,"AirGradient","AirGradient"
6139516,"São Paulo","pm25",2.1,"µg/m³","2026-06-21T14:00:00Z","2026-06-21T11:00:00-03:00","America/Sao_Paulo",-23.6473149,-46.6643635,,,,"AirGradient","AirGradient"
6139516,"São Paulo","pm25",0.7,"µg/m³","2026-06-21T15:00:00Z","2026-06-21T12:00:00-03:00","America/Sao_Paulo",-23.6473149,-46.6643635,,,,"AirGradient","AirGradient"
6139516,"São Paulo","pm25",0.7,"µg/m³","2026-06-21T16:00:00Z","2026-06-21T13:00:00-03:00","America/Sao_Paulo",-23.6473149,-46.6643635,,,,"AirGradient","AirGradient"
6139516,"São Paulo","pm25",3,"µg/m³","2026-06-21T17:00:00Z","2026-06-21T14:00:00-03:00","America/Sao_Paulo",-23.6473149,-46.6643635,,,,"AirGradient","AirGradient"
6139516,"São Paulo","pm25",6.5,"µg/m³","2026-06-21T18:00:00Z","2026-06-21T15:00:00-03:00","America/Sao_Paulo",-23.6473149,-46.6643635,,,,"AirGradient","AirGradient"
6139516,"São Paulo","pm25",7.2,"µg/m³","2026-06-21T19:00:00Z","2026-06-21T16:00:00-03:00","America/Sao_Paulo",-23.6473149,-46.6643635,,,,"AirGradient","AirGradient"
6139516,"São Paulo","pm25",29.9,"µg/m³","2026-06-21T20:00:00Z","2026-06-21T17:00:00-03:00","America/Sao_Paulo",-23.6473149,-46.6643635,,,,"AirGradient","AirGradient"
6139516,"São Paulo","pm25",37.6,"µg/m³","2026-06-21T21:00:00Z","2026-06-21T18:00:00-03:00","America/Sao_Paulo",-23.6473149,-46.6643635,,,,"AirGradient","AirGradient"
6139516,"São Paulo","pm25",36,"µg/m³","2026-06-21T22:00:00Z","2026-06-21T19:00:00-03:00","America/Sao_Paulo",-23.6473149,-46.6643635,,,,"AirGradient","AirGradient"
6139516,"São Paulo","pm25",41.3,"µg/m³","2026-06-21T23:00:00Z","2026-06-21T20:00:00-03:00","America/Sao_Paulo",-23.6473149,-46.6643635,,,,"AirGradient","AirGradient"
6139516,"São Paulo","pm25",48.2,"µg/m³","2026-06-22T00:00:00Z","2026-06-21T21:00:00-03:00","America/Sao_Paulo",-23.6473149,-46.6643635,,,,"AirGradient","AirGradient"
6139516,"São Paulo","pm25",53,"µg/m³","2026-06-22T01:00:00Z","2026-06-21T22:00:00-03:00","America/Sao_Paulo",-23.6473149,-46.6643635,,,,"AirGradient","AirGradient"
6139516,"São Paulo","pm25",54.4,"µg/m³","2026-06-22T02:00:00Z","2026-06-21T23:00:00-03:00","America/Sao_Paulo",-23.6473149,-46.6643635,,,,"AirGradient","AirGradient"
6139516,"São Paulo","pm25",54.5,"µg/m³","2026-06-22T03:00:00Z","2026-06-22T00:00:00-03:00","America/Sao_Paulo",-23.6473149,-46.6643635,,,,"AirGradient","AirGradient"
6139516,"São Paulo","pm25",52.6,"µg/m³","2026-06-22T04:00:00Z","2026-06-22T01:00:00-03:00","America/Sao_Paulo",-23.6473149,-46.6643635,,,,"AirGradient","AirGradient"
6139516,"São Paulo","pm25",50,"µg/m³","2026-06-22T05:00:00Z","2026-06-22T02:00:00-03:00","America/Sao_Paulo",-23.6473149,-46.6643635,,,,"AirGradient","AirGradient"
6139516,"São Paulo","pm25",45.7,"µg/m³","2026-06-22T06:00:00Z","2026-06-22T03:00:00-03:00","America/Sao_Paulo",-23.6473149,-46.6643635,,,,"AirGradient","AirGradient"
6139516,"São Paulo","pm25",48.9,"µg/m³","2026-06-22T07:00:00Z","2026-06-22T04:00:00-03:00","America/Sao_Paulo",-23.6473149,-46.6643635,,,,"AirGradient","AirGradient"
6139516,"São Paulo","pm25",39.2,"µg/m³","2026-06-22T08:00:00Z","2026-06-22T05:00:00-03:00","America/Sao_Paulo",-23.6473149,-46.6643635,,,,"AirGradient","AirGradient"
6139516,"São Paulo","pm25",35.4,"µg/m³","2026-06-22T09:00:00Z","2026-06-22T06:00:00-03:00","America/Sao_Paulo",-23.6473149,-46.6643635,,,,"AirGradient","AirGradient"
6139516,"São Paulo","pm25",38.2,"µg/m³","2026-06-22T10:00:00Z","2026-06-22T07:00:00-03:00","America/Sao_Paulo",-23.6473149,-46.6643635,,,,"AirGradient","AirGradient"
6139516,"São Paulo","pm25",33.4,"µg/m³","2026-06-22T11:00:00Z","2026-06-22T08:00:00-03:00","America/Sao_Paulo",-23.6473149,-46.6643635,,,,"AirGradient","AirGradient"
6139516,"São Paulo","pm25",34.3,"µg/m³","2026-06-22T12:00:00Z","2026-06-22T09:00:00-03:00","America/Sao_Paulo",-23.6473149,-46.6643635,,,,"AirGradient","AirGradient"
6139516,"São Paulo","pm25",32.7,"µg/m³","2026-06-22T13:00:00Z","2026-06-22T10:00:00-03:00","America/Sao_Paulo",-23.6473149,-46.6643635,,,,"AirGradient","AirGradient"
6139516,"São Paulo","pm25",27.1,"µg/m³","2026-06-22T14:00:00Z","2026-06-22T11:00:00-03:00","America/Sao_Paulo",-23.6473149,-46.6643635,,,,"AirGradient","AirGradient"
6139516,"São Paulo","pm25",16.4,"µg/m³","2026-06-22T15:00:00Z","2026-06-22T12:00:00-03:00","America/Sao_Paulo",-23.6473149,-46.6643635,,,,"AirGradient","AirGradient"
6139516,"São Paulo","pm25",1.8,"µg/m³","2026-06-22T16:00:00Z","2026-06-22T13:00:00-03:00","America/Sao_Paulo",-23.6473149,-46.6643635,,,,"AirGradient","AirGradient"
6139516,"São Paulo","pm25",0.2,"µg/m³","2026-06-22T17:00:00Z","2026-06-22T14:00:00-03:00","America/Sao_Paulo",-23.6473149,-46.6643635,,,,"AirGradient","AirGradient"
6139516,"São Paulo","pm25",0.1,"µg/m³","2026-06-22T18:00:00Z","2026-06-22T15:00:00-03:00","America/Sao_Paulo",-23.6473149,-46.6643635,,,,"AirGradient","AirGradient"
6139516,"São Paulo","pm25",0.3,"µg/m³","2026-06-22T19:00:00Z","2026-06-22T16:00:00-03:00","America/Sao_Paulo",-23.6473149,-46.6643635,,,,"AirGradient","AirGradient"
6139516,"São Paulo","pm25",0,"µg/m³","2026-06-22T20:00:00Z","2026-06-22T17:00:00-03:00","America/Sao_Paulo",-23.6473149,-46.6643635,,,,"AirGradient","AirGradient"
6139516,"São Paulo","pm25",0.4,"µg/m³","2026-06-22T21:00:00Z","2026-06-22T18:00:00-03:00","America/Sao_Paulo",-23.6473149,-46.6643635,,,,"AirGradient","AirGradient"
6139516,"São Paulo","pm25",1.1,"µg/m³","2026-06-22T22:00:00Z","2026-06-22T19:00:00-03:00","America/Sao_Paulo",-23.6473149,-46.6643635,,,,"AirGradient","AirGradient"
6139516,"São Paulo","pm25",2.7,"µg/m³","2026-06-22T23:00:00Z","2026-06-22T20:00:00-03:00","America/Sao_Paulo",-23.6473149,-46.6643635,,,,"AirGradient","AirGradient"
6139516,"São Paulo","pm25",4.5,"µg/m³","2026-06-23T00:00:00Z","2026-06-22T21:00:00-03:00","America/Sao_Paulo",-23.6473149,-46.6643635,,,,"AirGradient","AirGradient"
6139516,"São Paulo","pm25",4.9,"µg/m³","2026-06-23T01:00:00Z","2026-06-22T22:00:00-03:00","America/Sao_Paulo",-23.6473149,-46.6643635,,,,"AirGradient","AirGradient"
6139516,"São Paulo","pm25",3.3,"µg/m³","2026-06-23T02:00:00Z","2026-06-22T23:00:00-03:00","America/Sao_Paulo",-23.6473149,-46.6643635,,,,"AirGradient","AirGradient"
6139516,"São Paulo","pm25",4.1,"µg/m³","2026-06-23T03:00:00Z","2026-06-23T00:00:00-03:00","America/Sao_Paulo",-23.6473149,-46.6643635,,,,"AirGradient","AirGradient"
6139516,"São Paulo","pm25",1.9,"µg/m³","2026-06-23T04:00:00Z","2026-06-23T01:00:00-03:00","America/Sao_Paulo",-23.6473149,-46.6643635,,,,"AirGradient","AirGradient"
6139516,"São Paulo","pm25",1.6,"µg/m³","2026-06-23T05:00:00Z","2026-06-23T02:00:00-03:00","America/Sao_Paulo",-23.6473149,-46.6643635,,,,"AirGradient","AirGradient"
6139516,"São Paulo","pm25",3.4,"µg/m³","2026-06-23T06:00:00Z","2026-06-23T03:00:00-03:00","America/Sao_Paulo",-23.6473149,-46.6643635,,,,"AirGradient","AirGradient"
6139516,"São Paulo","pm25",7.6,"µg/m³","2026-06-23T07:00:00Z","2026-06-23T04:00:00-03:00","America/Sao_Paulo",-23.6473149,-46.6643635,,,,"AirGradient","AirGradient"
6139516,"São Paulo","pm25",8.6,"µg/m³","2026-06-23T08:00:00Z","2026-06-23T05:00:00-03:00","America/Sao_Paulo",-23.6473149,-46.6643635,,,,"AirGradient","AirGradient"
6139516,"São Paulo","pm25",6.8,"µg/m³","2026-06-23T09:00:00Z","2026-06-23T06:00:00-03:00","America/Sao_Paulo",-23.6473149,-46.6643635,,,,"AirGradient","AirGradient"
6139516,"São Paulo","pm25",5.7,"µg/m³","2026-06-23T10:00:00Z","2026-06-23T07:00:00-03:00","America/Sao_Paulo",-23.6473149,-46.6643635,,,,"AirGradient","AirGradient"
6139516,"São Paulo","pm25",17.3,"µg/m³","2026-06-23T11:00:00Z","2026-06-23T08:00:00-03:00","America/Sao_Paulo",-23.6473149,-46.6643635,,,,"AirGradient","AirGradient"
6139516,"São Paulo","pm25",33.6,"µg/m³","2026-06-23T12:00:00Z","2026-06-23T09:00:00-03:00","America/Sao_Paulo",-23.6473149,-46.6643635,,,,"AirGradient","AirGradient"
6139516,"São Paulo","pm25",10.6,"µg/m³","2026-06-23T13:00:00Z","2026-06-23T10:00:00-03:00","America/Sao_Paulo",-23.6473149,-46.6643635,,,,"AirGradient","AirGradient"
6139516,"São Paulo","pm25",22.2,"µg/m³","2026-06-23T14:00:00Z","2026-06-23T11:00:00-03:00","America/Sao_Paulo",-23.6473149,-46.6643635,,,,"AirGradient","AirGradient"
6139516,"São Paulo","pm25",21.2,"µg/m³","2026-06-23T15:00:00Z","2026-06-23T12:00:00-03:00","America/Sao_Paulo",-23.6473149,-46.6643635,,,,"AirGradient","AirGradient"
6139516,"São Paulo","pm25",17.4,"µg/m³","2026-06-23T16:00:00Z","2026-06-23T13:00:00-03:00","America/Sao_Paulo",-23.6473149,-46.6643635,,,,"AirGradient","AirGradient"
6139516,"São Paulo","pm25",24.2,"µg/m³","2026-06-23T17:00:00Z","2026-06-23T14:00:00-03:00","America/Sao_Paulo",-23.6473149,-46.6643635,,,,"AirGradient","AirGradient"
6139516,"São Paulo","pm25",15.8,"µg/m³","2026-06-23T18:00:00Z","2026-06-23T15:00:00-03:00","America/Sao_Paulo",-23.6473149,-46.6643635,,,,"AirGradient","AirGradient"
6139516,"São Paulo","pm25",13.9,"µg/m³","2026-06-23T19:00:00Z","2026-06-23T16:00:00-03:00","America/Sao_Paulo",-23.6473149,-46.6643635,,,,"AirGradient","AirGradient"
6139516,"São Paulo","pm25",0.2,"µg/m³","2026-06-23T20:00:00Z","2026-06-23T17:00:00-03:00","America/Sao_Paulo",-23.6473149,-46.6643635,,,,"AirGradient","AirGradient"
6139516,"São Paulo","pm25",0,"µg/m³","2026-06-23T21:00:00Z","2026-06-23T18:00:00-03:00","America/Sao_Paulo",-23.6473149,-46.6643635,,,,"AirGradient","AirGradient"
6139516,"São Paulo","pm25",0,"µg/m³","2026-06-23T22:00:00Z","2026-06-23T19:00:00-03:00","America/Sao_Paulo",-23.6473149,-46.6643635,,,,"AirGradient","AirGradient"
6139516,"São Paulo","pm25",0,"µg/m³","2026-06-23T23:00:00Z","2026-06-23T20:00:00-03:00","America/Sao_Paulo",-23.6473149,-46.6643635,,,,"AirGradient","AirGradient"
6139516,"São Paulo","pm25",0,"µg/m³","2026-06-24T00:00:00Z","2026-06-23T21:00:00-03:00","America/Sao_Paulo",-23.6473149,-46.6643635,,,,"AirGradient","AirGradient"
6139516,"São Paulo","pm25",0,"µg/m³","2026-06-24T01:00:00Z","2026-06-23T22:00:00-03:00","America/Sao_Paulo",-23.6473149,-46.6643635,,,,"AirGradient","AirGradient"
6139516,"São Paulo","pm25",0,"µg/m³","2026-06-24T02:00:00Z","2026-06-23T23:00:00-03:00","America/Sao_Paulo",-23.6473149,-46.6643635,,,,"AirGradient","AirGradient"
6139516,"São Paulo","pm25",0,"µg/m³","2026-06-24T03:00:00Z","2026-06-24T00:00:00-03:00","America/Sao_Paulo",-23.6473149,-46.6643635,,,,"AirGradient","AirGradient"
6139516,"São Paulo","pm25",0,"µg/m³","2026-06-24T04:00:00Z","2026-06-24T01:00:00-03:00","America/Sao_Paulo",-23.6473149,-46.6643635,,,,"AirGradient","AirGradient"
6139516,"São Paulo","pm25",0,"µg/m³","2026-06-24T05:00:00Z","2026-06-24T02:00:00-03:00","America/Sao_Paulo",-23.6473149,-46.6643635,,,,"AirGradient","AirGradient"
6139516,"São Paulo","pm25",0,"µg/m³","2026-06-24T06:00:00Z","2026-06-24T03:00:00-03:00","America/Sao_Paulo",-23.6473149,-46.6643635,,,,"AirGradient","AirGradient"
6139516,"São Paulo","pm25",0,"µg/m³","2026-06-24T07:00:00Z","2026-06-24T04:00:00-03:00","America/Sao_Paulo",-23.6473149,-46.6643635,,,,"AirGradient","AirGradient"
6139516,"São Paulo","pm25",0,"µg/m³","2026-06-24T08:00:00Z","2026-06-24T05:00:00-03:00","America/Sao_Paulo",-23.6473149,-46.6643635,,,,"AirGradient","AirGradient"
6139516,"São Paulo","pm25",0,"µg/m³","2026-06-24T09:00:00Z","2026-06-24T06:00:00-03:00","America/Sao_Paulo",-23.6473149,-46.6643635,,,,"AirGradient","AirGradient"
6139516,"São Paulo","pm25",0,"µg/m³","2026-06-24T10:00:00Z","2026-06-24T07:00:00-03:00","America/Sao_Paulo",-23.6473149,-46.6643635,,,,"AirGradient","AirGradient"
6139516,"São Paulo","pm25",0.3,"µg/m³","2026-06-24T11:00:00Z","2026-06-24T08:00:00-03:00","America/Sao_Paulo",-23.6473149,-46.6643635,,,,"AirGradient","AirGradient"
6139516,"São Paulo","pm25",0.3,"µg/m³","2026-06-24T12:00:00Z","2026-06-24T09:00:00-03:00","America/Sao_Paulo",-23.6473149,-46.6643635,,,,"AirGradient","AirGradient"
6139516,"São Paulo","pm25",0,"µg/m³","2026-06-24T13:00:00Z","2026-06-24T10:00:00-03:00","America/Sao_Paulo",-23.6473149,-46.6643635,,,,"AirGradient","AirGradient"
6139516,"São Paulo","pm25",0.5,"µg/m³","2026-06-24T14:00:00Z","2026-06-24T11:00:00-03:00","America/Sao_Paulo",-23.6473149,-46.6643635,,,,"AirGradient","AirGradient"
6139516,"São Paulo","pm25",0,"µg/m³","2026-06-24T15:00:00Z","2026-06-24T12:00:00-03:00","America/Sao_Paulo",-23.6473149,-46.6643635,,,,"AirGradient","AirGradient"
6139516,"São Paulo","pm25",0,"µg/m³","2026-06-24T16:00:00Z","2026-06-24T13:00:00-03:00","America/Sao_Paulo",-23.6473149,-46.6643635,,,,"AirGradient","AirGradient"
6139516,"São Paulo","pm25",0.1,"µg/m³","2026-06-24T17:00:00Z","2026-06-24T14:00:00-03:00","America/Sao_Paulo",-23.6473149,-46.6643635,,,,"AirGradient","AirGradient"
6139516,"São Paulo","pm25",0.6,"µg/m³","2026-06-24T18:00:00Z","2026-06-24T15:00:00-03:00","America/Sao_Paulo",-23.6473149,-46.6643635,,,,"AirGradient","AirGradient"
6139516,"São Paulo","pm25",0,"µg/m³","2026-06-24T19:00:00Z","2026-06-24T16:00:00-03:00","America/Sao_Paulo",-23.6473149,-46.6643635,,,,"AirGradient","AirGradient"
6139516,"São Paulo","pm25",0,"µg/m³","2026-06-24T20:00:00Z","2026-06-24T17:00:00-03:00","America/Sao_Paulo",-23.6473149,-46.6643635,,,,"AirGradient","AirGradient"
6139516,"São Paulo","pm25",0.3,"µg/m³","2026-06-24T21:00:00Z","2026-06-24T18:00:00-03:00","America/Sao_Paulo",-23.6473149,-46.6643635,,,,"AirGradient","AirGradient"
6139516,"São Paulo","pm25",1.6,"µg/m³","2026-06-24T22:00:00Z","2026-06-24T19:00:00-03:00","America/Sao_Paulo",-23.6473149,-46.6643635,,,,"AirGradient","AirGradient"
6139516,"São Paulo","pm25",2.9,"µg/m³","2026-06-24T23:00:00Z","2026-06-24T20:00:00-03:00","America/Sao_Paulo",-23.6473149,-46.6643635,,,,"AirGradient","AirGradient"
6139516,"São Paulo","pm25",4.1,"µg/m³","2026-06-25T00:00:00Z","2026-06-24T21:00:00-03:00","America/Sao_Paulo",-23.6473149,-46.6643635,,,,"AirGradient","AirGradient"
6139516,"São Paulo","relativehumidity",65,"%","2026-05-24T01:00:00Z","2026-05-23T22:00:00-03:00","America/Sao_Paulo",-23.6473149,-46.6643635,,,,"AirGradient","AirGradient"
6139516,"São Paulo","relativehumidity",65,"%","2026-05-24T02:00:00Z","2026-05-23T23:00:00-03:00","America/Sao_Paulo",-23.6473149,-46.6643635,,,,"AirGradient","AirGradient"
6139516,"São Paulo","relativehumidity",65,"%","2026-05-24T03:00:00Z","2026-05-24T00:00:00-03:00","America/Sao_Paulo",-23.6473149,-46.6643635,,,,"AirGradient","AirGradient"
6139516,"São Paulo","relativehumidity",65,"%","2026-05-24T04:00:00Z","2026-05-24T01:00:00-03:00","America/Sao_Paulo",-23.6473149,-46.6643635,,,,"AirGradient","AirGradient"
6139516,"São Paulo","relativehumidity",64,"%","2026-05-24T05:00:00Z","2026-05-24T02:00:00-03:00","America/Sao_Paulo",-23.6473149,-46.6643635,,,,"AirGradient","AirGradient"
6139516,"São Paulo","relativehumidity",63,"%","2026-05-24T06:00:00Z","2026-05-24T03:00:00-03:00","America/Sao_Paulo",-23.6473149,-46.6643635,,,,"AirGradient","AirGradient"
6139516,"São Paulo","relativehumidity",64,"%","2026-05-24T07:00:00Z","2026-05-24T04:00:00-03:00","America/Sao_Paulo",-23.6473149,-46.6643635,,,,"AirGradient","AirGradient"
6139516,"São Paulo","relativehumidity",63,"%","2026-05-24T08:00:00Z","2026-05-24T05:00:00-03:00","America/Sao_Paulo",-23.6473149,-46.6643635,,,,"AirGradient","AirGradient"
6139516,"São Paulo","relativehumidity",64,"%","2026-05-24T09:00:00Z","2026-05-24T06:00:00-03:00","America/Sao_Paulo",-23.6473149,-46.6643635,,,,"AirGradient","AirGradient"
6139516,"São Paulo","relativehumidity",63,"%","2026-05-24T10:00:00Z","2026-05-24T07:00:00-03:00","America/Sao_Paulo",-23.6473149,-46.6643635,,,,"AirGradient","AirGradient"
6139516,"São Paulo","relativehumidity",61,"%","2026-05-24T11:00:00Z","2026-05-24T08:00:00-03:00","America/Sao_Paulo",-23.6473149,-46.6643635,,,,"AirGradient","AirGradient"
6139516,"São Paulo","relativehumidity",53,"%","2026-05-24T12:00:00Z","2026-05-24T09:00:00-03:00","America/Sao_Paulo",-23.6473149,-46.6643635,,,,"AirGradient","AirGradient"
6139516,"São Paulo","relativehumidity",50,"%","2026-05-24T13:00:00Z","2026-05-24T10:00:00-03:00","America/Sao_Paulo",-23.6473149,-46.6643635,,,,"AirGradient","AirGradient"
6139516,"São Paulo","relativehumidity",47,"%","2026-05-24T14:00:00Z","2026-05-24T11:00:00-03:00","America/Sao_Paulo",-23.6473149,-46.6643635,,,,"AirGradient","AirGradient"
6139516,"São Paulo","relativehumidity",47,"%","2026-05-24T15:00:00Z","2026-05-24T12:00:00-03:00","America/Sao_Paulo",-23.6473149,-46.6643635,,,,"AirGradient","AirGradient"
6139516,"São Paulo","relativehumidity",50,"%","2026-05-24T16:00:00Z","2026-05-24T13:00:00-03:00","America/Sao_Paulo",-23.6473149,-46.6643635,,,,"AirGradient","AirGradient"
6139516,"São Paulo","relativehumidity",50,"%","2026-05-24T17:00:00Z","2026-05-24T14:00:00-03:00","America/Sao_Paulo",-23.6473149,-46.6643635,,,,"AirGradient","AirGradient"
6139516,"São Paulo","relativehumidity",49,"%","2026-05-24T18:00:00Z","2026-05-24T15:00:00-03:00","America/Sao_Paulo",-23.6473149,-46.6643635,,,,"AirGradient","AirGradient"
6139516,"São Paulo","relativehumidity",51,"%","2026-05-24T19:00:00Z","2026-05-24T16:00:00-03:00","America/Sao_Paulo",-23.6473149,-46.6643635,,,,"AirGradient","AirGradient"
6139516,"São Paulo","relativehumidity",55,"%","2026-05-24T20:00:00Z","2026-05-24T17:00:00-03:00","America/Sao_Paulo",-23.6473149,-46.6643635,,,,"AirGradient","AirGradient"
6139516,"São Paulo","relativehumidity",55,"%","2026-05-24T21:00:00Z","2026-05-24T18:00:00-03:00","America/Sao_Paulo",-23.6473149,-46.6643635,,,,"AirGradient","AirGradient"
6139516,"São Paulo","relativehumidity",54,"%","2026-05-24T22:00:00Z","2026-05-24T19:00:00-03:00","America/Sao_Paulo",-23.6473149,-46.6643635,,,,"AirGradient","AirGradient"
6139516,"São Paulo","relativehumidity",59,"%","2026-05-24T23:00:00Z","2026-05-24T20:00:00-03:00","America/Sao_Paulo",-23.6473149,-46.6643635,,,,"AirGradient","AirGradient"
6139516,"São Paulo","relativehumidity",58,"%","2026-05-25T00:00:00Z","2026-05-24T21:00:00-03:00","America/Sao_Paulo",-23.6473149,-46.6643635,,,,"AirGradient","AirGradient"
6139516,"São Paulo","relativehumidity",62,"%","2026-05-25T01:00:00Z","2026-05-24T22:00:00-03:00","America/Sao_Paulo",-23.6473149,-46.6643635,,,,"AirGradient","AirGradient"
6139516,"São Paulo","relativehumidity",64,"%","2026-05-25T02:00:00Z","2026-05-24T23:00:00-03:00","America/Sao_Paulo",-23.6473149,-46.6643635,,,,"AirGradient","AirGradient"
6139516,"São Paulo","relativehumidity",63,"%","2026-05-25T03:00:00Z","2026-05-25T00:00:00-03:00","America/Sao_Paulo",-23.6473149,-46.6643635,,,,"AirGradient","AirGradient"
6139516,"São Paulo","relativehumidity",62,"%","2026-05-25T04:00:00Z","2026-05-25T01:00:00-03:00","America/Sao_Paulo",-23.6473149,-46.6643635,,,,"AirGradient","AirGradient"
6139516,"São Paulo","relativehumidity",62,"%","2026-05-25T05:00:00Z","2026-05-25T02:00:00-03:00","America/Sao_Paulo",-23.6473149,-46.6643635,,,,"AirGradient","AirGradient"
6139516,"São Paulo","relativehumidity",61,"%","2026-05-25T06:00:00Z","2026-05-25T03:00:00-03:00","America/Sao_Paulo",-23.6473149,-46.6643635,,,,"AirGradient","AirGradient"
6139516,"São Paulo","relativehumidity",62,"%","2026-05-25T07:00:00Z","2026-05-25T04:00:00-03:00","America/Sao_Paulo",-23.6473149,-46.6643635,,,,"AirGradient","AirGradient"
6139516,"São Paulo","relativehumidity",61,"%","2026-05-25T08:00:00Z","2026-05-25T05:00:00-03:00","America/Sao_Paulo",-23.6473149,-46.6643635,,,,"AirGradient","AirGradient"
6139516,"São Paulo","relativehumidity",62,"%","2026-05-25T09:00:00Z","2026-05-25T06:00:00-03:00","America/Sao_Paulo",-23.6473149,-46.6643635,,,,"AirGradient","AirGradient"
6139516,"São Paulo","relativehumidity",62,"%","2026-05-25T10:00:00Z","2026-05-25T07:00:00-03:00","America/Sao_Paulo",-23.6473149,-46.6643635,,,,"AirGradient","AirGradient"
6139516,"São Paulo","relativehumidity",62,"%","2026-05-25T11:00:00Z","2026-05-25T08:00:00-03:00","America/Sao_Paulo",-23.6473149,-46.6643635,,,,"AirGradient","AirGradient"
6139516,"São Paulo","relativehumidity",63,"%","2026-05-25T12:00:00Z","2026-05-25T09:00:00-03:00","America/Sao_Paulo",-23.6473149,-46.6643635,,,,"AirGradient","AirGradient"
6139516,"São Paulo","relativehumidity",63,"%","2026-05-25T13:00:00Z","2026-05-25T10:00:00-03:00","America/Sao_Paulo",-23.6473149,-46.6643635,,,,"AirGradient","AirGradient"
6139516,"São Paulo","relativehumidity",60,"%","2026-05-25T14:00:00Z","2026-05-25T11:00:00-03:00","America/Sao_Paulo",-23.6473149,-46.6643635,,,,"AirGradient","AirGradient"
6139516,"São Paulo","relativehumidity",56,"%","2026-05-25T15:00:00Z","2026-05-25T12:00:00-03:00","America/Sao_Paulo",-23.6473149,-46.6643635,,,,"AirGradient","AirGradient"
6139516,"São Paulo","relativehumidity",53,"%","2026-05-25T16:00:00Z","2026-05-25T13:00:00-03:00","America/Sao_Paulo",-23.6473149,-46.6643635,,,,"AirGradient","AirGradient"
6139516,"São Paulo","relativehumidity",54,"%","2026-05-25T17:00:00Z","2026-05-25T14:00:00-03:00","America/Sao_Paulo",-23.6473149,-46.6643635,,,,"AirGradient","AirGradient"
6139516,"São Paulo","relativehumidity",52,"%","2026-05-25T18:00:00Z","2026-05-25T15:00:00-03:00","America/Sao_Paulo",-23.6473149,-46.6643635,,,,"AirGradient","AirGradient"
6139516,"São Paulo","relativehumidity",54,"%","2026-05-25T19:00:00Z","2026-05-25T16:00:00-03:00","America/Sao_Paulo",-23.6473149,-46.6643635,,,,"AirGradient","AirGradient"
6139516,"São Paulo","relativehumidity",58,"%","2026-05-25T20:00:00Z","2026-05-25T17:00:00-03:00","America/Sao_Paulo",-23.6473149,-46.6643635,,,,"AirGradient","AirGradient"
6139516,"São Paulo","relativehumidity",62,"%","2026-05-25T21:00:00Z","2026-05-25T18:00:00-03:00","America/Sao_Paulo",-23.6473149,-46.6643635,,,,"AirGradient","AirGradient"
6139516,"São Paulo","relativehumidity",64,"%","2026-05-25T22:00:00Z","2026-05-25T19:00:00-03:00","America/Sao_Paulo",-23.6473149,-46.6643635,,,,"AirGradient","AirGradient"
6139516,"São Paulo","relativehumidity",64,"%","2026-05-25T23:00:00Z","2026-05-25T20:00:00-03:00","America/Sao_Paulo",-23.6473149,-46.6643635,,,,"AirGradient","AirGradient"
6139516,"São Paulo","relativehumidity",65,"%","2026-05-26T00:00:00Z","2026-05-25T21:00:00-03:00","America/Sao_Paulo",-23.6473149,-46.6643635,,,,"AirGradient","AirGradient"
6139516,"São Paulo","relativehumidity",65,"%","2026-05-26T01:00:00Z","2026-05-25T22:00:00-03:00","America/Sao_Paulo",-23.6473149,-46.6643635,,,,"AirGradient","AirGradient"
6139516,"São Paulo","relativehumidity",64,"%","2026-05-26T02:00:00Z","2026-05-25T23:00:00-03:00","America/Sao_Paulo",-23.6473149,-46.6643635,,,,"AirGradient","AirGradient"
6139516,"São Paulo","relativehumidity",63,"%","2026-05-26T03:00:00Z","2026-05-26T00:00:00-03:00","America/Sao_Paulo",-23.6473149,-46.6643635,,,,"AirGradient","AirGradient"
6139516,"São Paulo","relativehumidity",64,"%","2026-05-26T04:00:00Z","2026-05-26T01:00:00-03:00","America/Sao_Paulo",-23.6473149,-46.6643635,,,,"AirGradient","AirGradient"
6139516,"São Paulo","relativehumidity",63,"%","2026-05-26T05:00:00Z","2026-05-26T02:00:00-03:00","America/Sao_Paulo",-23.6473149,-46.6643635,,,,"AirGradient","AirGradient"
6139516,"São Paulo","relativehumidity",64,"%","2026-05-26T06:00:00Z","2026-05-26T03:00:00-03:00","America/Sao_Paulo",-23.6473149,-46.6643635,,,,"AirGradient","AirGradient"
6139516,"São Paulo","relativehumidity",64,"%","2026-05-26T07:00:00Z","2026-05-26T04:00:00-03:00","America/Sao_Paulo",-23.6473149,-46.6643635,,,,"AirGradient","AirGradient"
6139516,"São Paulo","relativehumidity",65,"%","2026-05-26T08:00:00Z","2026-05-26T05:00:00-03:00","America/Sao_Paulo",-23.6473149,-46.6643635,,,,"AirGradient","AirGradient"
6139516,"São Paulo","relativehumidity",63,"%","2026-05-26T09:00:00Z","2026-05-26T06:00:00-03:00","America/Sao_Paulo",-23.6473149,-46.6643635,,,,"AirGradient","AirGradient"
6139516,"São Paulo","relativehumidity",62,"%","2026-05-26T10:00:00Z","2026-05-26T07:00:00-03:00","America/Sao_Paulo",-23.6473149,-46.6643635,,,,"AirGradient","AirGradient"
6139516,"São Paulo","relativehumidity",60,"%","2026-05-26T11:00:00Z","2026-05-26T08:00:00-03:00","America/Sao_Paulo",-23.6473149,-46.6643635,,,,"AirGradient","AirGradient"
6139516,"São Paulo","relativehumidity",60,"%","2026-05-26T12:00:00Z","2026-05-26T09:00:00-03:00","America/Sao_Paulo",-23.6473149,-46.6643635,,,,"AirGradient","AirGradient"
6139516,"São Paulo","relativehumidity",57,"%","2026-05-26T13:00:00Z","2026-05-26T10:00:00-03:00","America/Sao_Paulo",-23.6473149,-46.6643635,,,,"AirGradient","AirGradient"
6139516,"São Paulo","relativehumidity",50,"%","2026-05-26T14:00:00Z","2026-05-26T11:00:00-03:00","America/Sao_Paulo",-23.6473149,-46.6643635,,,,"AirGradient","AirGradient"
6139516,"São Paulo","relativehumidity",47,"%","2026-05-26T15:00:00Z","2026-05-26T12:00:00-03:00","America/Sao_Paulo",-23.6473149,-46.6643635,,,,"AirGradient","AirGradient"
6139516,"São Paulo","relativehumidity",47,"%","2026-05-26T16:00:00Z","2026-05-26T13:00:00-03:00","America/Sao_Paulo",-23.6473149,-46.6643635,,,,"AirGradient","AirGradient"
6139516,"São Paulo","relativehumidity",46,"%","2026-05-26T17:00:00Z","2026-05-26T14:00:00-03:00","America/Sao_Paulo",-23.6473149,-46.6643635,,,,"AirGradient","AirGradient"
6139516,"São Paulo","relativehumidity",46,"%","2026-05-26T18:00:00Z","2026-05-26T15:00:00-03:00","America/Sao_Paulo",-23.6473149,-46.6643635,,,,"AirGradient","AirGradient"
6139516,"São Paulo","relativehumidity",43,"%","2026-05-26T19:00:00Z","2026-05-26T16:00:00-03:00","America/Sao_Paulo",-23.6473149,-46.6643635,,,,"AirGradient","AirGradient"
6139516,"São Paulo","relativehumidity",44,"%","2026-05-26T20:00:00Z","2026-05-26T17:00:00-03:00","America/Sao_Paulo",-23.6473149,-46.6643635,,,,"AirGradient","AirGradient"
6139516,"São Paulo","relativehumidity",45,"%","2026-05-26T21:00:00Z","2026-05-26T18:00:00-03:00","America/Sao_Paulo",-23.6473149,-46.6643635,,,,"AirGradient","AirGradient"
6139516,"São Paulo","relativehumidity",48,"%","2026-05-26T22:00:00Z","2026-05-26T19:00:00-03:00","America/Sao_Paulo",-23.6473149,-46.6643635,,,,"AirGradient","AirGradient"
6139516,"São Paulo","relativehumidity",54,"%","2026-05-26T23:00:00Z","2026-05-26T20:00:00-03:00","America/Sao_Paulo",-23.6473149,-46.6643635,,,,"AirGradient","AirGradient"
6139516,"São Paulo","relativehumidity",56,"%","2026-05-27T00:00:00Z","2026-05-26T21:00:00-03:00","America/Sao_Paulo",-23.6473149,-46.6643635,,,,"AirGradient","AirGradient"
6139516,"São Paulo","relativehumidity",59,"%","2026-05-27T01:00:00Z","2026-05-26T22:00:00-03:00","America/Sao_Paulo",-23.6473149,-46.6643635,,,,"AirGradient","AirGradient"
6139516,"São Paulo","relativehumidity",60,"%","2026-05-27T02:00:00Z","2026-05-26T23:00:00-03:00","America/Sao_Paulo",-23.6473149,-46.6643635,,,,"AirGradient","AirGradient"
6139516,"São Paulo","relativehumidity",60,"%","2026-05-27T03:00:00Z","2026-05-27T00:00:00-03:00","America/Sao_Paulo",-23.6473149,-46.6643635,,,,"AirGradient","AirGradient"
6139516,"São Paulo","relativehumidity",61,"%","2026-05-27T04:00:00Z","2026-05-27T01:00:00-03:00","America/Sao_Paulo",-23.6473149,-46.6643635,,,,"AirGradient","AirGradient"
6139516,"São Paulo","relativehumidity",61,"%","2026-05-27T05:00:00Z","2026-05-27T02:00:00-03:00","America/Sao_Paulo",-23.6473149,-46.6643635,,,,"AirGradient","AirGradient"
6139516,"São Paulo","relativehumidity",60,"%","2026-05-27T06:00:00Z","2026-05-27T03:00:00-03:00","America/Sao_Paulo",-23.6473149,-46.6643635,,,,"AirGradient","AirGradient"
6139516,"São Paulo","relativehumidity",61,"%","2026-05-27T07:00:00Z","2026-05-27T04:00:00-03:00","America/Sao_Paulo",-23.6473149,-46.6643635,,,,"AirGradient","AirGradient"
6139516,"São Paulo","relativehumidity",61,"%","2026-05-27T08:00:00Z","2026-05-27T05:00:00-03:00","America/Sao_Paulo",-23.6473149,-46.6643635,,,,"AirGradient","AirGradient"
6139516,"São Paulo","relativehumidity",60,"%","2026-05-27T09:00:00Z","2026-05-27T06:00:00-03:00","America/Sao_Paulo",-23.6473149,-46.6643635,,,,"AirGradient","AirGradient"
6139516,"São Paulo","relativehumidity",60,"%","2026-05-27T10:00:00Z","2026-05-27T07:00:00-03:00","America/Sao_Paulo",-23.6473149,-46.6643635,,,,"AirGradient","AirGradient"
6139516,"São Paulo","relativehumidity",59,"%","2026-05-27T11:00:00Z","2026-05-27T08:00:00-03:00","America/Sao_Paulo",-23.6473149,-46.6643635,,,,"AirGradient","AirGradient"
6139516,"São Paulo","relativehumidity",56,"%","2026-05-27T12:00:00Z","2026-05-27T09:00:00-03:00","America/Sao_Paulo",-23.6473149,-46.6643635,,,,"AirGradient","AirGradient"
6139516,"São Paulo","relativehumidity",50,"%","2026-05-27T13:00:00Z","2026-05-27T10:00:00-03:00","America/Sao_Paulo",-23.6473149,-46.6643635,,,,"AirGradient","AirGradient"
6139516,"São Paulo","relativehumidity",52,"%","2026-05-27T14:00:00Z","2026-05-27T11:00:00-03:00","America/Sao_Paulo",-23.6473149,-46.6643635,,,,"AirGradient","AirGradient"
6139516,"São Paulo","relativehumidity",52,"%","2026-05-27T15:00:00Z","2026-05-27T12:00:00-03:00","America/Sao_Paulo",-23.6473149,-46.6643635,,,,"AirGradient","AirGradient"
6139516,"São Paulo","relativehumidity",53,"%","2026-05-27T16:00:00Z","2026-05-27T13:00:00-03:00","America/Sao_Paulo",-23.6473149,-46.6643635,,,,"AirGradient","AirGradient"
6139516,"São Paulo","relativehumidity",56,"%","2026-05-27T17:00:00Z","2026-05-27T14:00:00-03:00","America/Sao_Paulo",-23.6473149,-46.6643635,,,,"AirGradient","AirGradient"
6139516,"São Paulo","relativehumidity",59,"%","2026-05-27T18:00:00Z","2026-05-27T15:00:00-03:00","America/Sao_Paulo",-23.6473149,-46.6643635,,,,"AirGradient","AirGradient"
6139516,"São Paulo","relativehumidity",59,"%","2026-05-27T19:00:00Z","2026-05-27T16:00:00-03:00","America/Sao_Paulo",-23.6473149,-46.6643635,,,,"AirGradient","AirGradient"
6139516,"São Paulo","relativehumidity",61,"%","2026-05-27T20:00:00Z","2026-05-27T17:00:00-03:00","America/Sao_Paulo",-23.6473149,-46.6643635,,,,"AirGradient","AirGradient"
6139516,"São Paulo","relativehumidity",61,"%","2026-05-27T21:00:00Z","2026-05-27T18:00:00-03:00","America/Sao_Paulo",-23.6473149,-46.6643635,,,,"AirGradient","AirGradient"
6139516,"São Paulo","relativehumidity",60,"%","2026-05-27T22:00:00Z","2026-05-27T19:00:00-03:00","America/Sao_Paulo",-23.6473149,-46.6643635,,,,"AirGradient","AirGradient"
6139516,"São Paulo","relativehumidity",62,"%","2026-05-27T23:00:00Z","2026-05-27T20:00:00-03:00","America/Sao_Paulo",-23.6473149,-46.6643635,,,,"AirGradient","AirGradient"
6139516,"São Paulo","relativehumidity",61,"%","2026-05-28T00:00:00Z","2026-05-27T21:00:00-03:00","America/Sao_Paulo",-23.6473149,-46.6643635,,,,"AirGradient","AirGradient"
6139516,"São Paulo","relativehumidity",62,"%","2026-05-28T01:00:00Z","2026-05-27T22:00:00-03:00","America/Sao_Paulo",-23.6473149,-46.6643635,,,,"AirGradient","AirGradient"
6139516,"São Paulo","relativehumidity",61,"%","2026-05-28T02:00:00Z","2026-05-27T23:00:00-03:00","America/Sao_Paulo",-23.6473149,-46.6643635,,,,"AirGradient","AirGradient"
6139516,"São Paulo","relativehumidity",61,"%","2026-05-28T03:00:00Z","2026-05-28T00:00:00-03:00","America/Sao_Paulo",-23.6473149,-46.6643635,,,,"AirGradient","AirGradient"
6139516,"São Paulo","relativehumidity",60,"%","2026-05-28T04:00:00Z","2026-05-28T01:00:00-03:00","America/Sao_Paulo",-23.6473149,-46.6643635,,,,"AirGradient","AirGradient"
6139516,"São Paulo","relativehumidity",58,"%","2026-05-28T05:00:00Z","2026-05-28T02:00:00-03:00","America/Sao_Paulo",-23.6473149,-46.6643635,,,,"AirGradient","AirGradient"
6139516,"São Paulo","relativehumidity",56,"%","2026-05-28T06:00:00Z","2026-05-28T03:00:00-03:00","America/Sao_Paulo",-23.6473149,-46.6643635,,,,"AirGradient","AirGradient"
6139516,"São Paulo","relativehumidity",56,"%","2026-05-28T07:00:00Z","2026-05-28T04:00:00-03:00","America/Sao_Paulo",-23.6473149,-46.6643635,,,,"AirGradient","AirGradient"
6139516,"São Paulo","relativehumidity",57,"%","2026-05-28T08:00:00Z","2026-05-28T05:00:00-03:00","America/Sao_Paulo",-23.6473149,-46.6643635,,,,"AirGradient","AirGradient"
6139516,"São Paulo","relativehumidity",56,"%","2026-05-28T09:00:00Z","2026-05-28T06:00:00-03:00","America/Sao_Paulo",-23.6473149,-46.6643635,,,,"AirGradient","AirGradient"
6139516,"São Paulo","relativehumidity",54,"%","2026-05-28T10:00:00Z","2026-05-28T07:00:00-03:00","America/Sao_Paulo",-23.6473149,-46.6643635,,,,"AirGradient","AirGradient"
6139516,"São Paulo","relativehumidity",54,"%","2026-05-28T11:00:00Z","2026-05-28T08:00:00-03:00","America/Sao_Paulo",-23.6473149,-46.6643635,,,,"AirGradient","AirGradient"
6139516,"São Paulo","relativehumidity",51,"%","2026-05-28T12:00:00Z","2026-05-28T09:00:00-03:00","America/Sao_Paulo",-23.6473149,-46.6643635,,,,"AirGradient","AirGradient"
6139516,"São Paulo","relativehumidity",50,"%","2026-05-28T13:00:00Z","2026-05-28T10:00:00-03:00","America/Sao_Paulo",-23.6473149,-46.6643635,,,,"AirGradient","AirGradient"
6139516,"São Paulo","relativehumidity",45,"%","2026-05-28T14:00:00Z","2026-05-28T11:00:00-03:00","America/Sao_Paulo",-23.6473149,-46.6643635,,,,"AirGradient","AirGradient"
6139516,"São Paulo","relativehumidity",43,"%","2026-05-28T15:00:00Z","2026-05-28T12:00:00-03:00","America/Sao_Paulo",-23.6473149,-46.6643635,,,,"AirGradient","AirGradient"
6139516,"São Paulo","relativehumidity",43,"%","2026-05-28T16:00:00Z","2026-05-28T13:00:00-03:00","America/Sao_Paulo",-23.6473149,-46.6643635,,,,"AirGradient","AirGradient"
6139516,"São Paulo","relativehumidity",42,"%","2026-05-28T17:00:00Z","2026-05-28T14:00:00-03:00","America/Sao_Paulo",-23.6473149,-46.6643635,,,,"AirGradient","AirGradient"
6139516,"São Paulo","relativehumidity",43,"%","2026-05-28T18:00:00Z","2026-05-28T15:00:00-03:00","America/Sao_Paulo",-23.6473149,-46.6643635,,,,"AirGradient","AirGradient"
6139516,"São Paulo","relativehumidity",46,"%","2026-05-28T19:00:00Z","2026-05-28T16:00:00-03:00","America/Sao_Paulo",-23.6473149,-46.6643635,,,,"AirGradient","AirGradient"
6139516,"São Paulo","relativehumidity",49,"%","2026-05-28T20:00:00Z","2026-05-28T17:00:00-03:00","America/Sao_Paulo",-23.6473149,-46.6643635,,,,"AirGradient","AirGradient"
6139516,"São Paulo","relativehumidity",54,"%","2026-05-28T21:00:00Z","2026-05-28T18:00:00-03:00","America/Sao_Paulo",-23.6473149,-46.6643635,,,,"AirGradient","AirGradient"
6139516,"São Paulo","relativehumidity",57,"%","2026-05-28T22:00:00Z","2026-05-28T19:00:00-03:00","America/Sao_Paulo",-23.6473149,-46.6643635,,,,"AirGradient","AirGradient"
6139516,"São Paulo","relativehumidity",59,"%","2026-05-28T23:00:00Z","2026-05-28T20:00:00-03:00","America/Sao_Paulo",-23.6473149,-46.6643635,,,,"AirGradient","AirGradient"
6139516,"São Paulo","relativehumidity",59,"%","2026-05-29T00:00:00Z","2026-05-28T21:00:00-03:00","America/Sao_Paulo",-23.6473149,-46.6643635,,,,"AirGradient","AirGradient"
6139516,"São Paulo","relativehumidity",59,"%","2026-05-29T01:00:00Z","2026-05-28T22:00:00-03:00","America/Sao_Paulo",-23.6473149,-46.6643635,,,,"AirGradient","AirGradient"
6139516,"São Paulo","relativehumidity",59,"%","2026-05-29T02:00:00Z","2026-05-28T23:00:00-03:00","America/Sao_Paulo",-23.6473149,-46.6643635,,,,"AirGradient","AirGradient"
6139516,"São Paulo","relativehumidity",59,"%","2026-05-29T03:00:00Z","2026-05-29T00:00:00-03:00","America/Sao_Paulo",-23.6473149,-46.6643635,,,,"AirGradient","AirGradient"
6139516,"São Paulo","relativehumidity",60,"%","2026-05-29T04:00:00Z","2026-05-29T01:00:00-03:00","America/Sao_Paulo",-23.6473149,-46.6643635,,,,"AirGradient","AirGradient"
6139516,"São Paulo","relativehumidity",59,"%","2026-05-29T05:00:00Z","2026-05-29T02:00:00-03:00","America/Sao_Paulo",-23.6473149,-46.6643635,,,,"AirGradient","AirGradient"
6139516,"São Paulo","relativehumidity",58,"%","2026-05-29T06:00:00Z","2026-05-29T03:00:00-03:00","America/Sao_Paulo",-23.6473149,-46.6643635,,,,"AirGradient","AirGradient"
6139516,"São Paulo","relativehumidity",59,"%","2026-05-29T07:00:00Z","2026-05-29T04:00:00-03:00","America/Sao_Paulo",-23.6473149,-46.6643635,,,,"AirGradient","AirGradient"
6139516,"São Paulo","relativehumidity",60,"%","2026-05-29T08:00:00Z","2026-05-29T05:00:00-03:00","America/Sao_Paulo",-23.6473149,-46.6643635,,,,"AirGradient","AirGradient"
6139516,"São Paulo","relativehumidity",59,"%","2026-05-29T09:00:00Z","2026-05-29T06:00:00-03:00","America/Sao_Paulo",-23.6473149,-46.6643635,,,,"AirGradient","AirGradient"
6139516,"São Paulo","relativehumidity",59,"%","2026-05-29T10:00:00Z","2026-05-29T07:00:00-03:00","America/Sao_Paulo",-23.6473149,-46.6643635,,,,"AirGradient","AirGradient"
6139516,"São Paulo","relativehumidity",59,"%","2026-05-29T11:00:00Z","2026-05-29T08:00:00-03:00","America/Sao_Paulo",-23.6473149,-46.6643635,,,,"AirGradient","AirGradient"
6139516,"São Paulo","relativehumidity",59,"%","2026-05-29T12:00:00Z","2026-05-29T09:00:00-03:00","America/Sao_Paulo",-23.6473149,-46.6643635,,,,"AirGradient","AirGradient"
6139516,"São Paulo","relativehumidity",55,"%","2026-05-29T13:00:00Z","2026-05-29T10:00:00-03:00","America/Sao_Paulo",-23.6473149,-46.6643635,,,,"AirGradient","AirGradient"
6139516,"São Paulo","relativehumidity",50,"%","2026-05-29T14:00:00Z","2026-05-29T11:00:00-03:00","America/Sao_Paulo",-23.6473149,-46.6643635,,,,"AirGradient","AirGradient"
6139516,"São Paulo","relativehumidity",48,"%","2026-05-29T15:00:00Z","2026-05-29T12:00:00-03:00","America/Sao_Paulo",-23.6473149,-46.6643635,,,,"AirGradient","AirGradient"
6139516,"São Paulo","relativehumidity",48,"%","2026-05-29T16:00:00Z","2026-05-29T13:00:00-03:00","America/Sao_Paulo",-23.6473149,-46.6643635,,,,"AirGradient","AirGradient"
6139516,"São Paulo","relativehumidity",49,"%","2026-05-29T17:00:00Z","2026-05-29T14:00:00-03:00","America/Sao_Paulo",-23.6473149,-46.6643635,,,,"AirGradient","AirGradient"
6139516,"São Paulo","relativehumidity",52,"%","2026-05-29T18:00:00Z","2026-05-29T15:00:00-03:00","America/Sao_Paulo",-23.6473149,-46.6643635,,,,"AirGradient","AirGradient"
6139516,"São Paulo","relativehumidity",53,"%","2026-05-29T19:00:00Z","2026-05-29T16:00:00-03:00","America/Sao_Paulo",-23.6473149,-46.6643635,,,,"AirGradient","AirGradient"
6139516,"São Paulo","relativehumidity",56,"%","2026-05-29T20:00:00Z","2026-05-29T17:00:00-03:00","America/Sao_Paulo",-23.6473149,-46.6643635,,,,"AirGradient","AirGradient"
6139516,"São Paulo","relativehumidity",58,"%","2026-05-29T21:00:00Z","2026-05-29T18:00:00-03:00","America/Sao_Paulo",-23.6473149,-46.6643635,,,,"AirGradient","AirGradient"
6139516,"São Paulo","relativehumidity",59,"%","2026-05-29T22:00:00Z","2026-05-29T19:00:00-03:00","America/Sao_Paulo",-23.6473149,-46.6643635,,,,"AirGradient","AirGradient"
6139516,"São Paulo","relativehumidity",59,"%","2026-05-29T23:00:00Z","2026-05-29T20:00:00-03:00","America/Sao_Paulo",-23.6473149,-46.6643635,,,,"AirGradient","AirGradient"
6139516,"São Paulo","relativehumidity",59,"%","2026-05-30T00:00:00Z","2026-05-29T21:00:00-03:00","America/Sao_Paulo",-23.6473149,-46.6643635,,,,"AirGradient","AirGradient"
6139516,"São Paulo","relativehumidity",58,"%","2026-05-30T01:00:00Z","2026-05-29T22:00:00-03:00","America/Sao_Paulo",-23.6473149,-46.6643635,,,,"AirGradient","AirGradient"
6139516,"São Paulo","relativehumidity",59,"%","2026-05-30T02:00:00Z","2026-05-29T23:00:00-03:00","America/Sao_Paulo",-23.6473149,-46.6643635,,,,"AirGradient","AirGradient"
6139516,"São Paulo","relativehumidity",60,"%","2026-05-30T03:00:00Z","2026-05-30T00:00:00-03:00","America/Sao_Paulo",-23.6473149,-46.6643635,,,,"AirGradient","AirGradient"
6139516,"São Paulo","relativehumidity",60,"%","2026-05-30T04:00:00Z","2026-05-30T01:00:00-03:00","America/Sao_Paulo",-23.6473149,-46.6643635,,,,"AirGradient","AirGradient"
6139516,"São Paulo","relativehumidity",60,"%","2026-05-30T05:00:00Z","2026-05-30T02:00:00-03:00","America/Sao_Paulo",-23.6473149,-46.6643635,,,,"AirGradient","AirGradient"
6139516,"São Paulo","relativehumidity",59,"%","2026-05-30T06:00:00Z","2026-05-30T03:00:00-03:00","America/Sao_Paulo",-23.6473149,-46.6643635,,,,"AirGradient","AirGradient"
6139516,"São Paulo","relativehumidity",61,"%","2026-05-30T07:00:00Z","2026-05-30T04:00:00-03:00","America/Sao_Paulo",-23.6473149,-46.6643635,,,,"AirGradient","AirGradient"
6139516,"São Paulo","relativehumidity",61,"%","2026-05-30T08:00:00Z","2026-05-30T05:00:00-03:00","America/Sao_Paulo",-23.6473149,-46.6643635,,,,"AirGradient","AirGradient"
6139516,"São Paulo","relativehumidity",61,"%","2026-05-30T09:00:00Z","2026-05-30T06:00:00-03:00","America/Sao_Paulo",-23.6473149,-46.6643635,,,,"AirGradient","AirGradient"
6139516,"São Paulo","relativehumidity",63,"%","2026-05-30T10:00:00Z","2026-05-30T07:00:00-03:00","America/Sao_Paulo",-23.6473149,-46.6643635,,,,"AirGradient","AirGradient"
6139516,"São Paulo","relativehumidity",62,"%","2026-05-30T11:00:00Z","2026-05-30T08:00:00-03:00","America/Sao_Paulo",-23.6473149,-46.6643635,,,,"AirGradient","AirGradient"
6139516,"São Paulo","relativehumidity",61,"%","2026-05-30T12:00:00Z","2026-05-30T09:00:00-03:00","America/Sao_Paulo",-23.6473149,-46.6643635,,,,"AirGradient","AirGradient"
6139516,"São Paulo","relativehumidity",60,"%","2026-05-30T13:00:00Z","2026-05-30T10:00:00-03:00","America/Sao_Paulo",-23.6473149,-46.6643635,,,,"AirGradient","AirGradient"
6139516,"São Paulo","relativehumidity",58,"%","2026-05-30T14:00:00Z","2026-05-30T11:00:00-03:00","America/Sao_Paulo",-23.6473149,-46.6643635,,,,"AirGradient","AirGradient"
6139516,"São Paulo","relativehumidity",55,"%","2026-05-30T15:00:00Z","2026-05-30T12:00:00-03:00","America/Sao_Paulo",-23.6473149,-46.6643635,,,,"AirGradient","AirGradient"
6139516,"São Paulo","relativehumidity",52,"%","2026-05-30T16:00:00Z","2026-05-30T13:00:00-03:00","America/Sao_Paulo",-23.6473149,-46.6643635,,,,"AirGradient","AirGradient"
6139516,"São Paulo","relativehumidity",52,"%","2026-05-30T17:00:00Z","2026-05-30T14:00:00-03:00","America/Sao_Paulo",-23.6473149,-46.6643635,,,,"AirGradient","AirGradient"
6139516,"São Paulo","relativehumidity",51,"%","2026-05-30T18:00:00Z","2026-05-30T15:00:00-03:00","America/Sao_Paulo",-23.6473149,-46.6643635,,,,"AirGradient","AirGradient"
6139516,"São Paulo","relativehumidity",49,"%","2026-05-30T19:00:00Z","2026-05-30T16:00:00-03:00","America/Sao_Paulo",-23.6473149,-46.6643635,,,,"AirGradient","AirGradient"
6139516,"São Paulo","relativehumidity",50,"%","2026-05-30T20:00:00Z","2026-05-30T17:00:00-03:00","America/Sao_Paulo",-23.6473149,-46.6643635,,,,"AirGradient","AirGradient"
6139516,"São Paulo","relativehumidity",54,"%","2026-05-30T21:00:00Z","2026-05-30T18:00:00-03:00","America/Sao_Paulo",-23.6473149,-46.6643635,,,,"AirGradient","AirGradient"
6139516,"São Paulo","relativehumidity",60,"%","2026-05-30T22:00:00Z","2026-05-30T19:00:00-03:00","America/Sao_Paulo",-23.6473149,-46.6643635,,,,"AirGradient","AirGradient"
6139516,"São Paulo","relativehumidity",60,"%","2026-05-30T23:00:00Z","2026-05-30T20:00:00-03:00","America/Sao_Paulo",-23.6473149,-46.6643635,,,,"AirGradient","AirGradient"
6139516,"São Paulo","relativehumidity",61,"%","2026-05-31T00:00:00Z","2026-05-30T21:00:00-03:00","America/Sao_Paulo",-23.6473149,-46.6643635,,,,"AirGradient","AirGradient"
6139516,"São Paulo","relativehumidity",60,"%","2026-05-31T01:00:00Z","2026-05-30T22:00:00-03:00","America/Sao_Paulo",-23.6473149,-46.6643635,,,,"AirGradient","AirGradient"
6139516,"São Paulo","relativehumidity",58,"%","2026-05-31T02:00:00Z","2026-05-30T23:00:00-03:00","America/Sao_Paulo",-23.6473149,-46.6643635,,,,"AirGradient","AirGradient"
6139516,"São Paulo","relativehumidity",58,"%","2026-05-31T03:00:00Z","2026-05-31T00:00:00-03:00","America/Sao_Paulo",-23.6473149,-46.6643635,,,,"AirGradient","AirGradient"
6139516,"São Paulo","relativehumidity",56,"%","2026-05-31T04:00:00Z","2026-05-31T01:00:00-03:00","America/Sao_Paulo",-23.6473149,-46.6643635,,,,"AirGradient","AirGradient"
6139516,"São Paulo","relativehumidity",56,"%","2026-05-31T05:00:00Z","2026-05-31T02:00:00-03:00","America/Sao_Paulo",-23.6473149,-46.6643635,,,,"AirGradient","AirGradient"
6139516,"São Paulo","relativehumidity",56,"%","2026-05-31T06:00:00Z","2026-05-31T03:00:00-03:00","America/Sao_Paulo",-23.6473149,-46.6643635,,,,"AirGradient","AirGradient"
6139516,"São Paulo","relativehumidity",57,"%","2026-05-31T07:00:00Z","2026-05-31T04:00:00-03:00","America/Sao_Paulo",-23.6473149,-46.6643635,,,,"AirGradient","AirGradient"
6139516,"São Paulo","relativehumidity",57,"%","2026-05-31T08:00:00Z","2026-05-31T05:00:00-03:00","America/Sao_Paulo",-23.6473149,-46.6643635,,,,"AirGradient","AirGradient"
6139516,"São Paulo","relativehumidity",57,"%","2026-05-31T09:00:00Z","2026-05-31T06:00:00-03:00","America/Sao_Paulo",-23.6473149,-46.6643635,,,,"AirGradient","AirGradient"
6139516,"São Paulo","relativehumidity",58,"%","2026-05-31T10:00:00Z","2026-05-31T07:00:00-03:00","America/Sao_Paulo",-23.6473149,-46.6643635,,,,"AirGradient","AirGradient"
6139516,"São Paulo","relativehumidity",59,"%","2026-05-31T11:00:00Z","2026-05-31T08:00:00-03:00","America/Sao_Paulo",-23.6473149,-46.6643635,,,,"AirGradient","AirGradient"
6139516,"São Paulo","relativehumidity",58,"%","2026-05-31T12:00:00Z","2026-05-31T09:00:00-03:00","America/Sao_Paulo",-23.6473149,-46.6643635,,,,"AirGradient","AirGradient"
6139516,"São Paulo","relativehumidity",58,"%","2026-05-31T13:00:00Z","2026-05-31T10:00:00-03:00","America/Sao_Paulo",-23.6473149,-46.6643635,,,,"AirGradient","AirGradient"
6139516,"São Paulo","relativehumidity",56,"%","2026-05-31T14:00:00Z","2026-05-31T11:00:00-03:00","America/Sao_Paulo",-23.6473149,-46.6643635,,,,"AirGradient","AirGradient"
6139516,"São Paulo","relativehumidity",54,"%","2026-05-31T15:00:00Z","2026-05-31T12:00:00-03:00","America/Sao_Paulo",-23.6473149,-46.6643635,,,,"AirGradient","AirGradient"
6139516,"São Paulo","relativehumidity",50,"%","2026-05-31T16:00:00Z","2026-05-31T13:00:00-03:00","America/Sao_Paulo",-23.6473149,-46.6643635,,,,"AirGradient","AirGradient"
6139516,"São Paulo","relativehumidity",48,"%","2026-05-31T17:00:00Z","2026-05-31T14:00:00-03:00","America/Sao_Paulo",-23.6473149,-46.6643635,,,,"AirGradient","AirGradient"
6139516,"São Paulo","relativehumidity",48,"%","2026-05-31T18:00:00Z","2026-05-31T15:00:00-03:00","America/Sao_Paulo",-23.6473149,-46.6643635,,,,"AirGradient","AirGradient"
6139516,"São Paulo","relativehumidity",49,"%","2026-05-31T19:00:00Z","2026-05-31T16:00:00-03:00","America/Sao_Paulo",-23.6473149,-46.6643635,,,,"AirGradient","AirGradient"
6139516,"São Paulo","relativehumidity",49,"%","2026-05-31T20:00:00Z","2026-05-31T17:00:00-03:00","America/Sao_Paulo",-23.6473149,-46.6643635,,,,"AirGradient","AirGradient"
6139516,"São Paulo","relativehumidity",53,"%","2026-05-31T21:00:00Z","2026-05-31T18:00:00-03:00","America/Sao_Paulo",-23.6473149,-46.6643635,,,,"AirGradient","AirGradient"
6139516,"São Paulo","relativehumidity",56,"%","2026-05-31T22:00:00Z","2026-05-31T19:00:00-03:00","America/Sao_Paulo",-23.6473149,-46.6643635,,,,"AirGradient","AirGradient"
6139516,"São Paulo","relativehumidity",58,"%","2026-05-31T23:00:00Z","2026-05-31T20:00:00-03:00","America/Sao_Paulo",-23.6473149,-46.6643635,,,,"AirGradient","AirGradient"
6139516,"São Paulo","relativehumidity",57,"%","2026-06-01T00:00:00Z","2026-05-31T21:00:00-03:00","America/Sao_Paulo",-23.6473149,-46.6643635,,,,"AirGradient","AirGradient"
6139516,"São Paulo","relativehumidity",61,"%","2026-06-01T01:00:00Z","2026-05-31T22:00:00-03:00","America/Sao_Paulo",-23.6473149,-46.6643635,,,,"AirGradient","AirGradient"
6139516,"São Paulo","relativehumidity",61,"%","2026-06-01T02:00:00Z","2026-05-31T23:00:00-03:00","America/Sao_Paulo",-23.6473149,-46.6643635,,,,"AirGradient","AirGradient"
6139516,"São Paulo","relativehumidity",61,"%","2026-06-01T03:00:00Z","2026-06-01T00:00:00-03:00","America/Sao_Paulo",-23.6473149,-46.6643635,,,,"AirGradient","AirGradient"
6139516,"São Paulo","relativehumidity",59,"%","2026-06-01T04:00:00Z","2026-06-01T01:00:00-03:00","America/Sao_Paulo",-23.6473149,-46.6643635,,,,"AirGradient","AirGradient"
6139516,"São Paulo","relativehumidity",58,"%","2026-06-01T05:00:00Z","2026-06-01T02:00:00-03:00","America/Sao_Paulo",-23.6473149,-46.6643635,,,,"AirGradient","AirGradient"
6139516,"São Paulo","relativehumidity",56,"%","2026-06-01T06:00:00Z","2026-06-01T03:00:00-03:00","America/Sao_Paulo",-23.6473149,-46.6643635,,,,"AirGradient","AirGradient"
6139516,"São Paulo","relativehumidity",55,"%","2026-06-01T07:00:00Z","2026-06-01T04:00:00-03:00","America/Sao_Paulo",-23.6473149,-46.6643635,,,,"AirGradient","AirGradient"
6139516,"São Paulo","relativehumidity",55,"%","2026-06-01T08:00:00Z","2026-06-01T05:00:00-03:00","America/Sao_Paulo",-23.6473149,-46.6643635,,,,"AirGradient","AirGradient"
6139516,"São Paulo","relativehumidity",55,"%","2026-06-01T09:00:00Z","2026-06-01T06:00:00-03:00","America/Sao_Paulo",-23.6473149,-46.6643635,,,,"AirGradient","AirGradient"
6139516,"São Paulo","relativehumidity",55,"%","2026-06-01T10:00:00Z","2026-06-01T07:00:00-03:00","America/Sao_Paulo",-23.6473149,-46.6643635,,,,"AirGradient","AirGradient"
6139516,"São Paulo","relativehumidity",54,"%","2026-06-01T11:00:00Z","2026-06-01T08:00:00-03:00","America/Sao_Paulo",-23.6473149,-46.6643635,,,,"AirGradient","AirGradient"
6139516,"São Paulo","relativehumidity",52,"%","2026-06-01T12:00:00Z","2026-06-01T09:00:00-03:00","America/Sao_Paulo",-23.6473149,-46.6643635,,,,"AirGradient","AirGradient"
6139516,"São Paulo","relativehumidity",50,"%","2026-06-01T13:00:00Z","2026-06-01T10:00:00-03:00","America/Sao_Paulo",-23.6473149,-46.6643635,,,,"AirGradient","AirGradient"
6139516,"São Paulo","relativehumidity",49,"%","2026-06-01T14:00:00Z","2026-06-01T11:00:00-03:00","America/Sao_Paulo",-23.6473149,-46.6643635,,,,"AirGradient","AirGradient"
6139516,"São Paulo","relativehumidity",47,"%","2026-06-01T15:00:00Z","2026-06-01T12:00:00-03:00","America/Sao_Paulo",-23.6473149,-46.6643635,,,,"AirGradient","AirGradient"
6139516,"São Paulo","relativehumidity",45,"%","2026-06-01T16:00:00Z","2026-06-01T13:00:00-03:00","America/Sao_Paulo",-23.6473149,-46.6643635,,,,"AirGradient","AirGradient"
6139516,"São Paulo","relativehumidity",46,"%","2026-06-01T17:00:00Z","2026-06-01T14:00:00-03:00","America/Sao_Paulo",-23.6473149,-46.6643635,,,,"AirGradient","AirGradient"
6139516,"São Paulo","relativehumidity",45,"%","2026-06-01T18:00:00Z","2026-06-01T15:00:00-03:00","America/Sao_Paulo",-23.6473149,-46.6643635,,,,"AirGradient","AirGradient"
6139516,"São Paulo","relativehumidity",47,"%","2026-06-01T19:00:00Z","2026-06-01T16:00:00-03:00","America/Sao_Paulo",-23.6473149,-46.6643635,,,,"AirGradient","AirGradient"
6139516,"São Paulo","relativehumidity",49,"%","2026-06-01T20:00:00Z","2026-06-01T17:00:00-03:00","America/Sao_Paulo",-23.6473149,-46.6643635,,,,"AirGradient","AirGradient"
6139516,"São Paulo","relativehumidity",53,"%","2026-06-01T21:00:00Z","2026-06-01T18:00:00-03:00","America/Sao_Paulo",-23.6473149,-46.6643635,,,,"AirGradient","AirGradient"
6139516,"São Paulo","relativehumidity",57,"%","2026-06-01T22:00:00Z","2026-06-01T19:00:00-03:00","America/Sao_Paulo",-23.6473149,-46.6643635,,,,"AirGradient","AirGradient"
6139516,"São Paulo","relativehumidity",57,"%","2026-06-01T23:00:00Z","2026-06-01T20:00:00-03:00","America/Sao_Paulo",-23.6473149,-46.6643635,,,,"AirGradient","AirGradient"
6139516,"São Paulo","relativehumidity",57,"%","2026-06-02T00:00:00Z","2026-06-01T21:00:00-03:00","America/Sao_Paulo",-23.6473149,-46.6643635,,,,"AirGradient","AirGradient"
6139516,"São Paulo","relativehumidity",57,"%","2026-06-02T01:00:00Z","2026-06-01T22:00:00-03:00","America/Sao_Paulo",-23.6473149,-46.6643635,,,,"AirGradient","AirGradient"
6139516,"São Paulo","relativehumidity",60,"%","2026-06-02T02:00:00Z","2026-06-01T23:00:00-03:00","America/Sao_Paulo",-23.6473149,-46.6643635,,,,"AirGradient","AirGradient"
6139516,"São Paulo","relativehumidity",61,"%","2026-06-02T03:00:00Z","2026-06-02T00:00:00-03:00","America/Sao_Paulo",-23.6473149,-46.6643635,,,,"AirGradient","AirGradient"
6139516,"São Paulo","relativehumidity",60,"%","2026-06-02T04:00:00Z","2026-06-02T01:00:00-03:00","America/Sao_Paulo",-23.6473149,-46.6643635,,,,"AirGradient","AirGradient"
6139516,"São Paulo","relativehumidity",59,"%","2026-06-02T05:00:00Z","2026-06-02T02:00:00-03:00","America/Sao_Paulo",-23.6473149,-46.6643635,,,,"AirGradient","AirGradient"
6139516,"São Paulo","relativehumidity",59,"%","2026-06-02T06:00:00Z","2026-06-02T03:00:00-03:00","America/Sao_Paulo",-23.6473149,-46.6643635,,,,"AirGradient","AirGradient"
6139516,"São Paulo","relativehumidity",61,"%","2026-06-02T07:00:00Z","2026-06-02T04:00:00-03:00","America/Sao_Paulo",-23.6473149,-46.6643635,,,,"AirGradient","AirGradient"
6139516,"São Paulo","relativehumidity",60,"%","2026-06-02T08:00:00Z","2026-06-02T05:00:00-03:00","America/Sao_Paulo",-23.6473149,-46.6643635,,,,"AirGradient","AirGradient"
6139516,"São Paulo","relativehumidity",60,"%","2026-06-02T09:00:00Z","2026-06-02T06:00:00-03:00","America/Sao_Paulo",-23.6473149,-46.6643635,,,,"AirGradient","AirGradient"
6139516,"São Paulo","relativehumidity",62,"%","2026-06-02T10:00:00Z","2026-06-02T07:00:00-03:00","America/Sao_Paulo",-23.6473149,-46.6643635,,,,"AirGradient","AirGradient"
6139516,"São Paulo","relativehumidity",61,"%","2026-06-02T11:00:00Z","2026-06-02T08:00:00-03:00","America/Sao_Paulo",-23.6473149,-46.6643635,,,,"AirGradient","AirGradient"
6139516,"São Paulo","relativehumidity",56,"%","2026-06-02T12:00:00Z","2026-06-02T09:00:00-03:00","America/Sao_Paulo",-23.6473149,-46.6643635,,,,"AirGradient","AirGradient"
6139516,"São Paulo","relativehumidity",48,"%","2026-06-02T13:00:00Z","2026-06-02T10:00:00-03:00","America/Sao_Paulo",-23.6473149,-46.6643635,,,,"AirGradient","AirGradient"
6139516,"São Paulo","relativehumidity",47,"%","2026-06-02T14:00:00Z","2026-06-02T11:00:00-03:00","America/Sao_Paulo",-23.6473149,-46.6643635,,,,"AirGradient","AirGradient"
6139516,"São Paulo","relativehumidity",46,"%","2026-06-02T15:00:00Z","2026-06-02T12:00:00-03:00","America/Sao_Paulo",-23.6473149,-46.6643635,,,,"AirGradient","AirGradient"
6139516,"São Paulo","relativehumidity",47,"%","2026-06-02T16:00:00Z","2026-06-02T13:00:00-03:00","America/Sao_Paulo",-23.6473149,-46.6643635,,,,"AirGradient","AirGradient"
6139516,"São Paulo","relativehumidity",47,"%","2026-06-02T17:00:00Z","2026-06-02T14:00:00-03:00","America/Sao_Paulo",-23.6473149,-46.6643635,,,,"AirGradient","AirGradient"
6139516,"São Paulo","relativehumidity",49,"%","2026-06-02T18:00:00Z","2026-06-02T15:00:00-03:00","America/Sao_Paulo",-23.6473149,-46.6643635,,,,"AirGradient","AirGradient"
6139516,"São Paulo","relativehumidity",51,"%","2026-06-02T19:00:00Z","2026-06-02T16:00:00-03:00","America/Sao_Paulo",-23.6473149,-46.6643635,,,,"AirGradient","AirGradient"
6139516,"São Paulo","relativehumidity",53,"%","2026-06-02T20:00:00Z","2026-06-02T17:00:00-03:00","America/Sao_Paulo",-23.6473149,-46.6643635,,,,"AirGradient","AirGradient"
6139516,"São Paulo","relativehumidity",56,"%","2026-06-02T21:00:00Z","2026-06-02T18:00:00-03:00","America/Sao_Paulo",-23.6473149,-46.6643635,,,,"AirGradient","AirGradient"
6139516,"São Paulo","relativehumidity",57,"%","2026-06-02T22:00:00Z","2026-06-02T19:00:00-03:00","America/Sao_Paulo",-23.6473149,-46.6643635,,,,"AirGradient","AirGradient"
6139516,"São Paulo","relativehumidity",60,"%","2026-06-02T23:00:00Z","2026-06-02T20:00:00-03:00","America/Sao_Paulo",-23.6473149,-46.6643635,,,,"AirGradient","AirGradient"
6139516,"São Paulo","relativehumidity",61,"%","2026-06-03T00:00:00Z","2026-06-02T21:00:00-03:00","America/Sao_Paulo",-23.6473149,-46.6643635,,,,"AirGradient","AirGradient"
6139516,"São Paulo","relativehumidity",62,"%","2026-06-03T01:00:00Z","2026-06-02T22:00:00-03:00","America/Sao_Paulo",-23.6473149,-46.6643635,,,,"AirGradient","AirGradient"
6139516,"São Paulo","relativehumidity",61,"%","2026-06-03T02:00:00Z","2026-06-02T23:00:00-03:00","America/Sao_Paulo",-23.6473149,-46.6643635,,,,"AirGradient","AirGradient"
6139516,"São Paulo","relativehumidity",61,"%","2026-06-03T03:00:00Z","2026-06-03T00:00:00-03:00","America/Sao_Paulo",-23.6473149,-46.6643635,,,,"AirGradient","AirGradient"
6139516,"São Paulo","relativehumidity",63,"%","2026-06-03T04:00:00Z","2026-06-03T01:00:00-03:00","America/Sao_Paulo",-23.6473149,-46.6643635,,,,"AirGradient","AirGradient"
6139516,"São Paulo","relativehumidity",62,"%","2026-06-03T05:00:00Z","2026-06-03T02:00:00-03:00","America/Sao_Paulo",-23.6473149,-46.6643635,,,,"AirGradient","AirGradient"
6139516,"São Paulo","relativehumidity",63,"%","2026-06-03T06:00:00Z","2026-06-03T03:00:00-03:00","America/Sao_Paulo",-23.6473149,-46.6643635,,,,"AirGradient","AirGradient"
6139516,"São Paulo","relativehumidity",64,"%","2026-06-03T07:00:00Z","2026-06-03T04:00:00-03:00","America/Sao_Paulo",-23.6473149,-46.6643635,,,,"AirGradient","AirGradient"
6139516,"São Paulo","relativehumidity",63,"%","2026-06-03T08:00:00Z","2026-06-03T05:00:00-03:00","America/Sao_Paulo",-23.6473149,-46.6643635,,,,"AirGradient","AirGradient"
6139516,"São Paulo","relativehumidity",62,"%","2026-06-03T09:00:00Z","2026-06-03T06:00:00-03:00","America/Sao_Paulo",-23.6473149,-46.6643635,,,,"AirGradient","AirGradient"
6139516,"São Paulo","relativehumidity",62,"%","2026-06-03T10:00:00Z","2026-06-03T07:00:00-03:00","America/Sao_Paulo",-23.6473149,-46.6643635,,,,"AirGradient","AirGradient"
6139516,"São Paulo","relativehumidity",59,"%","2026-06-03T11:00:00Z","2026-06-03T08:00:00-03:00","America/Sao_Paulo",-23.6473149,-46.6643635,,,,"AirGradient","AirGradient"
6139516,"São Paulo","relativehumidity",53,"%","2026-06-03T12:00:00Z","2026-06-03T09:00:00-03:00","America/Sao_Paulo",-23.6473149,-46.6643635,,,,"AirGradient","AirGradient"
6139516,"São Paulo","relativehumidity",50,"%","2026-06-03T13:00:00Z","2026-06-03T10:00:00-03:00","America/Sao_Paulo",-23.6473149,-46.6643635,,,,"AirGradient","AirGradient"
6139516,"São Paulo","relativehumidity",48,"%","2026-06-03T14:00:00Z","2026-06-03T11:00:00-03:00","America/Sao_Paulo",-23.6473149,-46.6643635,,,,"AirGradient","AirGradient"
6139516,"São Paulo","relativehumidity",45,"%","2026-06-03T15:00:00Z","2026-06-03T12:00:00-03:00","America/Sao_Paulo",-23.6473149,-46.6643635,,,,"AirGradient","AirGradient"
6139516,"São Paulo","relativehumidity",46,"%","2026-06-03T16:00:00Z","2026-06-03T13:00:00-03:00","America/Sao_Paulo",-23.6473149,-46.6643635,,,,"AirGradient","AirGradient"
6139516,"São Paulo","relativehumidity",48,"%","2026-06-03T17:00:00Z","2026-06-03T14:00:00-03:00","America/Sao_Paulo",-23.6473149,-46.6643635,,,,"AirGradient","AirGradient"
6139516,"São Paulo","relativehumidity",49,"%","2026-06-03T18:00:00Z","2026-06-03T15:00:00-03:00","America/Sao_Paulo",-23.6473149,-46.6643635,,,,"AirGradient","AirGradient"
6139516,"São Paulo","relativehumidity",51,"%","2026-06-03T19:00:00Z","2026-06-03T16:00:00-03:00","America/Sao_Paulo",-23.6473149,-46.6643635,,,,"AirGradient","AirGradient"
6139516,"São Paulo","relativehumidity",52,"%","2026-06-03T20:00:00Z","2026-06-03T17:00:00-03:00","America/Sao_Paulo",-23.6473149,-46.6643635,,,,"AirGradient","AirGradient"
6139516,"São Paulo","relativehumidity",55,"%","2026-06-03T21:00:00Z","2026-06-03T18:00:00-03:00","America/Sao_Paulo",-23.6473149,-46.6643635,,,,"AirGradient","AirGradient"
6139516,"São Paulo","relativehumidity",56,"%","2026-06-03T22:00:00Z","2026-06-03T19:00:00-03:00","America/Sao_Paulo",-23.6473149,-46.6643635,,,,"AirGradient","AirGradient"
6139516,"São Paulo","relativehumidity",58,"%","2026-06-03T23:00:00Z","2026-06-03T20:00:00-03:00","America/Sao_Paulo",-23.6473149,-46.6643635,,,,"AirGradient","AirGradient"
6139516,"São Paulo","relativehumidity",59,"%","2026-06-04T00:00:00Z","2026-06-03T21:00:00-03:00","America/Sao_Paulo",-23.6473149,-46.6643635,,,,"AirGradient","AirGradient"
6139516,"São Paulo","relativehumidity",59,"%","2026-06-04T01:00:00Z","2026-06-03T22:00:00-03:00","America/Sao_Paulo",-23.6473149,-46.6643635,,,,"AirGradient","AirGradient"
6139516,"São Paulo","relativehumidity",59,"%","2026-06-04T02:00:00Z","2026-06-03T23:00:00-03:00","America/Sao_Paulo",-23.6473149,-46.6643635,,,,"AirGradient","AirGradient"
6139516,"São Paulo","relativehumidity",60,"%","2026-06-04T03:00:00Z","2026-06-04T00:00:00-03:00","America/Sao_Paulo",-23.6473149,-46.6643635,,,,"AirGradient","AirGradient"
6139516,"São Paulo","relativehumidity",60,"%","2026-06-04T04:00:00Z","2026-06-04T01:00:00-03:00","America/Sao_Paulo",-23.6473149,-46.6643635,,,,"AirGradient","AirGradient"
6139516,"São Paulo","relativehumidity",62,"%","2026-06-04T05:00:00Z","2026-06-04T02:00:00-03:00","America/Sao_Paulo",-23.6473149,-46.6643635,,,,"AirGradient","AirGradient"
6139516,"São Paulo","relativehumidity",61,"%","2026-06-04T06:00:00Z","2026-06-04T03:00:00-03:00","America/Sao_Paulo",-23.6473149,-46.6643635,,,,"AirGradient","AirGradient"
6139516,"São Paulo","relativehumidity",61,"%","2026-06-04T07:00:00Z","2026-06-04T04:00:00-03:00","America/Sao_Paulo",-23.6473149,-46.6643635,,,,"AirGradient","AirGradient"
6139516,"São Paulo","relativehumidity",62,"%","2026-06-04T08:00:00Z","2026-06-04T05:00:00-03:00","America/Sao_Paulo",-23.6473149,-46.6643635,,,,"AirGradient","AirGradient"
6139516,"São Paulo","relativehumidity",62,"%","2026-06-04T09:00:00Z","2026-06-04T06:00:00-03:00","America/Sao_Paulo",-23.6473149,-46.6643635,,,,"AirGradient","AirGradient"
6139516,"São Paulo","relativehumidity",63,"%","2026-06-04T10:00:00Z","2026-06-04T07:00:00-03:00","America/Sao_Paulo",-23.6473149,-46.6643635,,,,"AirGradient","AirGradient"
6139516,"São Paulo","relativehumidity",61,"%","2026-06-04T11:00:00Z","2026-06-04T08:00:00-03:00","America/Sao_Paulo",-23.6473149,-46.6643635,,,,"AirGradient","AirGradient"
6139516,"São Paulo","relativehumidity",59,"%","2026-06-04T12:00:00Z","2026-06-04T09:00:00-03:00","America/Sao_Paulo",-23.6473149,-46.6643635,,,,"AirGradient","AirGradient"
6139516,"São Paulo","relativehumidity",49,"%","2026-06-04T13:00:00Z","2026-06-04T10:00:00-03:00","America/Sao_Paulo",-23.6473149,-46.6643635,,,,"AirGradient","AirGradient"
6139516,"São Paulo","relativehumidity",47,"%","2026-06-04T14:00:00Z","2026-06-04T11:00:00-03:00","America/Sao_Paulo",-23.6473149,-46.6643635,,,,"AirGradient","AirGradient"
6139516,"São Paulo","relativehumidity",47,"%","2026-06-04T15:00:00Z","2026-06-04T12:00:00-03:00","America/Sao_Paulo",-23.6473149,-46.6643635,,,,"AirGradient","AirGradient"
6139516,"São Paulo","relativehumidity",48,"%","2026-06-04T16:00:00Z","2026-06-04T13:00:00-03:00","America/Sao_Paulo",-23.6473149,-46.6643635,,,,"AirGradient","AirGradient"
6139516,"São Paulo","relativehumidity",49,"%","2026-06-04T17:00:00Z","2026-06-04T14:00:00-03:00","America/Sao_Paulo",-23.6473149,-46.6643635,,,,"AirGradient","AirGradient"
6139516,"São Paulo","relativehumidity",51,"%","2026-06-04T18:00:00Z","2026-06-04T15:00:00-03:00","America/Sao_Paulo",-23.6473149,-46.6643635,,,,"AirGradient","AirGradient"
6139516,"São Paulo","relativehumidity",53,"%","2026-06-04T19:00:00Z","2026-06-04T16:00:00-03:00","America/Sao_Paulo",-23.6473149,-46.6643635,,,,"AirGradient","AirGradient"
6139516,"São Paulo","relativehumidity",57,"%","2026-06-04T20:00:00Z","2026-06-04T17:00:00-03:00","America/Sao_Paulo",-23.6473149,-46.6643635,,,,"AirGradient","AirGradient"
6139516,"São Paulo","relativehumidity",58,"%","2026-06-04T21:00:00Z","2026-06-04T18:00:00-03:00","America/Sao_Paulo",-23.6473149,-46.6643635,,,,"AirGradient","AirGradient"
6139516,"São Paulo","relativehumidity",59,"%","2026-06-04T22:00:00Z","2026-06-04T19:00:00-03:00","America/Sao_Paulo",-23.6473149,-46.6643635,,,,"AirGradient","AirGradient"
6139516,"São Paulo","relativehumidity",58,"%","2026-06-04T23:00:00Z","2026-06-04T20:00:00-03:00","America/Sao_Paulo",-23.6473149,-46.6643635,,,,"AirGradient","AirGradient"
6139516,"São Paulo","relativehumidity",59,"%","2026-06-05T00:00:00Z","2026-06-04T21:00:00-03:00","America/Sao_Paulo",-23.6473149,-46.6643635,,,,"AirGradient","AirGradient"
6139516,"São Paulo","relativehumidity",59,"%","2026-06-05T01:00:00Z","2026-06-04T22:00:00-03:00","America/Sao_Paulo",-23.6473149,-46.6643635,,,,"AirGradient","AirGradient"
6139516,"São Paulo","relativehumidity",58,"%","2026-06-05T02:00:00Z","2026-06-04T23:00:00-03:00","America/Sao_Paulo",-23.6473149,-46.6643635,,,,"AirGradient","AirGradient"
6139516,"São Paulo","relativehumidity",59,"%","2026-06-05T03:00:00Z","2026-06-05T00:00:00-03:00","America/Sao_Paulo",-23.6473149,-46.6643635,,,,"AirGradient","AirGradient"
6139516,"São Paulo","relativehumidity",60,"%","2026-06-05T04:00:00Z","2026-06-05T01:00:00-03:00","America/Sao_Paulo",-23.6473149,-46.6643635,,,,"AirGradient","AirGradient"
6139516,"São Paulo","relativehumidity",60,"%","2026-06-05T05:00:00Z","2026-06-05T02:00:00-03:00","America/Sao_Paulo",-23.6473149,-46.6643635,,,,"AirGradient","AirGradient"
6139516,"São Paulo","relativehumidity",59,"%","2026-06-05T06:00:00Z","2026-06-05T03:00:00-03:00","America/Sao_Paulo",-23.6473149,-46.6643635,,,,"AirGradient","AirGradient"
6139516,"São Paulo","relativehumidity",59,"%","2026-06-05T07:00:00Z","2026-06-05T04:00:00-03:00","America/Sao_Paulo",-23.6473149,-46.6643635,,,,"AirGradient","AirGradient"
6139516,"São Paulo","relativehumidity",60,"%","2026-06-05T08:00:00Z","2026-06-05T05:00:00-03:00","America/Sao_Paulo",-23.6473149,-46.6643635,,,,"AirGradient","AirGradient"
6139516,"São Paulo","relativehumidity",60,"%","2026-06-05T09:00:00Z","2026-06-05T06:00:00-03:00","America/Sao_Paulo",-23.6473149,-46.6643635,,,,"AirGradient","AirGradient"
6139516,"São Paulo","relativehumidity",58,"%","2026-06-05T10:00:00Z","2026-06-05T07:00:00-03:00","America/Sao_Paulo",-23.6473149,-46.6643635,,,,"AirGradient","AirGradient"
6139516,"São Paulo","relativehumidity",55,"%","2026-06-05T11:00:00Z","2026-06-05T08:00:00-03:00","America/Sao_Paulo",-23.6473149,-46.6643635,,,,"AirGradient","AirGradient"
6139516,"São Paulo","relativehumidity",47,"%","2026-06-05T12:00:00Z","2026-06-05T09:00:00-03:00","America/Sao_Paulo",-23.6473149,-46.6643635,,,,"AirGradient","AirGradient"
6139516,"São Paulo","relativehumidity",43,"%","2026-06-05T13:00:00Z","2026-06-05T10:00:00-03:00","America/Sao_Paulo",-23.6473149,-46.6643635,,,,"AirGradient","AirGradient"
6139516,"São Paulo","relativehumidity",42,"%","2026-06-05T14:00:00Z","2026-06-05T11:00:00-03:00","America/Sao_Paulo",-23.6473149,-46.6643635,,,,"AirGradient","AirGradient"
6139516,"São Paulo","relativehumidity",43,"%","2026-06-05T15:00:00Z","2026-06-05T12:00:00-03:00","America/Sao_Paulo",-23.6473149,-46.6643635,,,,"AirGradient","AirGradient"
6139516,"São Paulo","relativehumidity",43,"%","2026-06-05T16:00:00Z","2026-06-05T13:00:00-03:00","America/Sao_Paulo",-23.6473149,-46.6643635,,,,"AirGradient","AirGradient"
6139516,"São Paulo","relativehumidity",42,"%","2026-06-05T17:00:00Z","2026-06-05T14:00:00-03:00","America/Sao_Paulo",-23.6473149,-46.6643635,,,,"AirGradient","AirGradient"
6139516,"São Paulo","relativehumidity",43,"%","2026-06-05T18:00:00Z","2026-06-05T15:00:00-03:00","America/Sao_Paulo",-23.6473149,-46.6643635,,,,"AirGradient","AirGradient"
6139516,"São Paulo","relativehumidity",46,"%","2026-06-05T19:00:00Z","2026-06-05T16:00:00-03:00","America/Sao_Paulo",-23.6473149,-46.6643635,,,,"AirGradient","AirGradient"
6139516,"São Paulo","relativehumidity",48,"%","2026-06-05T20:00:00Z","2026-06-05T17:00:00-03:00","America/Sao_Paulo",-23.6473149,-46.6643635,,,,"AirGradient","AirGradient"
6139516,"São Paulo","relativehumidity",52,"%","2026-06-05T21:00:00Z","2026-06-05T18:00:00-03:00","America/Sao_Paulo",-23.6473149,-46.6643635,,,,"AirGradient","AirGradient"
6139516,"São Paulo","relativehumidity",57,"%","2026-06-05T22:00:00Z","2026-06-05T19:00:00-03:00","America/Sao_Paulo",-23.6473149,-46.6643635,,,,"AirGradient","AirGradient"
6139516,"São Paulo","relativehumidity",58,"%","2026-06-05T23:00:00Z","2026-06-05T20:00:00-03:00","America/Sao_Paulo",-23.6473149,-46.6643635,,,,"AirGradient","AirGradient"
6139516,"São Paulo","relativehumidity",59,"%","2026-06-06T00:00:00Z","2026-06-05T21:00:00-03:00","America/Sao_Paulo",-23.6473149,-46.6643635,,,,"AirGradient","AirGradient"
6139516,"São Paulo","relativehumidity",57,"%","2026-06-06T01:00:00Z","2026-06-05T22:00:00-03:00","America/Sao_Paulo",-23.6473149,-46.6643635,,,,"AirGradient","AirGradient"
6139516,"São Paulo","relativehumidity",56,"%","2026-06-06T02:00:00Z","2026-06-05T23:00:00-03:00","America/Sao_Paulo",-23.6473149,-46.6643635,,,,"AirGradient","AirGradient"
6139516,"São Paulo","relativehumidity",54,"%","2026-06-06T03:00:00Z","2026-06-06T00:00:00-03:00","America/Sao_Paulo",-23.6473149,-46.6643635,,,,"AirGradient","AirGradient"
6139516,"São Paulo","relativehumidity",56,"%","2026-06-06T04:00:00Z","2026-06-06T01:00:00-03:00","America/Sao_Paulo",-23.6473149,-46.6643635,,,,"AirGradient","AirGradient"
6139516,"São Paulo","relativehumidity",57,"%","2026-06-06T05:00:00Z","2026-06-06T02:00:00-03:00","America/Sao_Paulo",-23.6473149,-46.6643635,,,,"AirGradient","AirGradient"
6139516,"São Paulo","relativehumidity",56,"%","2026-06-06T06:00:00Z","2026-06-06T03:00:00-03:00","America/Sao_Paulo",-23.6473149,-46.6643635,,,,"AirGradient","AirGradient"
6139516,"São Paulo","relativehumidity",55,"%","2026-06-06T07:00:00Z","2026-06-06T04:00:00-03:00","America/Sao_Paulo",-23.6473149,-46.6643635,,,,"AirGradient","AirGradient"
6139516,"São Paulo","relativehumidity",55,"%","2026-06-06T08:00:00Z","2026-06-06T05:00:00-03:00","America/Sao_Paulo",-23.6473149,-46.6643635,,,,"AirGradient","AirGradient"
6139516,"São Paulo","relativehumidity",55,"%","2026-06-06T09:00:00Z","2026-06-06T06:00:00-03:00","America/Sao_Paulo",-23.6473149,-46.6643635,,,,"AirGradient","AirGradient"
6139516,"São Paulo","relativehumidity",56,"%","2026-06-06T10:00:00Z","2026-06-06T07:00:00-03:00","America/Sao_Paulo",-23.6473149,-46.6643635,,,,"AirGradient","AirGradient"
6139516,"São Paulo","relativehumidity",55,"%","2026-06-06T11:00:00Z","2026-06-06T08:00:00-03:00","America/Sao_Paulo",-23.6473149,-46.6643635,,,,"AirGradient","AirGradient"
6139516,"São Paulo","relativehumidity",50,"%","2026-06-06T12:00:00Z","2026-06-06T09:00:00-03:00","America/Sao_Paulo",-23.6473149,-46.6643635,,,,"AirGradient","AirGradient"
6139516,"São Paulo","relativehumidity",42,"%","2026-06-06T13:00:00Z","2026-06-06T10:00:00-03:00","America/Sao_Paulo",-23.6473149,-46.6643635,,,,"AirGradient","AirGradient"
6139516,"São Paulo","relativehumidity",39,"%","2026-06-06T14:00:00Z","2026-06-06T11:00:00-03:00","America/Sao_Paulo",-23.6473149,-46.6643635,,,,"AirGradient","AirGradient"
6139516,"São Paulo","relativehumidity",37,"%","2026-06-06T15:00:00Z","2026-06-06T12:00:00-03:00","America/Sao_Paulo",-23.6473149,-46.6643635,,,,"AirGradient","AirGradient"
6139516,"São Paulo","relativehumidity",37,"%","2026-06-06T16:00:00Z","2026-06-06T13:00:00-03:00","America/Sao_Paulo",-23.6473149,-46.6643635,,,,"AirGradient","AirGradient"
6139516,"São Paulo","relativehumidity",36,"%","2026-06-06T17:00:00Z","2026-06-06T14:00:00-03:00","America/Sao_Paulo",-23.6473149,-46.6643635,,,,"AirGradient","AirGradient"
6139516,"São Paulo","relativehumidity",36,"%","2026-06-06T18:00:00Z","2026-06-06T15:00:00-03:00","America/Sao_Paulo",-23.6473149,-46.6643635,,,,"AirGradient","AirGradient"
6139516,"São Paulo","relativehumidity",35,"%","2026-06-06T19:00:00Z","2026-06-06T16:00:00-03:00","America/Sao_Paulo",-23.6473149,-46.6643635,,,,"AirGradient","AirGradient"
6139516,"São Paulo","relativehumidity",37,"%","2026-06-06T20:00:00Z","2026-06-06T17:00:00-03:00","America/Sao_Paulo",-23.6473149,-46.6643635,,,,"AirGradient","AirGradient"
6139516,"São Paulo","relativehumidity",38,"%","2026-06-06T21:00:00Z","2026-06-06T18:00:00-03:00","America/Sao_Paulo",-23.6473149,-46.6643635,,,,"AirGradient","AirGradient"
6139516,"São Paulo","relativehumidity",40,"%","2026-06-06T22:00:00Z","2026-06-06T19:00:00-03:00","America/Sao_Paulo",-23.6473149,-46.6643635,,,,"AirGradient","AirGradient"
6139516,"São Paulo","relativehumidity",40,"%","2026-06-06T23:00:00Z","2026-06-06T20:00:00-03:00","America/Sao_Paulo",-23.6473149,-46.6643635,,,,"AirGradient","AirGradient"
6139516,"São Paulo","relativehumidity",42,"%","2026-06-07T00:00:00Z","2026-06-06T21:00:00-03:00","America/Sao_Paulo",-23.6473149,-46.6643635,,,,"AirGradient","AirGradient"
6139516,"São Paulo","relativehumidity",44,"%","2026-06-07T01:00:00Z","2026-06-06T22:00:00-03:00","America/Sao_Paulo",-23.6473149,-46.6643635,,,,"AirGradient","AirGradient"
6139516,"São Paulo","relativehumidity",46,"%","2026-06-07T02:00:00Z","2026-06-06T23:00:00-03:00","America/Sao_Paulo",-23.6473149,-46.6643635,,,,"AirGradient","AirGradient"
6139516,"São Paulo","relativehumidity",47,"%","2026-06-07T03:00:00Z","2026-06-07T00:00:00-03:00","America/Sao_Paulo",-23.6473149,-46.6643635,,,,"AirGradient","AirGradient"
6139516,"São Paulo","relativehumidity",49,"%","2026-06-07T04:00:00Z","2026-06-07T01:00:00-03:00","America/Sao_Paulo",-23.6473149,-46.6643635,,,,"AirGradient","AirGradient"
6139516,"São Paulo","relativehumidity",50,"%","2026-06-07T05:00:00Z","2026-06-07T02:00:00-03:00","America/Sao_Paulo",-23.6473149,-46.6643635,,,,"AirGradient","AirGradient"
6139516,"São Paulo","relativehumidity",51,"%","2026-06-07T06:00:00Z","2026-06-07T03:00:00-03:00","America/Sao_Paulo",-23.6473149,-46.6643635,,,,"AirGradient","AirGradient"
6139516,"São Paulo","relativehumidity",51,"%","2026-06-07T07:00:00Z","2026-06-07T04:00:00-03:00","America/Sao_Paulo",-23.6473149,-46.6643635,,,,"AirGradient","AirGradient"
6139516,"São Paulo","relativehumidity",51,"%","2026-06-07T08:00:00Z","2026-06-07T05:00:00-03:00","America/Sao_Paulo",-23.6473149,-46.6643635,,,,"AirGradient","AirGradient"
6139516,"São Paulo","relativehumidity",51,"%","2026-06-07T09:00:00Z","2026-06-07T06:00:00-03:00","America/Sao_Paulo",-23.6473149,-46.6643635,,,,"AirGradient","AirGradient"
6139516,"São Paulo","relativehumidity",51,"%","2026-06-07T10:00:00Z","2026-06-07T07:00:00-03:00","America/Sao_Paulo",-23.6473149,-46.6643635,,,,"AirGradient","AirGradient"
6139516,"São Paulo","relativehumidity",49,"%","2026-06-07T11:00:00Z","2026-06-07T08:00:00-03:00","America/Sao_Paulo",-23.6473149,-46.6643635,,,,"AirGradient","AirGradient"
6139516,"São Paulo","relativehumidity",39,"%","2026-06-07T12:00:00Z","2026-06-07T09:00:00-03:00","America/Sao_Paulo",-23.6473149,-46.6643635,,,,"AirGradient","AirGradient"
6139516,"São Paulo","relativehumidity",36,"%","2026-06-07T13:00:00Z","2026-06-07T10:00:00-03:00","America/Sao_Paulo",-23.6473149,-46.6643635,,,,"AirGradient","AirGradient"
6139516,"São Paulo","relativehumidity",33,"%","2026-06-07T14:00:00Z","2026-06-07T11:00:00-03:00","America/Sao_Paulo",-23.6473149,-46.6643635,,,,"AirGradient","AirGradient"
6139516,"São Paulo","relativehumidity",31,"%","2026-06-07T15:00:00Z","2026-06-07T12:00:00-03:00","America/Sao_Paulo",-23.6473149,-46.6643635,,,,"AirGradient","AirGradient"
6139516,"São Paulo","relativehumidity",30,"%","2026-06-07T16:00:00Z","2026-06-07T13:00:00-03:00","America/Sao_Paulo",-23.6473149,-46.6643635,,,,"AirGradient","AirGradient"
6139516,"São Paulo","relativehumidity",30,"%","2026-06-07T17:00:00Z","2026-06-07T14:00:00-03:00","America/Sao_Paulo",-23.6473149,-46.6643635,,,,"AirGradient","AirGradient"
6139516,"São Paulo","relativehumidity",31,"%","2026-06-07T18:00:00Z","2026-06-07T15:00:00-03:00","America/Sao_Paulo",-23.6473149,-46.6643635,,,,"AirGradient","AirGradient"
6139516,"São Paulo","relativehumidity",30,"%","2026-06-07T19:00:00Z","2026-06-07T16:00:00-03:00","America/Sao_Paulo",-23.6473149,-46.6643635,,,,"AirGradient","AirGradient"
6139516,"São Paulo","relativehumidity",31,"%","2026-06-07T20:00:00Z","2026-06-07T17:00:00-03:00","America/Sao_Paulo",-23.6473149,-46.6643635,,,,"AirGradient","AirGradient"
6139516,"São Paulo","relativehumidity",41,"%","2026-06-07T21:00:00Z","2026-06-07T18:00:00-03:00","America/Sao_Paulo",-23.6473149,-46.6643635,,,,"AirGradient","AirGradient"
6139516,"São Paulo","relativehumidity",48,"%","2026-06-07T22:00:00Z","2026-06-07T19:00:00-03:00","America/Sao_Paulo",-23.6473149,-46.6643635,,,,"AirGradient","AirGradient"
6139516,"São Paulo","relativehumidity",49,"%","2026-06-07T23:00:00Z","2026-06-07T20:00:00-03:00","America/Sao_Paulo",-23.6473149,-46.6643635,,,,"AirGradient","AirGradient"
6139516,"São Paulo","relativehumidity",47,"%","2026-06-08T00:00:00Z","2026-06-07T21:00:00-03:00","America/Sao_Paulo",-23.6473149,-46.6643635,,,,"AirGradient","AirGradient"
6139516,"São Paulo","relativehumidity",46,"%","2026-06-08T01:00:00Z","2026-06-07T22:00:00-03:00","America/Sao_Paulo",-23.6473149,-46.6643635,,,,"AirGradient","AirGradient"
6139516,"São Paulo","relativehumidity",46,"%","2026-06-08T02:00:00Z","2026-06-07T23:00:00-03:00","America/Sao_Paulo",-23.6473149,-46.6643635,,,,"AirGradient","AirGradient"
6139516,"São Paulo","relativehumidity",46,"%","2026-06-08T03:00:00Z","2026-06-08T00:00:00-03:00","America/Sao_Paulo",-23.6473149,-46.6643635,,,,"AirGradient","AirGradient"
6139516,"São Paulo","relativehumidity",47,"%","2026-06-08T04:00:00Z","2026-06-08T01:00:00-03:00","America/Sao_Paulo",-23.6473149,-46.6643635,,,,"AirGradient","AirGradient"
6139516,"São Paulo","relativehumidity",47,"%","2026-06-08T05:00:00Z","2026-06-08T02:00:00-03:00","America/Sao_Paulo",-23.6473149,-46.6643635,,,,"AirGradient","AirGradient"
6139516,"São Paulo","relativehumidity",46,"%","2026-06-08T06:00:00Z","2026-06-08T03:00:00-03:00","America/Sao_Paulo",-23.6473149,-46.6643635,,,,"AirGradient","AirGradient"
6139516,"São Paulo","relativehumidity",45,"%","2026-06-08T07:00:00Z","2026-06-08T04:00:00-03:00","America/Sao_Paulo",-23.6473149,-46.6643635,,,,"AirGradient","AirGradient"
6139516,"São Paulo","relativehumidity",44,"%","2026-06-08T08:00:00Z","2026-06-08T05:00:00-03:00","America/Sao_Paulo",-23.6473149,-46.6643635,,,,"AirGradient","AirGradient"
6139516,"São Paulo","relativehumidity",44,"%","2026-06-08T09:00:00Z","2026-06-08T06:00:00-03:00","America/Sao_Paulo",-23.6473149,-46.6643635,,,,"AirGradient","AirGradient"
6139516,"São Paulo","relativehumidity",47,"%","2026-06-08T10:00:00Z","2026-06-08T07:00:00-03:00","America/Sao_Paulo",-23.6473149,-46.6643635,,,,"AirGradient","AirGradient"
6139516,"São Paulo","relativehumidity",43,"%","2026-06-08T11:00:00Z","2026-06-08T08:00:00-03:00","America/Sao_Paulo",-23.6473149,-46.6643635,,,,"AirGradient","AirGradient"
6139516,"São Paulo","relativehumidity",39,"%","2026-06-08T12:00:00Z","2026-06-08T09:00:00-03:00","America/Sao_Paulo",-23.6473149,-46.6643635,,,,"AirGradient","AirGradient"
6139516,"São Paulo","relativehumidity",39,"%","2026-06-08T13:00:00Z","2026-06-08T10:00:00-03:00","America/Sao_Paulo",-23.6473149,-46.6643635,,,,"AirGradient","AirGradient"
6139516,"São Paulo","relativehumidity",35,"%","2026-06-08T14:00:00Z","2026-06-08T11:00:00-03:00","America/Sao_Paulo",-23.6473149,-46.6643635,,,,"AirGradient","AirGradient"
6139516,"São Paulo","relativehumidity",32,"%","2026-06-08T15:00:00Z","2026-06-08T12:00:00-03:00","America/Sao_Paulo",-23.6473149,-46.6643635,,,,"AirGradient","AirGradient"
6139516,"São Paulo","relativehumidity",31,"%","2026-06-08T16:00:00Z","2026-06-08T13:00:00-03:00","America/Sao_Paulo",-23.6473149,-46.6643635,,,,"AirGradient","AirGradient"
6139516,"São Paulo","relativehumidity",32,"%","2026-06-08T17:00:00Z","2026-06-08T14:00:00-03:00","America/Sao_Paulo",-23.6473149,-46.6643635,,,,"AirGradient","AirGradient"
6139516,"São Paulo","relativehumidity",32,"%","2026-06-08T18:00:00Z","2026-06-08T15:00:00-03:00","America/Sao_Paulo",-23.6473149,-46.6643635,,,,"AirGradient","AirGradient"
6139516,"São Paulo","relativehumidity",31,"%","2026-06-08T19:00:00Z","2026-06-08T16:00:00-03:00","America/Sao_Paulo",-23.6473149,-46.6643635,,,,"AirGradient","AirGradient"
6139516,"São Paulo","relativehumidity",31,"%","2026-06-08T20:00:00Z","2026-06-08T17:00:00-03:00","America/Sao_Paulo",-23.6473149,-46.6643635,,,,"AirGradient","AirGradient"
6139516,"São Paulo","relativehumidity",34,"%","2026-06-08T21:00:00Z","2026-06-08T18:00:00-03:00","America/Sao_Paulo",-23.6473149,-46.6643635,,,,"AirGradient","AirGradient"
6139516,"São Paulo","relativehumidity",35,"%","2026-06-08T22:00:00Z","2026-06-08T19:00:00-03:00","America/Sao_Paulo",-23.6473149,-46.6643635,,,,"AirGradient","AirGradient"
6139516,"São Paulo","relativehumidity",36,"%","2026-06-08T23:00:00Z","2026-06-08T20:00:00-03:00","America/Sao_Paulo",-23.6473149,-46.6643635,,,,"AirGradient","AirGradient"
6139516,"São Paulo","relativehumidity",37,"%","2026-06-09T00:00:00Z","2026-06-08T21:00:00-03:00","America/Sao_Paulo",-23.6473149,-46.6643635,,,,"AirGradient","AirGradient"
6139516,"São Paulo","relativehumidity",38,"%","2026-06-09T01:00:00Z","2026-06-08T22:00:00-03:00","America/Sao_Paulo",-23.6473149,-46.6643635,,,,"AirGradient","AirGradient"
6139516,"São Paulo","relativehumidity",39,"%","2026-06-09T02:00:00Z","2026-06-08T23:00:00-03:00","America/Sao_Paulo",-23.6473149,-46.6643635,,,,"AirGradient","AirGradient"
6139516,"São Paulo","relativehumidity",40,"%","2026-06-09T03:00:00Z","2026-06-09T00:00:00-03:00","America/Sao_Paulo",-23.6473149,-46.6643635,,,,"AirGradient","AirGradient"
6139516,"São Paulo","relativehumidity",41,"%","2026-06-09T04:00:00Z","2026-06-09T01:00:00-03:00","America/Sao_Paulo",-23.6473149,-46.6643635,,,,"AirGradient","AirGradient"
6139516,"São Paulo","relativehumidity",43,"%","2026-06-09T05:00:00Z","2026-06-09T02:00:00-03:00","America/Sao_Paulo",-23.6473149,-46.6643635,,,,"AirGradient","AirGradient"
6139516,"São Paulo","relativehumidity",45,"%","2026-06-09T06:00:00Z","2026-06-09T03:00:00-03:00","America/Sao_Paulo",-23.6473149,-46.6643635,,,,"AirGradient","AirGradient"
6139516,"São Paulo","relativehumidity",46,"%","2026-06-09T07:00:00Z","2026-06-09T04:00:00-03:00","America/Sao_Paulo",-23.6473149,-46.6643635,,,,"AirGradient","AirGradient"
6139516,"São Paulo","relativehumidity",47,"%","2026-06-09T08:00:00Z","2026-06-09T05:00:00-03:00","America/Sao_Paulo",-23.6473149,-46.6643635,,,,"AirGradient","AirGradient"
6139516,"São Paulo","relativehumidity",47,"%","2026-06-09T09:00:00Z","2026-06-09T06:00:00-03:00","America/Sao_Paulo",-23.6473149,-46.6643635,,,,"AirGradient","AirGradient"
6139516,"São Paulo","relativehumidity",46,"%","2026-06-09T10:00:00Z","2026-06-09T07:00:00-03:00","America/Sao_Paulo",-23.6473149,-46.6643635,,,,"AirGradient","AirGradient"
6139516,"São Paulo","relativehumidity",45,"%","2026-06-09T11:00:00Z","2026-06-09T08:00:00-03:00","America/Sao_Paulo",-23.6473149,-46.6643635,,,,"AirGradient","AirGradient"
6139516,"São Paulo","relativehumidity",39,"%","2026-06-09T12:00:00Z","2026-06-09T09:00:00-03:00","America/Sao_Paulo",-23.6473149,-46.6643635,,,,"AirGradient","AirGradient"
6139516,"São Paulo","relativehumidity",36,"%","2026-06-09T13:00:00Z","2026-06-09T10:00:00-03:00","America/Sao_Paulo",-23.6473149,-46.6643635,,,,"AirGradient","AirGradient"
6139516,"São Paulo","relativehumidity",34,"%","2026-06-09T14:00:00Z","2026-06-09T11:00:00-03:00","America/Sao_Paulo",-23.6473149,-46.6643635,,,,"AirGradient","AirGradient"
6139516,"São Paulo","relativehumidity",34,"%","2026-06-09T15:00:00Z","2026-06-09T12:00:00-03:00","America/Sao_Paulo",-23.6473149,-46.6643635,,,,"AirGradient","AirGradient"
6139516,"São Paulo","relativehumidity",35,"%","2026-06-09T16:00:00Z","2026-06-09T13:00:00-03:00","America/Sao_Paulo",-23.6473149,-46.6643635,,,,"AirGradient","AirGradient"
6139516,"São Paulo","relativehumidity",35,"%","2026-06-09T17:00:00Z","2026-06-09T14:00:00-03:00","America/Sao_Paulo",-23.6473149,-46.6643635,,,,"AirGradient","AirGradient"
6139516,"São Paulo","relativehumidity",34,"%","2026-06-09T18:00:00Z","2026-06-09T15:00:00-03:00","America/Sao_Paulo",-23.6473149,-46.6643635,,,,"AirGradient","AirGradient"
6139516,"São Paulo","relativehumidity",34,"%","2026-06-09T19:00:00Z","2026-06-09T16:00:00-03:00","America/Sao_Paulo",-23.6473149,-46.6643635,,,,"AirGradient","AirGradient"
6139516,"São Paulo","relativehumidity",34,"%","2026-06-09T20:00:00Z","2026-06-09T17:00:00-03:00","America/Sao_Paulo",-23.6473149,-46.6643635,,,,"AirGradient","AirGradient"
6139516,"São Paulo","relativehumidity",36,"%","2026-06-09T21:00:00Z","2026-06-09T18:00:00-03:00","America/Sao_Paulo",-23.6473149,-46.6643635,,,,"AirGradient","AirGradient"
6139516,"São Paulo","relativehumidity",37,"%","2026-06-09T22:00:00Z","2026-06-09T19:00:00-03:00","America/Sao_Paulo",-23.6473149,-46.6643635,,,,"AirGradient","AirGradient"
6139516,"São Paulo","relativehumidity",38,"%","2026-06-09T23:00:00Z","2026-06-09T20:00:00-03:00","America/Sao_Paulo",-23.6473149,-46.6643635,,,,"AirGradient","AirGradient"
6139516,"São Paulo","relativehumidity",38,"%","2026-06-10T00:00:00Z","2026-06-09T21:00:00-03:00","America/Sao_Paulo",-23.6473149,-46.6643635,,,,"AirGradient","AirGradient"
6139516,"São Paulo","relativehumidity",40,"%","2026-06-10T01:00:00Z","2026-06-09T22:00:00-03:00","America/Sao_Paulo",-23.6473149,-46.6643635,,,,"AirGradient","AirGradient"
6139516,"São Paulo","relativehumidity",40,"%","2026-06-10T02:00:00Z","2026-06-09T23:00:00-03:00","America/Sao_Paulo",-23.6473149,-46.6643635,,,,"AirGradient","AirGradient"
6139516,"São Paulo","relativehumidity",40,"%","2026-06-10T03:00:00Z","2026-06-10T00:00:00-03:00","America/Sao_Paulo",-23.6473149,-46.6643635,,,,"AirGradient","AirGradient"
6139516,"São Paulo","relativehumidity",41,"%","2026-06-10T04:00:00Z","2026-06-10T01:00:00-03:00","America/Sao_Paulo",-23.6473149,-46.6643635,,,,"AirGradient","AirGradient"
6139516,"São Paulo","relativehumidity",42,"%","2026-06-10T05:00:00Z","2026-06-10T02:00:00-03:00","America/Sao_Paulo",-23.6473149,-46.6643635,,,,"AirGradient","AirGradient"
6139516,"São Paulo","relativehumidity",44,"%","2026-06-10T06:00:00Z","2026-06-10T03:00:00-03:00","America/Sao_Paulo",-23.6473149,-46.6643635,,,,"AirGradient","AirGradient"
6139516,"São Paulo","relativehumidity",45,"%","2026-06-10T07:00:00Z","2026-06-10T04:00:00-03:00","America/Sao_Paulo",-23.6473149,-46.6643635,,,,"AirGradient","AirGradient"
6139516,"São Paulo","relativehumidity",47,"%","2026-06-10T08:00:00Z","2026-06-10T05:00:00-03:00","America/Sao_Paulo",-23.6473149,-46.6643635,,,,"AirGradient","AirGradient"
6139516,"São Paulo","relativehumidity",49,"%","2026-06-10T09:00:00Z","2026-06-10T06:00:00-03:00","America/Sao_Paulo",-23.6473149,-46.6643635,,,,"AirGradient","AirGradient"
6139516,"São Paulo","relativehumidity",50,"%","2026-06-10T10:00:00Z","2026-06-10T07:00:00-03:00","America/Sao_Paulo",-23.6473149,-46.6643635,,,,"AirGradient","AirGradient"
6139516,"São Paulo","relativehumidity",46,"%","2026-06-10T11:00:00Z","2026-06-10T08:00:00-03:00","America/Sao_Paulo",-23.6473149,-46.6643635,,,,"AirGradient","AirGradient"
6139516,"São Paulo","relativehumidity",41,"%","2026-06-10T12:00:00Z","2026-06-10T09:00:00-03:00","America/Sao_Paulo",-23.6473149,-46.6643635,,,,"AirGradient","AirGradient"
6139516,"São Paulo","relativehumidity",41,"%","2026-06-10T13:00:00Z","2026-06-10T10:00:00-03:00","America/Sao_Paulo",-23.6473149,-46.6643635,,,,"AirGradient","AirGradient"
6139516,"São Paulo","relativehumidity",39,"%","2026-06-10T14:00:00Z","2026-06-10T11:00:00-03:00","America/Sao_Paulo",-23.6473149,-46.6643635,,,,"AirGradient","AirGradient"
6139516,"São Paulo","relativehumidity",38,"%","2026-06-10T15:00:00Z","2026-06-10T12:00:00-03:00","America/Sao_Paulo",-23.6473149,-46.6643635,,,,"AirGradient","AirGradient"
6139516,"São Paulo","relativehumidity",36,"%","2026-06-10T16:00:00Z","2026-06-10T13:00:00-03:00","America/Sao_Paulo",-23.6473149,-46.6643635,,,,"AirGradient","AirGradient"
6139516,"São Paulo","relativehumidity",37,"%","2026-06-10T17:00:00Z","2026-06-10T14:00:00-03:00","America/Sao_Paulo",-23.6473149,-46.6643635,,,,"AirGradient","AirGradient"
6139516,"São Paulo","relativehumidity",44,"%","2026-06-10T18:00:00Z","2026-06-10T15:00:00-03:00","America/Sao_Paulo",-23.6473149,-46.6643635,,,,"AirGradient","AirGradient"
6139516,"São Paulo","relativehumidity",48,"%","2026-06-10T19:00:00Z","2026-06-10T16:00:00-03:00","America/Sao_Paulo",-23.6473149,-46.6643635,,,,"AirGradient","AirGradient"
6139516,"São Paulo","relativehumidity",54,"%","2026-06-10T20:00:00Z","2026-06-10T17:00:00-03:00","America/Sao_Paulo",-23.6473149,-46.6643635,,,,"AirGradient","AirGradient"
6139516,"São Paulo","relativehumidity",58,"%","2026-06-10T21:00:00Z","2026-06-10T18:00:00-03:00","America/Sao_Paulo",-23.6473149,-46.6643635,,,,"AirGradient","AirGradient"
6139516,"São Paulo","relativehumidity",58,"%","2026-06-10T22:00:00Z","2026-06-10T19:00:00-03:00","America/Sao_Paulo",-23.6473149,-46.6643635,,,,"AirGradient","AirGradient"
6139516,"São Paulo","relativehumidity",61,"%","2026-06-10T23:00:00Z","2026-06-10T20:00:00-03:00","America/Sao_Paulo",-23.6473149,-46.6643635,,,,"AirGradient","AirGradient"
6139516,"São Paulo","relativehumidity",59,"%","2026-06-11T00:00:00Z","2026-06-10T21:00:00-03:00","America/Sao_Paulo",-23.6473149,-46.6643635,,,,"AirGradient","AirGradient"
6139516,"São Paulo","relativehumidity",54,"%","2026-06-11T01:00:00Z","2026-06-10T22:00:00-03:00","America/Sao_Paulo",-23.6473149,-46.6643635,,,,"AirGradient","AirGradient"
6139516,"São Paulo","relativehumidity",51,"%","2026-06-11T02:00:00Z","2026-06-10T23:00:00-03:00","America/Sao_Paulo",-23.6473149,-46.6643635,,,,"AirGradient","AirGradient"
6139516,"São Paulo","relativehumidity",52,"%","2026-06-11T03:00:00Z","2026-06-11T00:00:00-03:00","America/Sao_Paulo",-23.6473149,-46.6643635,,,,"AirGradient","AirGradient"
6139516,"São Paulo","relativehumidity",55,"%","2026-06-11T04:00:00Z","2026-06-11T01:00:00-03:00","America/Sao_Paulo",-23.6473149,-46.6643635,,,,"AirGradient","AirGradient"
6139516,"São Paulo","relativehumidity",57,"%","2026-06-11T05:00:00Z","2026-06-11T02:00:00-03:00","America/Sao_Paulo",-23.6473149,-46.6643635,,,,"AirGradient","AirGradient"
6139516,"São Paulo","relativehumidity",57,"%","2026-06-11T06:00:00Z","2026-06-11T03:00:00-03:00","America/Sao_Paulo",-23.6473149,-46.6643635,,,,"AirGradient","AirGradient"
6139516,"São Paulo","relativehumidity",59,"%","2026-06-11T07:00:00Z","2026-06-11T04:00:00-03:00","America/Sao_Paulo",-23.6473149,-46.6643635,,,,"AirGradient","AirGradient"
6139516,"São Paulo","relativehumidity",61,"%","2026-06-11T08:00:00Z","2026-06-11T05:00:00-03:00","America/Sao_Paulo",-23.6473149,-46.6643635,,,,"AirGradient","AirGradient"
6139516,"São Paulo","relativehumidity",61,"%","2026-06-11T09:00:00Z","2026-06-11T06:00:00-03:00","America/Sao_Paulo",-23.6473149,-46.6643635,,,,"AirGradient","AirGradient"
6139516,"São Paulo","relativehumidity",61,"%","2026-06-11T10:00:00Z","2026-06-11T07:00:00-03:00","America/Sao_Paulo",-23.6473149,-46.6643635,,,,"AirGradient","AirGradient"
6139516,"São Paulo","relativehumidity",61,"%","2026-06-11T11:00:00Z","2026-06-11T08:00:00-03:00","America/Sao_Paulo",-23.6473149,-46.6643635,,,,"AirGradient","AirGradient"
6139516,"São Paulo","relativehumidity",62,"%","2026-06-11T12:00:00Z","2026-06-11T09:00:00-03:00","America/Sao_Paulo",-23.6473149,-46.6643635,,,,"AirGradient","AirGradient"
6139516,"São Paulo","relativehumidity",60,"%","2026-06-11T13:00:00Z","2026-06-11T10:00:00-03:00","America/Sao_Paulo",-23.6473149,-46.6643635,,,,"AirGradient","AirGradient"
6139516,"São Paulo","relativehumidity",61,"%","2026-06-11T14:00:00Z","2026-06-11T11:00:00-03:00","America/Sao_Paulo",-23.6473149,-46.6643635,,,,"AirGradient","AirGradient"
6139516,"São Paulo","relativehumidity",60,"%","2026-06-11T15:00:00Z","2026-06-11T12:00:00-03:00","America/Sao_Paulo",-23.6473149,-46.6643635,,,,"AirGradient","AirGradient"
6139516,"São Paulo","relativehumidity",59,"%","2026-06-11T16:00:00Z","2026-06-11T13:00:00-03:00","America/Sao_Paulo",-23.6473149,-46.6643635,,,,"AirGradient","AirGradient"
6139516,"São Paulo","relativehumidity",57,"%","2026-06-11T17:00:00Z","2026-06-11T14:00:00-03:00","America/Sao_Paulo",-23.6473149,-46.6643635,,,,"AirGradient","AirGradient"
6139516,"São Paulo","relativehumidity",55,"%","2026-06-11T18:00:00Z","2026-06-11T15:00:00-03:00","America/Sao_Paulo",-23.6473149,-46.6643635,,,,"AirGradient","AirGradient"
6139516,"São Paulo","relativehumidity",53,"%","2026-06-11T19:00:00Z","2026-06-11T16:00:00-03:00","America/Sao_Paulo",-23.6473149,-46.6643635,,,,"AirGradient","AirGradient"
6139516,"São Paulo","relativehumidity",51,"%","2026-06-11T20:00:00Z","2026-06-11T17:00:00-03:00","America/Sao_Paulo",-23.6473149,-46.6643635,,,,"AirGradient","AirGradient"
6139516,"São Paulo","relativehumidity",54,"%","2026-06-11T21:00:00Z","2026-06-11T18:00:00-03:00","America/Sao_Paulo",-23.6473149,-46.6643635,,,,"AirGradient","AirGradient"
6139516,"São Paulo","relativehumidity",55,"%","2026-06-11T22:00:00Z","2026-06-11T19:00:00-03:00","America/Sao_Paulo",-23.6473149,-46.6643635,,,,"AirGradient","AirGradient"
6139516,"São Paulo","relativehumidity",56,"%","2026-06-11T23:00:00Z","2026-06-11T20:00:00-03:00","America/Sao_Paulo",-23.6473149,-46.6643635,,,,"AirGradient","AirGradient"
6139516,"São Paulo","relativehumidity",56,"%","2026-06-12T00:00:00Z","2026-06-11T21:00:00-03:00","America/Sao_Paulo",-23.6473149,-46.6643635,,,,"AirGradient","AirGradient"
6139516,"São Paulo","relativehumidity",58,"%","2026-06-12T01:00:00Z","2026-06-11T22:00:00-03:00","America/Sao_Paulo",-23.6473149,-46.6643635,,,,"AirGradient","AirGradient"
6139516,"São Paulo","relativehumidity",60,"%","2026-06-12T02:00:00Z","2026-06-11T23:00:00-03:00","America/Sao_Paulo",-23.6473149,-46.6643635,,,,"AirGradient","AirGradient"
6139516,"São Paulo","relativehumidity",61,"%","2026-06-12T03:00:00Z","2026-06-12T00:00:00-03:00","America/Sao_Paulo",-23.6473149,-46.6643635,,,,"AirGradient","AirGradient"
6139516,"São Paulo","relativehumidity",61,"%","2026-06-12T04:00:00Z","2026-06-12T01:00:00-03:00","America/Sao_Paulo",-23.6473149,-46.6643635,,,,"AirGradient","AirGradient"
6139516,"São Paulo","relativehumidity",61,"%","2026-06-12T05:00:00Z","2026-06-12T02:00:00-03:00","America/Sao_Paulo",-23.6473149,-46.6643635,,,,"AirGradient","AirGradient"
6139516,"São Paulo","relativehumidity",62,"%","2026-06-12T06:00:00Z","2026-06-12T03:00:00-03:00","America/Sao_Paulo",-23.6473149,-46.6643635,,,,"AirGradient","AirGradient"
6139516,"São Paulo","relativehumidity",62,"%","2026-06-12T07:00:00Z","2026-06-12T04:00:00-03:00","America/Sao_Paulo",-23.6473149,-46.6643635,,,,"AirGradient","AirGradient"
6139516,"São Paulo","relativehumidity",62,"%","2026-06-12T08:00:00Z","2026-06-12T05:00:00-03:00","America/Sao_Paulo",-23.6473149,-46.6643635,,,,"AirGradient","AirGradient"
6139516,"São Paulo","relativehumidity",63,"%","2026-06-12T09:00:00Z","2026-06-12T06:00:00-03:00","America/Sao_Paulo",-23.6473149,-46.6643635,,,,"AirGradient","AirGradient"
6139516,"São Paulo","relativehumidity",61,"%","2026-06-12T10:00:00Z","2026-06-12T07:00:00-03:00","America/Sao_Paulo",-23.6473149,-46.6643635,,,,"AirGradient","AirGradient"
6139516,"São Paulo","relativehumidity",59,"%","2026-06-12T11:00:00Z","2026-06-12T08:00:00-03:00","America/Sao_Paulo",-23.6473149,-46.6643635,,,,"AirGradient","AirGradient"
6139516,"São Paulo","relativehumidity",58,"%","2026-06-12T12:00:00Z","2026-06-12T09:00:00-03:00","America/Sao_Paulo",-23.6473149,-46.6643635,,,,"AirGradient","AirGradient"
6139516,"São Paulo","relativehumidity",63,"%","2026-06-12T13:00:00Z","2026-06-12T10:00:00-03:00","America/Sao_Paulo",-23.6473149,-46.6643635,,,,"AirGradient","AirGradient"
6139516,"São Paulo","relativehumidity",62,"%","2026-06-12T14:00:00Z","2026-06-12T11:00:00-03:00","America/Sao_Paulo",-23.6473149,-46.6643635,,,,"AirGradient","AirGradient"
6139516,"São Paulo","relativehumidity",61,"%","2026-06-12T15:00:00Z","2026-06-12T12:00:00-03:00","America/Sao_Paulo",-23.6473149,-46.6643635,,,,"AirGradient","AirGradient"
6139516,"São Paulo","relativehumidity",59,"%","2026-06-12T16:00:00Z","2026-06-12T13:00:00-03:00","America/Sao_Paulo",-23.6473149,-46.6643635,,,,"AirGradient","AirGradient"
6139516,"São Paulo","relativehumidity",58,"%","2026-06-12T17:00:00Z","2026-06-12T14:00:00-03:00","America/Sao_Paulo",-23.6473149,-46.6643635,,,,"AirGradient","AirGradient"
6139516,"São Paulo","relativehumidity",59,"%","2026-06-12T18:00:00Z","2026-06-12T15:00:00-03:00","America/Sao_Paulo",-23.6473149,-46.6643635,,,,"AirGradient","AirGradient"
6139516,"São Paulo","relativehumidity",59,"%","2026-06-12T19:00:00Z","2026-06-12T16:00:00-03:00","America/Sao_Paulo",-23.6473149,-46.6643635,,,,"AirGradient","AirGradient"
6139516,"São Paulo","relativehumidity",59,"%","2026-06-12T20:00:00Z","2026-06-12T17:00:00-03:00","America/Sao_Paulo",-23.6473149,-46.6643635,,,,"AirGradient","AirGradient"
6139516,"São Paulo","relativehumidity",61,"%","2026-06-12T21:00:00Z","2026-06-12T18:00:00-03:00","America/Sao_Paulo",-23.6473149,-46.6643635,,,,"AirGradient","AirGradient"
6139516,"São Paulo","relativehumidity",61,"%","2026-06-12T22:00:00Z","2026-06-12T19:00:00-03:00","America/Sao_Paulo",-23.6473149,-46.6643635,,,,"AirGradient","AirGradient"
6139516,"São Paulo","relativehumidity",61,"%","2026-06-12T23:00:00Z","2026-06-12T20:00:00-03:00","America/Sao_Paulo",-23.6473149,-46.6643635,,,,"AirGradient","AirGradient"
6139516,"São Paulo","relativehumidity",62,"%","2026-06-13T00:00:00Z","2026-06-12T21:00:00-03:00","America/Sao_Paulo",-23.6473149,-46.6643635,,,,"AirGradient","AirGradient"
6139516,"São Paulo","relativehumidity",61,"%","2026-06-13T01:00:00Z","2026-06-12T22:00:00-03:00","America/Sao_Paulo",-23.6473149,-46.6643635,,,,"AirGradient","AirGradient"
6139516,"São Paulo","relativehumidity",60,"%","2026-06-13T02:00:00Z","2026-06-12T23:00:00-03:00","America/Sao_Paulo",-23.6473149,-46.6643635,,,,"AirGradient","AirGradient"
6139516,"São Paulo","relativehumidity",60,"%","2026-06-13T03:00:00Z","2026-06-13T00:00:00-03:00","America/Sao_Paulo",-23.6473149,-46.6643635,,,,"AirGradient","AirGradient"
6139516,"São Paulo","relativehumidity",60,"%","2026-06-13T04:00:00Z","2026-06-13T01:00:00-03:00","America/Sao_Paulo",-23.6473149,-46.6643635,,,,"AirGradient","AirGradient"
6139516,"São Paulo","relativehumidity",61,"%","2026-06-13T05:00:00Z","2026-06-13T02:00:00-03:00","America/Sao_Paulo",-23.6473149,-46.6643635,,,,"AirGradient","AirGradient"
6139516,"São Paulo","relativehumidity",63,"%","2026-06-13T06:00:00Z","2026-06-13T03:00:00-03:00","America/Sao_Paulo",-23.6473149,-46.6643635,,,,"AirGradient","AirGradient"
6139516,"São Paulo","relativehumidity",65,"%","2026-06-13T07:00:00Z","2026-06-13T04:00:00-03:00","America/Sao_Paulo",-23.6473149,-46.6643635,,,,"AirGradient","AirGradient"
6139516,"São Paulo","relativehumidity",63,"%","2026-06-13T08:00:00Z","2026-06-13T05:00:00-03:00","America/Sao_Paulo",-23.6473149,-46.6643635,,,,"AirGradient","AirGradient"
6139516,"São Paulo","relativehumidity",63,"%","2026-06-13T09:00:00Z","2026-06-13T06:00:00-03:00","America/Sao_Paulo",-23.6473149,-46.6643635,,,,"AirGradient","AirGradient"
6139516,"São Paulo","relativehumidity",63,"%","2026-06-13T10:00:00Z","2026-06-13T07:00:00-03:00","America/Sao_Paulo",-23.6473149,-46.6643635,,,,"AirGradient","AirGradient"
6139516,"São Paulo","relativehumidity",61,"%","2026-06-13T11:00:00Z","2026-06-13T08:00:00-03:00","America/Sao_Paulo",-23.6473149,-46.6643635,,,,"AirGradient","AirGradient"
6139516,"São Paulo","relativehumidity",59,"%","2026-06-13T12:00:00Z","2026-06-13T09:00:00-03:00","America/Sao_Paulo",-23.6473149,-46.6643635,,,,"AirGradient","AirGradient"
6139516,"São Paulo","relativehumidity",57,"%","2026-06-13T13:00:00Z","2026-06-13T10:00:00-03:00","America/Sao_Paulo",-23.6473149,-46.6643635,,,,"AirGradient","AirGradient"
6139516,"São Paulo","relativehumidity",54,"%","2026-06-13T14:00:00Z","2026-06-13T11:00:00-03:00","America/Sao_Paulo",-23.6473149,-46.6643635,,,,"AirGradient","AirGradient"
6139516,"São Paulo","relativehumidity",54,"%","2026-06-13T15:00:00Z","2026-06-13T12:00:00-03:00","America/Sao_Paulo",-23.6473149,-46.6643635,,,,"AirGradient","AirGradient"
6139516,"São Paulo","relativehumidity",57,"%","2026-06-13T16:00:00Z","2026-06-13T13:00:00-03:00","America/Sao_Paulo",-23.6473149,-46.6643635,,,,"AirGradient","AirGradient"
6139516,"São Paulo","relativehumidity",57,"%","2026-06-13T17:00:00Z","2026-06-13T14:00:00-03:00","America/Sao_Paulo",-23.6473149,-46.6643635,,,,"AirGradient","AirGradient"
6139516,"São Paulo","relativehumidity",53,"%","2026-06-13T18:00:00Z","2026-06-13T15:00:00-03:00","America/Sao_Paulo",-23.6473149,-46.6643635,,,,"AirGradient","AirGradient"
6139516,"São Paulo","relativehumidity",52,"%","2026-06-13T19:00:00Z","2026-06-13T16:00:00-03:00","America/Sao_Paulo",-23.6473149,-46.6643635,,,,"AirGradient","AirGradient"
6139516,"São Paulo","relativehumidity",53,"%","2026-06-13T20:00:00Z","2026-06-13T17:00:00-03:00","America/Sao_Paulo",-23.6473149,-46.6643635,,,,"AirGradient","AirGradient"
6139516,"São Paulo","relativehumidity",56,"%","2026-06-13T21:00:00Z","2026-06-13T18:00:00-03:00","America/Sao_Paulo",-23.6473149,-46.6643635,,,,"AirGradient","AirGradient"
6139516,"São Paulo","relativehumidity",57,"%","2026-06-13T22:00:00Z","2026-06-13T19:00:00-03:00","America/Sao_Paulo",-23.6473149,-46.6643635,,,,"AirGradient","AirGradient"
6139516,"São Paulo","relativehumidity",58,"%","2026-06-13T23:00:00Z","2026-06-13T20:00:00-03:00","America/Sao_Paulo",-23.6473149,-46.6643635,,,,"AirGradient","AirGradient"
6139516,"São Paulo","relativehumidity",58,"%","2026-06-14T00:00:00Z","2026-06-13T21:00:00-03:00","America/Sao_Paulo",-23.6473149,-46.6643635,,,,"AirGradient","AirGradient"
6139516,"São Paulo","relativehumidity",59,"%","2026-06-14T01:00:00Z","2026-06-13T22:00:00-03:00","America/Sao_Paulo",-23.6473149,-46.6643635,,,,"AirGradient","AirGradient"
6139516,"São Paulo","relativehumidity",59,"%","2026-06-14T02:00:00Z","2026-06-13T23:00:00-03:00","America/Sao_Paulo",-23.6473149,-46.6643635,,,,"AirGradient","AirGradient"
6139516,"São Paulo","relativehumidity",59,"%","2026-06-14T03:00:00Z","2026-06-14T00:00:00-03:00","America/Sao_Paulo",-23.6473149,-46.6643635,,,,"AirGradient","AirGradient"
6139516,"São Paulo","relativehumidity",59,"%","2026-06-14T04:00:00Z","2026-06-14T01:00:00-03:00","America/Sao_Paulo",-23.6473149,-46.6643635,,,,"AirGradient","AirGradient"
6139516,"São Paulo","relativehumidity",60,"%","2026-06-14T05:00:00Z","2026-06-14T02:00:00-03:00","America/Sao_Paulo",-23.6473149,-46.6643635,,,,"AirGradient","AirGradient"
6139516,"São Paulo","relativehumidity",64,"%","2026-06-14T06:00:00Z","2026-06-14T03:00:00-03:00","America/Sao_Paulo",-23.6473149,-46.6643635,,,,"AirGradient","AirGradient"
6139516,"São Paulo","relativehumidity",64,"%","2026-06-14T07:00:00Z","2026-06-14T04:00:00-03:00","America/Sao_Paulo",-23.6473149,-46.6643635,,,,"AirGradient","AirGradient"
6139516,"São Paulo","relativehumidity",63,"%","2026-06-14T08:00:00Z","2026-06-14T05:00:00-03:00","America/Sao_Paulo",-23.6473149,-46.6643635,,,,"AirGradient","AirGradient"
6139516,"São Paulo","relativehumidity",62,"%","2026-06-14T09:00:00Z","2026-06-14T06:00:00-03:00","America/Sao_Paulo",-23.6473149,-46.6643635,,,,"AirGradient","AirGradient"
6139516,"São Paulo","relativehumidity",63,"%","2026-06-14T10:00:00Z","2026-06-14T07:00:00-03:00","America/Sao_Paulo",-23.6473149,-46.6643635,,,,"AirGradient","AirGradient"
6139516,"São Paulo","relativehumidity",64,"%","2026-06-14T11:00:00Z","2026-06-14T08:00:00-03:00","America/Sao_Paulo",-23.6473149,-46.6643635,,,,"AirGradient","AirGradient"
6139516,"São Paulo","relativehumidity",64,"%","2026-06-14T12:00:00Z","2026-06-14T09:00:00-03:00","America/Sao_Paulo",-23.6473149,-46.6643635,,,,"AirGradient","AirGradient"
6139516,"São Paulo","relativehumidity",61,"%","2026-06-14T13:00:00Z","2026-06-14T10:00:00-03:00","America/Sao_Paulo",-23.6473149,-46.6643635,,,,"AirGradient","AirGradient"
6139516,"São Paulo","relativehumidity",58,"%","2026-06-14T14:00:00Z","2026-06-14T11:00:00-03:00","America/Sao_Paulo",-23.6473149,-46.6643635,,,,"AirGradient","AirGradient"
6139516,"São Paulo","relativehumidity",53,"%","2026-06-14T15:00:00Z","2026-06-14T12:00:00-03:00","America/Sao_Paulo",-23.6473149,-46.6643635,,,,"AirGradient","AirGradient"
6139516,"São Paulo","relativehumidity",54,"%","2026-06-14T16:00:00Z","2026-06-14T13:00:00-03:00","America/Sao_Paulo",-23.6473149,-46.6643635,,,,"AirGradient","AirGradient"
6139516,"São Paulo","relativehumidity",55,"%","2026-06-14T17:00:00Z","2026-06-14T14:00:00-03:00","America/Sao_Paulo",-23.6473149,-46.6643635,,,,"AirGradient","AirGradient"
6139516,"São Paulo","relativehumidity",55,"%","2026-06-14T18:00:00Z","2026-06-14T15:00:00-03:00","America/Sao_Paulo",-23.6473149,-46.6643635,,,,"AirGradient","AirGradient"
6139516,"São Paulo","relativehumidity",56,"%","2026-06-14T19:00:00Z","2026-06-14T16:00:00-03:00","America/Sao_Paulo",-23.6473149,-46.6643635,,,,"AirGradient","AirGradient"
6139516,"São Paulo","relativehumidity",57,"%","2026-06-14T20:00:00Z","2026-06-14T17:00:00-03:00","America/Sao_Paulo",-23.6473149,-46.6643635,,,,"AirGradient","AirGradient"
6139516,"São Paulo","relativehumidity",58,"%","2026-06-14T21:00:00Z","2026-06-14T18:00:00-03:00","America/Sao_Paulo",-23.6473149,-46.6643635,,,,"AirGradient","AirGradient"
6139516,"São Paulo","relativehumidity",59,"%","2026-06-14T22:00:00Z","2026-06-14T19:00:00-03:00","America/Sao_Paulo",-23.6473149,-46.6643635,,,,"AirGradient","AirGradient"
6139516,"São Paulo","relativehumidity",60,"%","2026-06-14T23:00:00Z","2026-06-14T20:00:00-03:00","America/Sao_Paulo",-23.6473149,-46.6643635,,,,"AirGradient","AirGradient"
6139516,"São Paulo","relativehumidity",61,"%","2026-06-15T00:00:00Z","2026-06-14T21:00:00-03:00","America/Sao_Paulo",-23.6473149,-46.6643635,,,,"AirGradient","AirGradient"
6139516,"São Paulo","relativehumidity",62,"%","2026-06-15T01:00:00Z","2026-06-14T22:00:00-03:00","America/Sao_Paulo",-23.6473149,-46.6643635,,,,"AirGradient","AirGradient"
6139516,"São Paulo","relativehumidity",62,"%","2026-06-15T02:00:00Z","2026-06-14T23:00:00-03:00","America/Sao_Paulo",-23.6473149,-46.6643635,,,,"AirGradient","AirGradient"
6139516,"São Paulo","relativehumidity",62,"%","2026-06-15T03:00:00Z","2026-06-15T00:00:00-03:00","America/Sao_Paulo",-23.6473149,-46.6643635,,,,"AirGradient","AirGradient"
6139516,"São Paulo","relativehumidity",62,"%","2026-06-15T04:00:00Z","2026-06-15T01:00:00-03:00","America/Sao_Paulo",-23.6473149,-46.6643635,,,,"AirGradient","AirGradient"
6139516,"São Paulo","relativehumidity",62,"%","2026-06-15T05:00:00Z","2026-06-15T02:00:00-03:00","America/Sao_Paulo",-23.6473149,-46.6643635,,,,"AirGradient","AirGradient"
6139516,"São Paulo","relativehumidity",62,"%","2026-06-15T06:00:00Z","2026-06-15T03:00:00-03:00","America/Sao_Paulo",-23.6473149,-46.6643635,,,,"AirGradient","AirGradient"
6139516,"São Paulo","relativehumidity",65,"%","2026-06-15T07:00:00Z","2026-06-15T04:00:00-03:00","America/Sao_Paulo",-23.6473149,-46.6643635,,,,"AirGradient","AirGradient"
6139516,"São Paulo","relativehumidity",64,"%","2026-06-15T08:00:00Z","2026-06-15T05:00:00-03:00","America/Sao_Paulo",-23.6473149,-46.6643635,,,,"AirGradient","AirGradient"
6139516,"São Paulo","relativehumidity",63,"%","2026-06-15T09:00:00Z","2026-06-15T06:00:00-03:00","America/Sao_Paulo",-23.6473149,-46.6643635,,,,"AirGradient","AirGradient"
6139516,"São Paulo","relativehumidity",63,"%","2026-06-15T10:00:00Z","2026-06-15T07:00:00-03:00","America/Sao_Paulo",-23.6473149,-46.6643635,,,,"AirGradient","AirGradient"
6139516,"São Paulo","relativehumidity",63,"%","2026-06-15T11:00:00Z","2026-06-15T08:00:00-03:00","America/Sao_Paulo",-23.6473149,-46.6643635,,,,"AirGradient","AirGradient"
6139516,"São Paulo","relativehumidity",63,"%","2026-06-15T12:00:00Z","2026-06-15T09:00:00-03:00","America/Sao_Paulo",-23.6473149,-46.6643635,,,,"AirGradient","AirGradient"
6139516,"São Paulo","relativehumidity",63,"%","2026-06-15T13:00:00Z","2026-06-15T10:00:00-03:00","America/Sao_Paulo",-23.6473149,-46.6643635,,,,"AirGradient","AirGradient"
6139516,"São Paulo","relativehumidity",64,"%","2026-06-15T14:00:00Z","2026-06-15T11:00:00-03:00","America/Sao_Paulo",-23.6473149,-46.6643635,,,,"AirGradient","AirGradient"
6139516,"São Paulo","relativehumidity",63,"%","2026-06-15T15:00:00Z","2026-06-15T12:00:00-03:00","America/Sao_Paulo",-23.6473149,-46.6643635,,,,"AirGradient","AirGradient"
6139516,"São Paulo","relativehumidity",60,"%","2026-06-15T16:00:00Z","2026-06-15T13:00:00-03:00","America/Sao_Paulo",-23.6473149,-46.6643635,,,,"AirGradient","AirGradient"
6139516,"São Paulo","relativehumidity",61,"%","2026-06-15T17:00:00Z","2026-06-15T14:00:00-03:00","America/Sao_Paulo",-23.6473149,-46.6643635,,,,"AirGradient","AirGradient"
6139516,"São Paulo","relativehumidity",61,"%","2026-06-15T18:00:00Z","2026-06-15T15:00:00-03:00","America/Sao_Paulo",-23.6473149,-46.6643635,,,,"AirGradient","AirGradient"
6139516,"São Paulo","relativehumidity",62,"%","2026-06-15T19:00:00Z","2026-06-15T16:00:00-03:00","America/Sao_Paulo",-23.6473149,-46.6643635,,,,"AirGradient","AirGradient"
6139516,"São Paulo","relativehumidity",63,"%","2026-06-15T20:00:00Z","2026-06-15T17:00:00-03:00","America/Sao_Paulo",-23.6473149,-46.6643635,,,,"AirGradient","AirGradient"
6139516,"São Paulo","relativehumidity",62,"%","2026-06-15T21:00:00Z","2026-06-15T18:00:00-03:00","America/Sao_Paulo",-23.6473149,-46.6643635,,,,"AirGradient","AirGradient"
6139516,"São Paulo","relativehumidity",63,"%","2026-06-15T22:00:00Z","2026-06-15T19:00:00-03:00","America/Sao_Paulo",-23.6473149,-46.6643635,,,,"AirGradient","AirGradient"
6139516,"São Paulo","relativehumidity",63,"%","2026-06-15T23:00:00Z","2026-06-15T20:00:00-03:00","America/Sao_Paulo",-23.6473149,-46.6643635,,,,"AirGradient","AirGradient"
6139516,"São Paulo","relativehumidity",63,"%","2026-06-16T00:00:00Z","2026-06-15T21:00:00-03:00","America/Sao_Paulo",-23.6473149,-46.6643635,,,,"AirGradient","AirGradient"
6139516,"São Paulo","relativehumidity",64,"%","2026-06-16T01:00:00Z","2026-06-15T22:00:00-03:00","America/Sao_Paulo",-23.6473149,-46.6643635,,,,"AirGradient","AirGradient"
6139516,"São Paulo","relativehumidity",64,"%","2026-06-16T02:00:00Z","2026-06-15T23:00:00-03:00","America/Sao_Paulo",-23.6473149,-46.6643635,,,,"AirGradient","AirGradient"
6139516,"São Paulo","relativehumidity",64,"%","2026-06-16T03:00:00Z","2026-06-16T00:00:00-03:00","America/Sao_Paulo",-23.6473149,-46.6643635,,,,"AirGradient","AirGradient"
6139516,"São Paulo","relativehumidity",64,"%","2026-06-16T04:00:00Z","2026-06-16T01:00:00-03:00","America/Sao_Paulo",-23.6473149,-46.6643635,,,,"AirGradient","AirGradient"
6139516,"São Paulo","relativehumidity",64,"%","2026-06-16T05:00:00Z","2026-06-16T02:00:00-03:00","America/Sao_Paulo",-23.6473149,-46.6643635,,,,"AirGradient","AirGradient"
6139516,"São Paulo","relativehumidity",63,"%","2026-06-16T06:00:00Z","2026-06-16T03:00:00-03:00","America/Sao_Paulo",-23.6473149,-46.6643635,,,,"AirGradient","AirGradient"
6139516,"São Paulo","relativehumidity",63,"%","2026-06-16T07:00:00Z","2026-06-16T04:00:00-03:00","America/Sao_Paulo",-23.6473149,-46.6643635,,,,"AirGradient","AirGradient"
6139516,"São Paulo","relativehumidity",64,"%","2026-06-16T08:00:00Z","2026-06-16T05:00:00-03:00","America/Sao_Paulo",-23.6473149,-46.6643635,,,,"AirGradient","AirGradient"
6139516,"São Paulo","relativehumidity",62,"%","2026-06-16T09:00:00Z","2026-06-16T06:00:00-03:00","America/Sao_Paulo",-23.6473149,-46.6643635,,,,"AirGradient","AirGradient"
6139516,"São Paulo","relativehumidity",62,"%","2026-06-16T10:00:00Z","2026-06-16T07:00:00-03:00","America/Sao_Paulo",-23.6473149,-46.6643635,,,,"AirGradient","AirGradient"
6139516,"São Paulo","relativehumidity",62,"%","2026-06-16T11:00:00Z","2026-06-16T08:00:00-03:00","America/Sao_Paulo",-23.6473149,-46.6643635,,,,"AirGradient","AirGradient"
6139516,"São Paulo","relativehumidity",62,"%","2026-06-16T12:00:00Z","2026-06-16T09:00:00-03:00","America/Sao_Paulo",-23.6473149,-46.6643635,,,,"AirGradient","AirGradient"
6139516,"São Paulo","relativehumidity",61,"%","2026-06-16T13:00:00Z","2026-06-16T10:00:00-03:00","America/Sao_Paulo",-23.6473149,-46.6643635,,,,"AirGradient","AirGradient"
6139516,"São Paulo","relativehumidity",61,"%","2026-06-16T14:00:00Z","2026-06-16T11:00:00-03:00","America/Sao_Paulo",-23.6473149,-46.6643635,,,,"AirGradient","AirGradient"
6139516,"São Paulo","relativehumidity",59,"%","2026-06-16T15:00:00Z","2026-06-16T12:00:00-03:00","America/Sao_Paulo",-23.6473149,-46.6643635,,,,"AirGradient","AirGradient"
6139516,"São Paulo","relativehumidity",55,"%","2026-06-16T16:00:00Z","2026-06-16T13:00:00-03:00","America/Sao_Paulo",-23.6473149,-46.6643635,,,,"AirGradient","AirGradient"
6139516,"São Paulo","relativehumidity",54,"%","2026-06-16T17:00:00Z","2026-06-16T14:00:00-03:00","America/Sao_Paulo",-23.6473149,-46.6643635,,,,"AirGradient","AirGradient"
6139516,"São Paulo","relativehumidity",53,"%","2026-06-16T18:00:00Z","2026-06-16T15:00:00-03:00","America/Sao_Paulo",-23.6473149,-46.6643635,,,,"AirGradient","AirGradient"
6139516,"São Paulo","relativehumidity",54,"%","2026-06-16T19:00:00Z","2026-06-16T16:00:00-03:00","America/Sao_Paulo",-23.6473149,-46.6643635,,,,"AirGradient","AirGradient"
6139516,"São Paulo","relativehumidity",56,"%","2026-06-16T20:00:00Z","2026-06-16T17:00:00-03:00","America/Sao_Paulo",-23.6473149,-46.6643635,,,,"AirGradient","AirGradient"
6139516,"São Paulo","relativehumidity",59,"%","2026-06-16T21:00:00Z","2026-06-16T18:00:00-03:00","America/Sao_Paulo",-23.6473149,-46.6643635,,,,"AirGradient","AirGradient"
6139516,"São Paulo","relativehumidity",60,"%","2026-06-16T22:00:00Z","2026-06-16T19:00:00-03:00","America/Sao_Paulo",-23.6473149,-46.6643635,,,,"AirGradient","AirGradient"
6139516,"São Paulo","relativehumidity",61,"%","2026-06-16T23:00:00Z","2026-06-16T20:00:00-03:00","America/Sao_Paulo",-23.6473149,-46.6643635,,,,"AirGradient","AirGradient"
6139516,"São Paulo","relativehumidity",58,"%","2026-06-17T00:00:00Z","2026-06-16T21:00:00-03:00","America/Sao_Paulo",-23.6473149,-46.6643635,,,,"AirGradient","AirGradient"
6139516,"São Paulo","relativehumidity",57,"%","2026-06-17T01:00:00Z","2026-06-16T22:00:00-03:00","America/Sao_Paulo",-23.6473149,-46.6643635,,,,"AirGradient","AirGradient"
6139516,"São Paulo","relativehumidity",58,"%","2026-06-17T02:00:00Z","2026-06-16T23:00:00-03:00","America/Sao_Paulo",-23.6473149,-46.6643635,,,,"AirGradient","AirGradient"
6139516,"São Paulo","relativehumidity",58,"%","2026-06-17T03:00:00Z","2026-06-17T00:00:00-03:00","America/Sao_Paulo",-23.6473149,-46.6643635,,,,"AirGradient","AirGradient"
6139516,"São Paulo","relativehumidity",58,"%","2026-06-17T04:00:00Z","2026-06-17T01:00:00-03:00","America/Sao_Paulo",-23.6473149,-46.6643635,,,,"AirGradient","AirGradient"
6139516,"São Paulo","relativehumidity",58,"%","2026-06-17T05:00:00Z","2026-06-17T02:00:00-03:00","America/Sao_Paulo",-23.6473149,-46.6643635,,,,"AirGradient","AirGradient"
6139516,"São Paulo","relativehumidity",58,"%","2026-06-17T06:00:00Z","2026-06-17T03:00:00-03:00","America/Sao_Paulo",-23.6473149,-46.6643635,,,,"AirGradient","AirGradient"
6139516,"São Paulo","relativehumidity",57,"%","2026-06-17T07:00:00Z","2026-06-17T04:00:00-03:00","America/Sao_Paulo",-23.6473149,-46.6643635,,,,"AirGradient","AirGradient"
6139516,"São Paulo","relativehumidity",57,"%","2026-06-17T08:00:00Z","2026-06-17T05:00:00-03:00","America/Sao_Paulo",-23.6473149,-46.6643635,,,,"AirGradient","AirGradient"
6139516,"São Paulo","relativehumidity",58,"%","2026-06-17T09:00:00Z","2026-06-17T06:00:00-03:00","America/Sao_Paulo",-23.6473149,-46.6643635,,,,"AirGradient","AirGradient"
6139516,"São Paulo","relativehumidity",57,"%","2026-06-17T10:00:00Z","2026-06-17T07:00:00-03:00","America/Sao_Paulo",-23.6473149,-46.6643635,,,,"AirGradient","AirGradient"
6139516,"São Paulo","relativehumidity",55,"%","2026-06-17T11:00:00Z","2026-06-17T08:00:00-03:00","America/Sao_Paulo",-23.6473149,-46.6643635,,,,"AirGradient","AirGradient"
6139516,"São Paulo","relativehumidity",44,"%","2026-06-17T12:00:00Z","2026-06-17T09:00:00-03:00","America/Sao_Paulo",-23.6473149,-46.6643635,,,,"AirGradient","AirGradient"
6139516,"São Paulo","relativehumidity",39,"%","2026-06-17T13:00:00Z","2026-06-17T10:00:00-03:00","America/Sao_Paulo",-23.6473149,-46.6643635,,,,"AirGradient","AirGradient"
6139516,"São Paulo","relativehumidity",37,"%","2026-06-17T14:00:00Z","2026-06-17T11:00:00-03:00","America/Sao_Paulo",-23.6473149,-46.6643635,,,,"AirGradient","AirGradient"
6139516,"São Paulo","relativehumidity",33,"%","2026-06-17T15:00:00Z","2026-06-17T12:00:00-03:00","America/Sao_Paulo",-23.6473149,-46.6643635,,,,"AirGradient","AirGradient"
6139516,"São Paulo","relativehumidity",33,"%","2026-06-17T16:00:00Z","2026-06-17T13:00:00-03:00","America/Sao_Paulo",-23.6473149,-46.6643635,,,,"AirGradient","AirGradient"
6139516,"São Paulo","relativehumidity",34,"%","2026-06-17T17:00:00Z","2026-06-17T14:00:00-03:00","America/Sao_Paulo",-23.6473149,-46.6643635,,,,"AirGradient","AirGradient"
6139516,"São Paulo","relativehumidity",30,"%","2026-06-17T18:00:00Z","2026-06-17T15:00:00-03:00","America/Sao_Paulo",-23.6473149,-46.6643635,,,,"AirGradient","AirGradient"
6139516,"São Paulo","relativehumidity",29,"%","2026-06-17T19:00:00Z","2026-06-17T16:00:00-03:00","America/Sao_Paulo",-23.6473149,-46.6643635,,,,"AirGradient","AirGradient"
6139516,"São Paulo","relativehumidity",37,"%","2026-06-17T20:00:00Z","2026-06-17T17:00:00-03:00","America/Sao_Paulo",-23.6473149,-46.6643635,,,,"AirGradient","AirGradient"
6139516,"São Paulo","relativehumidity",52,"%","2026-06-17T21:00:00Z","2026-06-17T18:00:00-03:00","America/Sao_Paulo",-23.6473149,-46.6643635,,,,"AirGradient","AirGradient"
6139516,"São Paulo","relativehumidity",55,"%","2026-06-17T22:00:00Z","2026-06-17T19:00:00-03:00","America/Sao_Paulo",-23.6473149,-46.6643635,,,,"AirGradient","AirGradient"
6139516,"São Paulo","relativehumidity",57,"%","2026-06-17T23:00:00Z","2026-06-17T20:00:00-03:00","America/Sao_Paulo",-23.6473149,-46.6643635,,,,"AirGradient","AirGradient"
6139516,"São Paulo","relativehumidity",58,"%","2026-06-18T00:00:00Z","2026-06-17T21:00:00-03:00","America/Sao_Paulo",-23.6473149,-46.6643635,,,,"AirGradient","AirGradient"
6139516,"São Paulo","relativehumidity",57,"%","2026-06-18T01:00:00Z","2026-06-17T22:00:00-03:00","America/Sao_Paulo",-23.6473149,-46.6643635,,,,"AirGradient","AirGradient"
6139516,"São Paulo","relativehumidity",57,"%","2026-06-18T02:00:00Z","2026-06-17T23:00:00-03:00","America/Sao_Paulo",-23.6473149,-46.6643635,,,,"AirGradient","AirGradient"
6139516,"São Paulo","relativehumidity",58,"%","2026-06-18T03:00:00Z","2026-06-18T00:00:00-03:00","America/Sao_Paulo",-23.6473149,-46.6643635,,,,"AirGradient","AirGradient"
6139516,"São Paulo","relativehumidity",58,"%","2026-06-18T04:00:00Z","2026-06-18T01:00:00-03:00","America/Sao_Paulo",-23.6473149,-46.6643635,,,,"AirGradient","AirGradient"
6139516,"São Paulo","relativehumidity",58,"%","2026-06-18T05:00:00Z","2026-06-18T02:00:00-03:00","America/Sao_Paulo",-23.6473149,-46.6643635,,,,"AirGradient","AirGradient"
6139516,"São Paulo","relativehumidity",59,"%","2026-06-18T06:00:00Z","2026-06-18T03:00:00-03:00","America/Sao_Paulo",-23.6473149,-46.6643635,,,,"AirGradient","AirGradient"
6139516,"São Paulo","relativehumidity",59,"%","2026-06-18T07:00:00Z","2026-06-18T04:00:00-03:00","America/Sao_Paulo",-23.6473149,-46.6643635,,,,"AirGradient","AirGradient"
6139516,"São Paulo","relativehumidity",60,"%","2026-06-18T08:00:00Z","2026-06-18T05:00:00-03:00","America/Sao_Paulo",-23.6473149,-46.6643635,,,,"AirGradient","AirGradient"
6139516,"São Paulo","relativehumidity",60,"%","2026-06-18T09:00:00Z","2026-06-18T06:00:00-03:00","America/Sao_Paulo",-23.6473149,-46.6643635,,,,"AirGradient","AirGradient"
6139516,"São Paulo","relativehumidity",61,"%","2026-06-18T10:00:00Z","2026-06-18T07:00:00-03:00","America/Sao_Paulo",-23.6473149,-46.6643635,,,,"AirGradient","AirGradient"
6139516,"São Paulo","relativehumidity",57,"%","2026-06-18T11:00:00Z","2026-06-18T08:00:00-03:00","America/Sao_Paulo",-23.6473149,-46.6643635,,,,"AirGradient","AirGradient"
6139516,"São Paulo","relativehumidity",49,"%","2026-06-18T12:00:00Z","2026-06-18T09:00:00-03:00","America/Sao_Paulo",-23.6473149,-46.6643635,,,,"AirGradient","AirGradient"
6139516,"São Paulo","relativehumidity",43,"%","2026-06-18T13:00:00Z","2026-06-18T10:00:00-03:00","America/Sao_Paulo",-23.6473149,-46.6643635,,,,"AirGradient","AirGradient"
6139516,"São Paulo","relativehumidity",37,"%","2026-06-18T14:00:00Z","2026-06-18T11:00:00-03:00","America/Sao_Paulo",-23.6473149,-46.6643635,,,,"AirGradient","AirGradient"
6139516,"São Paulo","relativehumidity",32,"%","2026-06-18T15:00:00Z","2026-06-18T12:00:00-03:00","America/Sao_Paulo",-23.6473149,-46.6643635,,,,"AirGradient","AirGradient"
6139516,"São Paulo","relativehumidity",30,"%","2026-06-18T16:00:00Z","2026-06-18T13:00:00-03:00","America/Sao_Paulo",-23.6473149,-46.6643635,,,,"AirGradient","AirGradient"
6139516,"São Paulo","relativehumidity",34,"%","2026-06-18T17:00:00Z","2026-06-18T14:00:00-03:00","America/Sao_Paulo",-23.6473149,-46.6643635,,,,"AirGradient","AirGradient"
6139516,"São Paulo","relativehumidity",38,"%","2026-06-18T18:00:00Z","2026-06-18T15:00:00-03:00","America/Sao_Paulo",-23.6473149,-46.6643635,,,,"AirGradient","AirGradient"
6139516,"São Paulo","relativehumidity",39,"%","2026-06-18T19:00:00Z","2026-06-18T16:00:00-03:00","America/Sao_Paulo",-23.6473149,-46.6643635,,,,"AirGradient","AirGradient"
6139516,"São Paulo","relativehumidity",43,"%","2026-06-18T20:00:00Z","2026-06-18T17:00:00-03:00","America/Sao_Paulo",-23.6473149,-46.6643635,,,,"AirGradient","AirGradient"
6139516,"São Paulo","relativehumidity",51,"%","2026-06-18T21:00:00Z","2026-06-18T18:00:00-03:00","America/Sao_Paulo",-23.6473149,-46.6643635,,,,"AirGradient","AirGradient"
6139516,"São Paulo","relativehumidity",54,"%","2026-06-18T22:00:00Z","2026-06-18T19:00:00-03:00","America/Sao_Paulo",-23.6473149,-46.6643635,,,,"AirGradient","AirGradient"
6139516,"São Paulo","relativehumidity",55,"%","2026-06-18T23:00:00Z","2026-06-18T20:00:00-03:00","America/Sao_Paulo",-23.6473149,-46.6643635,,,,"AirGradient","AirGradient"
6139516,"São Paulo","relativehumidity",55,"%","2026-06-19T00:00:00Z","2026-06-18T21:00:00-03:00","America/Sao_Paulo",-23.6473149,-46.6643635,,,,"AirGradient","AirGradient"
6139516,"São Paulo","relativehumidity",52,"%","2026-06-19T01:00:00Z","2026-06-18T22:00:00-03:00","America/Sao_Paulo",-23.6473149,-46.6643635,,,,"AirGradient","AirGradient"
6139516,"São Paulo","relativehumidity",52,"%","2026-06-19T02:00:00Z","2026-06-18T23:00:00-03:00","America/Sao_Paulo",-23.6473149,-46.6643635,,,,"AirGradient","AirGradient"
6139516,"São Paulo","relativehumidity",52,"%","2026-06-19T03:00:00Z","2026-06-19T00:00:00-03:00","America/Sao_Paulo",-23.6473149,-46.6643635,,,,"AirGradient","AirGradient"
6139516,"São Paulo","relativehumidity",53,"%","2026-06-19T04:00:00Z","2026-06-19T01:00:00-03:00","America/Sao_Paulo",-23.6473149,-46.6643635,,,,"AirGradient","AirGradient"
6139516,"São Paulo","relativehumidity",53,"%","2026-06-19T05:00:00Z","2026-06-19T02:00:00-03:00","America/Sao_Paulo",-23.6473149,-46.6643635,,,,"AirGradient","AirGradient"
6139516,"São Paulo","relativehumidity",56,"%","2026-06-19T06:00:00Z","2026-06-19T03:00:00-03:00","America/Sao_Paulo",-23.6473149,-46.6643635,,,,"AirGradient","AirGradient"
6139516,"São Paulo","relativehumidity",58,"%","2026-06-19T07:00:00Z","2026-06-19T04:00:00-03:00","America/Sao_Paulo",-23.6473149,-46.6643635,,,,"AirGradient","AirGradient"
6139516,"São Paulo","relativehumidity",58,"%","2026-06-19T08:00:00Z","2026-06-19T05:00:00-03:00","America/Sao_Paulo",-23.6473149,-46.6643635,,,,"AirGradient","AirGradient"
6139516,"São Paulo","relativehumidity",58,"%","2026-06-19T09:00:00Z","2026-06-19T06:00:00-03:00","America/Sao_Paulo",-23.6473149,-46.6643635,,,,"AirGradient","AirGradient"
6139516,"São Paulo","relativehumidity",58,"%","2026-06-19T10:00:00Z","2026-06-19T07:00:00-03:00","America/Sao_Paulo",-23.6473149,-46.6643635,,,,"AirGradient","AirGradient"
6139516,"São Paulo","relativehumidity",57,"%","2026-06-19T11:00:00Z","2026-06-19T08:00:00-03:00","America/Sao_Paulo",-23.6473149,-46.6643635,,,,"AirGradient","AirGradient"
6139516,"São Paulo","relativehumidity",46,"%","2026-06-19T12:00:00Z","2026-06-19T09:00:00-03:00","America/Sao_Paulo",-23.6473149,-46.6643635,,,,"AirGradient","AirGradient"
6139516,"São Paulo","relativehumidity",40,"%","2026-06-19T13:00:00Z","2026-06-19T10:00:00-03:00","America/Sao_Paulo",-23.6473149,-46.6643635,,,,"AirGradient","AirGradient"
6139516,"São Paulo","relativehumidity",38,"%","2026-06-19T14:00:00Z","2026-06-19T11:00:00-03:00","America/Sao_Paulo",-23.6473149,-46.6643635,,,,"AirGradient","AirGradient"
6139516,"São Paulo","relativehumidity",38,"%","2026-06-19T15:00:00Z","2026-06-19T12:00:00-03:00","America/Sao_Paulo",-23.6473149,-46.6643635,,,,"AirGradient","AirGradient"
6139516,"São Paulo","relativehumidity",38,"%","2026-06-19T16:00:00Z","2026-06-19T13:00:00-03:00","America/Sao_Paulo",-23.6473149,-46.6643635,,,,"AirGradient","AirGradient"
6139516,"São Paulo","relativehumidity",37,"%","2026-06-19T17:00:00Z","2026-06-19T14:00:00-03:00","America/Sao_Paulo",-23.6473149,-46.6643635,,,,"AirGradient","AirGradient"
6139516,"São Paulo","relativehumidity",36,"%","2026-06-19T18:00:00Z","2026-06-19T15:00:00-03:00","America/Sao_Paulo",-23.6473149,-46.6643635,,,,"AirGradient","AirGradient"
6139516,"São Paulo","relativehumidity",35,"%","2026-06-19T19:00:00Z","2026-06-19T16:00:00-03:00","America/Sao_Paulo",-23.6473149,-46.6643635,,,,"AirGradient","AirGradient"
6139516,"São Paulo","relativehumidity",36,"%","2026-06-19T20:00:00Z","2026-06-19T17:00:00-03:00","America/Sao_Paulo",-23.6473149,-46.6643635,,,,"AirGradient","AirGradient"
6139516,"São Paulo","relativehumidity",38,"%","2026-06-19T21:00:00Z","2026-06-19T18:00:00-03:00","America/Sao_Paulo",-23.6473149,-46.6643635,,,,"AirGradient","AirGradient"
6139516,"São Paulo","relativehumidity",40,"%","2026-06-19T22:00:00Z","2026-06-19T19:00:00-03:00","America/Sao_Paulo",-23.6473149,-46.6643635,,,,"AirGradient","AirGradient"
6139516,"São Paulo","relativehumidity",41,"%","2026-06-19T23:00:00Z","2026-06-19T20:00:00-03:00","America/Sao_Paulo",-23.6473149,-46.6643635,,,,"AirGradient","AirGradient"
6139516,"São Paulo","relativehumidity",42,"%","2026-06-20T00:00:00Z","2026-06-19T21:00:00-03:00","America/Sao_Paulo",-23.6473149,-46.6643635,,,,"AirGradient","AirGradient"
6139516,"São Paulo","relativehumidity",43,"%","2026-06-20T01:00:00Z","2026-06-19T22:00:00-03:00","America/Sao_Paulo",-23.6473149,-46.6643635,,,,"AirGradient","AirGradient"
6139516,"São Paulo","relativehumidity",45,"%","2026-06-20T02:00:00Z","2026-06-19T23:00:00-03:00","America/Sao_Paulo",-23.6473149,-46.6643635,,,,"AirGradient","AirGradient"
6139516,"São Paulo","relativehumidity",46,"%","2026-06-20T03:00:00Z","2026-06-20T00:00:00-03:00","America/Sao_Paulo",-23.6473149,-46.6643635,,,,"AirGradient","AirGradient"
6139516,"São Paulo","relativehumidity",47,"%","2026-06-20T04:00:00Z","2026-06-20T01:00:00-03:00","America/Sao_Paulo",-23.6473149,-46.6643635,,,,"AirGradient","AirGradient"
6139516,"São Paulo","relativehumidity",48,"%","2026-06-20T05:00:00Z","2026-06-20T02:00:00-03:00","America/Sao_Paulo",-23.6473149,-46.6643635,,,,"AirGradient","AirGradient"
6139516,"São Paulo","relativehumidity",49,"%","2026-06-20T06:00:00Z","2026-06-20T03:00:00-03:00","America/Sao_Paulo",-23.6473149,-46.6643635,,,,"AirGradient","AirGradient"
6139516,"São Paulo","relativehumidity",50,"%","2026-06-20T07:00:00Z","2026-06-20T04:00:00-03:00","America/Sao_Paulo",-23.6473149,-46.6643635,,,,"AirGradient","AirGradient"
6139516,"São Paulo","relativehumidity",51,"%","2026-06-20T08:00:00Z","2026-06-20T05:00:00-03:00","America/Sao_Paulo",-23.6473149,-46.6643635,,,,"AirGradient","AirGradient"
6139516,"São Paulo","relativehumidity",51,"%","2026-06-20T09:00:00Z","2026-06-20T06:00:00-03:00","America/Sao_Paulo",-23.6473149,-46.6643635,,,,"AirGradient","AirGradient"
6139516,"São Paulo","relativehumidity",52,"%","2026-06-20T10:00:00Z","2026-06-20T07:00:00-03:00","America/Sao_Paulo",-23.6473149,-46.6643635,,,,"AirGradient","AirGradient"
6139516,"São Paulo","relativehumidity",51,"%","2026-06-20T11:00:00Z","2026-06-20T08:00:00-03:00","America/Sao_Paulo",-23.6473149,-46.6643635,,,,"AirGradient","AirGradient"
6139516,"São Paulo","relativehumidity",45,"%","2026-06-20T12:00:00Z","2026-06-20T09:00:00-03:00","America/Sao_Paulo",-23.6473149,-46.6643635,,,,"AirGradient","AirGradient"
6139516,"São Paulo","relativehumidity",38,"%","2026-06-20T13:00:00Z","2026-06-20T10:00:00-03:00","America/Sao_Paulo",-23.6473149,-46.6643635,,,,"AirGradient","AirGradient"
6139516,"São Paulo","relativehumidity",39,"%","2026-06-20T14:00:00Z","2026-06-20T11:00:00-03:00","America/Sao_Paulo",-23.6473149,-46.6643635,,,,"AirGradient","AirGradient"
6139516,"São Paulo","relativehumidity",42,"%","2026-06-20T15:00:00Z","2026-06-20T12:00:00-03:00","America/Sao_Paulo",-23.6473149,-46.6643635,,,,"AirGradient","AirGradient"
6139516,"São Paulo","relativehumidity",45,"%","2026-06-20T16:00:00Z","2026-06-20T13:00:00-03:00","America/Sao_Paulo",-23.6473149,-46.6643635,,,,"AirGradient","AirGradient"
6139516,"São Paulo","relativehumidity",45,"%","2026-06-20T17:00:00Z","2026-06-20T14:00:00-03:00","America/Sao_Paulo",-23.6473149,-46.6643635,,,,"AirGradient","AirGradient"
6139516,"São Paulo","relativehumidity",44,"%","2026-06-20T18:00:00Z","2026-06-20T15:00:00-03:00","America/Sao_Paulo",-23.6473149,-46.6643635,,,,"AirGradient","AirGradient"
6139516,"São Paulo","relativehumidity",45,"%","2026-06-20T19:00:00Z","2026-06-20T16:00:00-03:00","America/Sao_Paulo",-23.6473149,-46.6643635,,,,"AirGradient","AirGradient"
6139516,"São Paulo","relativehumidity",47,"%","2026-06-20T20:00:00Z","2026-06-20T17:00:00-03:00","America/Sao_Paulo",-23.6473149,-46.6643635,,,,"AirGradient","AirGradient"
6139516,"São Paulo","relativehumidity",49,"%","2026-06-20T21:00:00Z","2026-06-20T18:00:00-03:00","America/Sao_Paulo",-23.6473149,-46.6643635,,,,"AirGradient","AirGradient"
6139516,"São Paulo","relativehumidity",51,"%","2026-06-20T22:00:00Z","2026-06-20T19:00:00-03:00","America/Sao_Paulo",-23.6473149,-46.6643635,,,,"AirGradient","AirGradient"
6139516,"São Paulo","relativehumidity",53,"%","2026-06-20T23:00:00Z","2026-06-20T20:00:00-03:00","America/Sao_Paulo",-23.6473149,-46.6643635,,,,"AirGradient","AirGradient"
6139516,"São Paulo","relativehumidity",59,"%","2026-06-21T00:00:00Z","2026-06-20T21:00:00-03:00","America/Sao_Paulo",-23.6473149,-46.6643635,,,,"AirGradient","AirGradient"
6139516,"São Paulo","relativehumidity",61,"%","2026-06-21T01:00:00Z","2026-06-20T22:00:00-03:00","America/Sao_Paulo",-23.6473149,-46.6643635,,,,"AirGradient","AirGradient"
6139516,"São Paulo","relativehumidity",59,"%","2026-06-21T02:00:00Z","2026-06-20T23:00:00-03:00","America/Sao_Paulo",-23.6473149,-46.6643635,,,,"AirGradient","AirGradient"
6139516,"São Paulo","relativehumidity",59,"%","2026-06-21T03:00:00Z","2026-06-21T00:00:00-03:00","America/Sao_Paulo",-23.6473149,-46.6643635,,,,"AirGradient","AirGradient"
6139516,"São Paulo","relativehumidity",58,"%","2026-06-21T04:00:00Z","2026-06-21T01:00:00-03:00","America/Sao_Paulo",-23.6473149,-46.6643635,,,,"AirGradient","AirGradient"
6139516,"São Paulo","relativehumidity",58,"%","2026-06-21T05:00:00Z","2026-06-21T02:00:00-03:00","America/Sao_Paulo",-23.6473149,-46.6643635,,,,"AirGradient","AirGradient"
6139516,"São Paulo","relativehumidity",58,"%","2026-06-21T06:00:00Z","2026-06-21T03:00:00-03:00","America/Sao_Paulo",-23.6473149,-46.6643635,,,,"AirGradient","AirGradient"
6139516,"São Paulo","relativehumidity",56,"%","2026-06-21T07:00:00Z","2026-06-21T04:00:00-03:00","America/Sao_Paulo",-23.6473149,-46.6643635,,,,"AirGradient","AirGradient"
6139516,"São Paulo","relativehumidity",56,"%","2026-06-21T08:00:00Z","2026-06-21T05:00:00-03:00","America/Sao_Paulo",-23.6473149,-46.6643635,,,,"AirGradient","AirGradient"
6139516,"São Paulo","relativehumidity",55,"%","2026-06-21T09:00:00Z","2026-06-21T06:00:00-03:00","America/Sao_Paulo",-23.6473149,-46.6643635,,,,"AirGradient","AirGradient"
6139516,"São Paulo","relativehumidity",57,"%","2026-06-21T10:00:00Z","2026-06-21T07:00:00-03:00","America/Sao_Paulo",-23.6473149,-46.6643635,,,,"AirGradient","AirGradient"
6139516,"São Paulo","relativehumidity",55,"%","2026-06-21T11:00:00Z","2026-06-21T08:00:00-03:00","America/Sao_Paulo",-23.6473149,-46.6643635,,,,"AirGradient","AirGradient"
6139516,"São Paulo","relativehumidity",50,"%","2026-06-21T12:00:00Z","2026-06-21T09:00:00-03:00","America/Sao_Paulo",-23.6473149,-46.6643635,,,,"AirGradient","AirGradient"
6139516,"São Paulo","relativehumidity",44,"%","2026-06-21T13:00:00Z","2026-06-21T10:00:00-03:00","America/Sao_Paulo",-23.6473149,-46.6643635,,,,"AirGradient","AirGradient"
6139516,"São Paulo","relativehumidity",39,"%","2026-06-21T14:00:00Z","2026-06-21T11:00:00-03:00","America/Sao_Paulo",-23.6473149,-46.6643635,,,,"AirGradient","AirGradient"
6139516,"São Paulo","relativehumidity",35,"%","2026-06-21T15:00:00Z","2026-06-21T12:00:00-03:00","America/Sao_Paulo",-23.6473149,-46.6643635,,,,"AirGradient","AirGradient"
6139516,"São Paulo","relativehumidity",32,"%","2026-06-21T16:00:00Z","2026-06-21T13:00:00-03:00","America/Sao_Paulo",-23.6473149,-46.6643635,,,,"AirGradient","AirGradient"
6139516,"São Paulo","relativehumidity",32,"%","2026-06-21T17:00:00Z","2026-06-21T14:00:00-03:00","America/Sao_Paulo",-23.6473149,-46.6643635,,,,"AirGradient","AirGradient"
6139516,"São Paulo","relativehumidity",32,"%","2026-06-21T18:00:00Z","2026-06-21T15:00:00-03:00","America/Sao_Paulo",-23.6473149,-46.6643635,,,,"AirGradient","AirGradient"
6139516,"São Paulo","relativehumidity",30,"%","2026-06-21T19:00:00Z","2026-06-21T16:00:00-03:00","America/Sao_Paulo",-23.6473149,-46.6643635,,,,"AirGradient","AirGradient"
6139516,"São Paulo","relativehumidity",41,"%","2026-06-21T20:00:00Z","2026-06-21T17:00:00-03:00","America/Sao_Paulo",-23.6473149,-46.6643635,,,,"AirGradient","AirGradient"
6139516,"São Paulo","relativehumidity",49,"%","2026-06-21T21:00:00Z","2026-06-21T18:00:00-03:00","America/Sao_Paulo",-23.6473149,-46.6643635,,,,"AirGradient","AirGradient"
6139516,"São Paulo","relativehumidity",52,"%","2026-06-21T22:00:00Z","2026-06-21T19:00:00-03:00","America/Sao_Paulo",-23.6473149,-46.6643635,,,,"AirGradient","AirGradient"
6139516,"São Paulo","relativehumidity",51,"%","2026-06-21T23:00:00Z","2026-06-21T20:00:00-03:00","America/Sao_Paulo",-23.6473149,-46.6643635,,,,"AirGradient","AirGradient"
6139516,"São Paulo","relativehumidity",52,"%","2026-06-22T00:00:00Z","2026-06-21T21:00:00-03:00","America/Sao_Paulo",-23.6473149,-46.6643635,,,,"AirGradient","AirGradient"
6139516,"São Paulo","relativehumidity",56,"%","2026-06-22T01:00:00Z","2026-06-21T22:00:00-03:00","America/Sao_Paulo",-23.6473149,-46.6643635,,,,"AirGradient","AirGradient"
6139516,"São Paulo","relativehumidity",55,"%","2026-06-22T02:00:00Z","2026-06-21T23:00:00-03:00","America/Sao_Paulo",-23.6473149,-46.6643635,,,,"AirGradient","AirGradient"
6139516,"São Paulo","relativehumidity",56,"%","2026-06-22T03:00:00Z","2026-06-22T00:00:00-03:00","America/Sao_Paulo",-23.6473149,-46.6643635,,,,"AirGradient","AirGradient"
6139516,"São Paulo","relativehumidity",54,"%","2026-06-22T04:00:00Z","2026-06-22T01:00:00-03:00","America/Sao_Paulo",-23.6473149,-46.6643635,,,,"AirGradient","AirGradient"
6139516,"São Paulo","relativehumidity",52,"%","2026-06-22T05:00:00Z","2026-06-22T02:00:00-03:00","America/Sao_Paulo",-23.6473149,-46.6643635,,,,"AirGradient","AirGradient"
6139516,"São Paulo","relativehumidity",51,"%","2026-06-22T06:00:00Z","2026-06-22T03:00:00-03:00","America/Sao_Paulo",-23.6473149,-46.6643635,,,,"AirGradient","AirGradient"
6139516,"São Paulo","relativehumidity",53,"%","2026-06-22T07:00:00Z","2026-06-22T04:00:00-03:00","America/Sao_Paulo",-23.6473149,-46.6643635,,,,"AirGradient","AirGradient"
6139516,"São Paulo","relativehumidity",55,"%","2026-06-22T08:00:00Z","2026-06-22T05:00:00-03:00","America/Sao_Paulo",-23.6473149,-46.6643635,,,,"AirGradient","AirGradient"
6139516,"São Paulo","relativehumidity",55,"%","2026-06-22T09:00:00Z","2026-06-22T06:00:00-03:00","America/Sao_Paulo",-23.6473149,-46.6643635,,,,"AirGradient","AirGradient"
6139516,"São Paulo","relativehumidity",57,"%","2026-06-22T10:00:00Z","2026-06-22T07:00:00-03:00","America/Sao_Paulo",-23.6473149,-46.6643635,,,,"AirGradient","AirGradient"
6139516,"São Paulo","relativehumidity",54,"%","2026-06-22T11:00:00Z","2026-06-22T08:00:00-03:00","America/Sao_Paulo",-23.6473149,-46.6643635,,,,"AirGradient","AirGradient"
6139516,"São Paulo","relativehumidity",42,"%","2026-06-22T12:00:00Z","2026-06-22T09:00:00-03:00","America/Sao_Paulo",-23.6473149,-46.6643635,,,,"AirGradient","AirGradient"
6139516,"São Paulo","relativehumidity",36,"%","2026-06-22T13:00:00Z","2026-06-22T10:00:00-03:00","America/Sao_Paulo",-23.6473149,-46.6643635,,,,"AirGradient","AirGradient"
6139516,"São Paulo","relativehumidity",35,"%","2026-06-22T14:00:00Z","2026-06-22T11:00:00-03:00","America/Sao_Paulo",-23.6473149,-46.6643635,,,,"AirGradient","AirGradient"
6139516,"São Paulo","relativehumidity",35,"%","2026-06-22T15:00:00Z","2026-06-22T12:00:00-03:00","America/Sao_Paulo",-23.6473149,-46.6643635,,,,"AirGradient","AirGradient"
6139516,"São Paulo","relativehumidity",34,"%","2026-06-22T16:00:00Z","2026-06-22T13:00:00-03:00","America/Sao_Paulo",-23.6473149,-46.6643635,,,,"AirGradient","AirGradient"
6139516,"São Paulo","relativehumidity",33,"%","2026-06-22T17:00:00Z","2026-06-22T14:00:00-03:00","America/Sao_Paulo",-23.6473149,-46.6643635,,,,"AirGradient","AirGradient"
6139516,"São Paulo","relativehumidity",33,"%","2026-06-22T18:00:00Z","2026-06-22T15:00:00-03:00","America/Sao_Paulo",-23.6473149,-46.6643635,,,,"AirGradient","AirGradient"
6139516,"São Paulo","relativehumidity",33,"%","2026-06-22T19:00:00Z","2026-06-22T16:00:00-03:00","America/Sao_Paulo",-23.6473149,-46.6643635,,,,"AirGradient","AirGradient"
6139516,"São Paulo","relativehumidity",32,"%","2026-06-22T20:00:00Z","2026-06-22T17:00:00-03:00","America/Sao_Paulo",-23.6473149,-46.6643635,,,,"AirGradient","AirGradient"
6139516,"São Paulo","relativehumidity",33,"%","2026-06-22T21:00:00Z","2026-06-22T18:00:00-03:00","America/Sao_Paulo",-23.6473149,-46.6643635,,,,"AirGradient","AirGradient"
6139516,"São Paulo","relativehumidity",35,"%","2026-06-22T22:00:00Z","2026-06-22T19:00:00-03:00","America/Sao_Paulo",-23.6473149,-46.6643635,,,,"AirGradient","AirGradient"
6139516,"São Paulo","relativehumidity",36,"%","2026-06-22T23:00:00Z","2026-06-22T20:00:00-03:00","America/Sao_Paulo",-23.6473149,-46.6643635,,,,"AirGradient","AirGradient"
6139516,"São Paulo","relativehumidity",37,"%","2026-06-23T00:00:00Z","2026-06-22T21:00:00-03:00","America/Sao_Paulo",-23.6473149,-46.6643635,,,,"AirGradient","AirGradient"
6139516,"São Paulo","relativehumidity",37,"%","2026-06-23T01:00:00Z","2026-06-22T22:00:00-03:00","America/Sao_Paulo",-23.6473149,-46.6643635,,,,"AirGradient","AirGradient"
6139516,"São Paulo","relativehumidity",38,"%","2026-06-23T02:00:00Z","2026-06-22T23:00:00-03:00","America/Sao_Paulo",-23.6473149,-46.6643635,,,,"AirGradient","AirGradient"
6139516,"São Paulo","relativehumidity",38,"%","2026-06-23T03:00:00Z","2026-06-23T00:00:00-03:00","America/Sao_Paulo",-23.6473149,-46.6643635,,,,"AirGradient","AirGradient"
6139516,"São Paulo","relativehumidity",39,"%","2026-06-23T04:00:00Z","2026-06-23T01:00:00-03:00","America/Sao_Paulo",-23.6473149,-46.6643635,,,,"AirGradient","AirGradient"
6139516,"São Paulo","relativehumidity",40,"%","2026-06-23T05:00:00Z","2026-06-23T02:00:00-03:00","America/Sao_Paulo",-23.6473149,-46.6643635,,,,"AirGradient","AirGradient"
6139516,"São Paulo","relativehumidity",42,"%","2026-06-23T06:00:00Z","2026-06-23T03:00:00-03:00","America/Sao_Paulo",-23.6473149,-46.6643635,,,,"AirGradient","AirGradient"
6139516,"São Paulo","relativehumidity",45,"%","2026-06-23T07:00:00Z","2026-06-23T04:00:00-03:00","America/Sao_Paulo",-23.6473149,-46.6643635,,,,"AirGradient","AirGradient"
6139516,"São Paulo","relativehumidity",47,"%","2026-06-23T08:00:00Z","2026-06-23T05:00:00-03:00","America/Sao_Paulo",-23.6473149,-46.6643635,,,,"AirGradient","AirGradient"
6139516,"São Paulo","relativehumidity",47,"%","2026-06-23T09:00:00Z","2026-06-23T06:00:00-03:00","America/Sao_Paulo",-23.6473149,-46.6643635,,,,"AirGradient","AirGradient"
6139516,"São Paulo","relativehumidity",53,"%","2026-06-23T10:00:00Z","2026-06-23T07:00:00-03:00","America/Sao_Paulo",-23.6473149,-46.6643635,,,,"AirGradient","AirGradient"
6139516,"São Paulo","relativehumidity",56,"%","2026-06-23T11:00:00Z","2026-06-23T08:00:00-03:00","America/Sao_Paulo",-23.6473149,-46.6643635,,,,"AirGradient","AirGradient"
6139516,"São Paulo","relativehumidity",57,"%","2026-06-23T12:00:00Z","2026-06-23T09:00:00-03:00","America/Sao_Paulo",-23.6473149,-46.6643635,,,,"AirGradient","AirGradient"
6139516,"São Paulo","relativehumidity",58,"%","2026-06-23T13:00:00Z","2026-06-23T10:00:00-03:00","America/Sao_Paulo",-23.6473149,-46.6643635,,,,"AirGradient","AirGradient"
6139516,"São Paulo","relativehumidity",55,"%","2026-06-23T14:00:00Z","2026-06-23T11:00:00-03:00","America/Sao_Paulo",-23.6473149,-46.6643635,,,,"AirGradient","AirGradient"
6139516,"São Paulo","relativehumidity",52,"%","2026-06-23T15:00:00Z","2026-06-23T12:00:00-03:00","America/Sao_Paulo",-23.6473149,-46.6643635,,,,"AirGradient","AirGradient"
6139516,"São Paulo","relativehumidity",53,"%","2026-06-23T16:00:00Z","2026-06-23T13:00:00-03:00","America/Sao_Paulo",-23.6473149,-46.6643635,,,,"AirGradient","AirGradient"
6139516,"São Paulo","relativehumidity",56,"%","2026-06-23T17:00:00Z","2026-06-23T14:00:00-03:00","America/Sao_Paulo",-23.6473149,-46.6643635,,,,"AirGradient","AirGradient"
6139516,"São Paulo","relativehumidity",59,"%","2026-06-23T18:00:00Z","2026-06-23T15:00:00-03:00","America/Sao_Paulo",-23.6473149,-46.6643635,,,,"AirGradient","AirGradient"
6139516,"São Paulo","relativehumidity",61,"%","2026-06-23T19:00:00Z","2026-06-23T16:00:00-03:00","America/Sao_Paulo",-23.6473149,-46.6643635,,,,"AirGradient","AirGradient"
6139516,"São Paulo","relativehumidity",63,"%","2026-06-23T20:00:00Z","2026-06-23T17:00:00-03:00","America/Sao_Paulo",-23.6473149,-46.6643635,,,,"AirGradient","AirGradient"
6139516,"São Paulo","relativehumidity",61,"%","2026-06-23T21:00:00Z","2026-06-23T18:00:00-03:00","America/Sao_Paulo",-23.6473149,-46.6643635,,,,"AirGradient","AirGradient"
6139516,"São Paulo","relativehumidity",60,"%","2026-06-23T22:00:00Z","2026-06-23T19:00:00-03:00","America/Sao_Paulo",-23.6473149,-46.6643635,,,,"AirGradient","AirGradient"
6139516,"São Paulo","relativehumidity",59,"%","2026-06-23T23:00:00Z","2026-06-23T20:00:00-03:00","America/Sao_Paulo",-23.6473149,-46.6643635,,,,"AirGradient","AirGradient"
6139516,"São Paulo","relativehumidity",61,"%","2026-06-24T00:00:00Z","2026-06-23T21:00:00-03:00","America/Sao_Paulo",-23.6473149,-46.6643635,,,,"AirGradient","AirGradient"
6139516,"São Paulo","relativehumidity",62,"%","2026-06-24T01:00:00Z","2026-06-23T22:00:00-03:00","America/Sao_Paulo",-23.6473149,-46.6643635,,,,"AirGradient","AirGradient"
6139516,"São Paulo","relativehumidity",61,"%","2026-06-24T02:00:00Z","2026-06-23T23:00:00-03:00","America/Sao_Paulo",-23.6473149,-46.6643635,,,,"AirGradient","AirGradient"
6139516,"São Paulo","relativehumidity",60,"%","2026-06-24T03:00:00Z","2026-06-24T00:00:00-03:00","America/Sao_Paulo",-23.6473149,-46.6643635,,,,"AirGradient","AirGradient"
6139516,"São Paulo","relativehumidity",60,"%","2026-06-24T04:00:00Z","2026-06-24T01:00:00-03:00","America/Sao_Paulo",-23.6473149,-46.6643635,,,,"AirGradient","AirGradient"
6139516,"São Paulo","relativehumidity",60,"%","2026-06-24T05:00:00Z","2026-06-24T02:00:00-03:00","America/Sao_Paulo",-23.6473149,-46.6643635,,,,"AirGradient","AirGradient"
6139516,"São Paulo","relativehumidity",59,"%","2026-06-24T06:00:00Z","2026-06-24T03:00:00-03:00","America/Sao_Paulo",-23.6473149,-46.6643635,,,,"AirGradient","AirGradient"
6139516,"São Paulo","relativehumidity",60,"%","2026-06-24T07:00:00Z","2026-06-24T04:00:00-03:00","America/Sao_Paulo",-23.6473149,-46.6643635,,,,"AirGradient","AirGradient"
6139516,"São Paulo","relativehumidity",60,"%","2026-06-24T08:00:00Z","2026-06-24T05:00:00-03:00","America/Sao_Paulo",-23.6473149,-46.6643635,,,,"AirGradient","AirGradient"
6139516,"São Paulo","relativehumidity",60,"%","2026-06-24T09:00:00Z","2026-06-24T06:00:00-03:00","America/Sao_Paulo",-23.6473149,-46.6643635,,,,"AirGradient","AirGradient"
6139516,"São Paulo","relativehumidity",60,"%","2026-06-24T10:00:00Z","2026-06-24T07:00:00-03:00","America/Sao_Paulo",-23.6473149,-46.6643635,,,,"AirGradient","AirGradient"
6139516,"São Paulo","relativehumidity",60,"%","2026-06-24T11:00:00Z","2026-06-24T08:00:00-03:00","America/Sao_Paulo",-23.6473149,-46.6643635,,,,"AirGradient","AirGradient"
6139516,"São Paulo","relativehumidity",61,"%","2026-06-24T12:00:00Z","2026-06-24T09:00:00-03:00","America/Sao_Paulo",-23.6473149,-46.6643635,,,,"AirGradient","AirGradient"
6139516,"São Paulo","relativehumidity",60,"%","2026-06-24T13:00:00Z","2026-06-24T10:00:00-03:00","America/Sao_Paulo",-23.6473149,-46.6643635,,,,"AirGradient","AirGradient"
6139516,"São Paulo","relativehumidity",59,"%","2026-06-24T14:00:00Z","2026-06-24T11:00:00-03:00","America/Sao_Paulo",-23.6473149,-46.6643635,,,,"AirGradient","AirGradient"
6139516,"São Paulo","relativehumidity",61,"%","2026-06-24T15:00:00Z","2026-06-24T12:00:00-03:00","America/Sao_Paulo",-23.6473149,-46.6643635,,,,"AirGradient","AirGradient"
6139516,"São Paulo","relativehumidity",59,"%","2026-06-24T16:00:00Z","2026-06-24T13:00:00-03:00","America/Sao_Paulo",-23.6473149,-46.6643635,,,,"AirGradient","AirGradient"
6139516,"São Paulo","relativehumidity",59,"%","2026-06-24T17:00:00Z","2026-06-24T14:00:00-03:00","America/Sao_Paulo",-23.6473149,-46.6643635,,,,"AirGradient","AirGradient"
6139516,"São Paulo","relativehumidity",60,"%","2026-06-24T18:00:00Z","2026-06-24T15:00:00-03:00","America/Sao_Paulo",-23.6473149,-46.6643635,,,,"AirGradient","AirGradient"
6139516,"São Paulo","relativehumidity",58,"%","2026-06-24T19:00:00Z","2026-06-24T16:00:00-03:00","America/Sao_Paulo",-23.6473149,-46.6643635,,,,"AirGradient","AirGradient"
6139516,"São Paulo","relativehumidity",57,"%","2026-06-24T20:00:00Z","2026-06-24T17:00:00-03:00","America/Sao_Paulo",-23.6473149,-46.6643635,,,,"AirGradient","AirGradient"
6139516,"São Paulo","relativehumidity",57,"%","2026-06-24T21:00:00Z","2026-06-24T18:00:00-03:00","America/Sao_Paulo",-23.6473149,-46.6643635,,,,"AirGradient","AirGradient"
6139516,"São Paulo","relativehumidity",58,"%","2026-06-24T22:00:00Z","2026-06-24T19:00:00-03:00","America/Sao_Paulo",-23.6473149,-46.6643635,,,,"AirGradient","AirGradient"
6139516,"São Paulo","relativehumidity",57,"%","2026-06-24T23:00:00Z","2026-06-24T20:00:00-03:00","America/Sao_Paulo",-23.6473149,-46.6643635,,,,"AirGradient","AirGradient"
6139516,"São Paulo","relativehumidity",59,"%","2026-06-25T00:00:00Z","2026-06-24T21:00:00-03:00","America/Sao_Paulo",-23.6473149,-46.6643635,,,,"AirGradient","AirGradient"
6139516,"São Paulo","temperature",19.9,"c","2026-05-24T01:00:00Z","2026-05-23T22:00:00-03:00","America/Sao_Paulo",-23.6473149,-46.6643635,,,,"AirGradient","AirGradient"
6139516,"São Paulo","temperature",19.9,"c","2026-05-24T02:00:00Z","2026-05-23T23:00:00-03:00","America/Sao_Paulo",-23.6473149,-46.6643635,,,,"AirGradient","AirGradient"
6139516,"São Paulo","temperature",20,"c","2026-05-24T03:00:00Z","2026-05-24T00:00:00-03:00","America/Sao_Paulo",-23.6473149,-46.6643635,,,,"AirGradient","AirGradient"
6139516,"São Paulo","temperature",20,"c","2026-05-24T04:00:00Z","2026-05-24T01:00:00-03:00","America/Sao_Paulo",-23.6473149,-46.6643635,,,,"AirGradient","AirGradient"
6139516,"São Paulo","temperature",20.1,"c","2026-05-24T05:00:00Z","2026-05-24T02:00:00-03:00","America/Sao_Paulo",-23.6473149,-46.6643635,,,,"AirGradient","AirGradient"
6139516,"São Paulo","temperature",19.6,"c","2026-05-24T06:00:00Z","2026-05-24T03:00:00-03:00","America/Sao_Paulo",-23.6473149,-46.6643635,,,,"AirGradient","AirGradient"
6139516,"São Paulo","temperature",19.4,"c","2026-05-24T07:00:00Z","2026-05-24T04:00:00-03:00","America/Sao_Paulo",-23.6473149,-46.6643635,,,,"AirGradient","AirGradient"
6139516,"São Paulo","temperature",20,"c","2026-05-24T08:00:00Z","2026-05-24T05:00:00-03:00","America/Sao_Paulo",-23.6473149,-46.6643635,,,,"AirGradient","AirGradient"
6139516,"São Paulo","temperature",19.6,"c","2026-05-24T09:00:00Z","2026-05-24T06:00:00-03:00","America/Sao_Paulo",-23.6473149,-46.6643635,,,,"AirGradient","AirGradient"
6139516,"São Paulo","temperature",20,"c","2026-05-24T10:00:00Z","2026-05-24T07:00:00-03:00","America/Sao_Paulo",-23.6473149,-46.6643635,,,,"AirGradient","AirGradient"
6139516,"São Paulo","temperature",21.4,"c","2026-05-24T11:00:00Z","2026-05-24T08:00:00-03:00","America/Sao_Paulo",-23.6473149,-46.6643635,,,,"AirGradient","AirGradient"
6139516,"São Paulo","temperature",24.7,"c","2026-05-24T12:00:00Z","2026-05-24T09:00:00-03:00","America/Sao_Paulo",-23.6473149,-46.6643635,,,,"AirGradient","AirGradient"
6139516,"São Paulo","temperature",25.6,"c","2026-05-24T13:00:00Z","2026-05-24T10:00:00-03:00","America/Sao_Paulo",-23.6473149,-46.6643635,,,,"AirGradient","AirGradient"
6139516,"São Paulo","temperature",26.7,"c","2026-05-24T14:00:00Z","2026-05-24T11:00:00-03:00","America/Sao_Paulo",-23.6473149,-46.6643635,,,,"AirGradient","AirGradient"
6139516,"São Paulo","temperature",26.4,"c","2026-05-24T15:00:00Z","2026-05-24T12:00:00-03:00","America/Sao_Paulo",-23.6473149,-46.6643635,,,,"AirGradient","AirGradient"
6139516,"São Paulo","temperature",25.2,"c","2026-05-24T16:00:00Z","2026-05-24T13:00:00-03:00","America/Sao_Paulo",-23.6473149,-46.6643635,,,,"AirGradient","AirGradient"
6139516,"São Paulo","temperature",25.8,"c","2026-05-24T17:00:00Z","2026-05-24T14:00:00-03:00","America/Sao_Paulo",-23.6473149,-46.6643635,,,,"AirGradient","AirGradient"
6139516,"São Paulo","temperature",25.7,"c","2026-05-24T18:00:00Z","2026-05-24T15:00:00-03:00","America/Sao_Paulo",-23.6473149,-46.6643635,,,,"AirGradient","AirGradient"
6139516,"São Paulo","temperature",24.8,"c","2026-05-24T19:00:00Z","2026-05-24T16:00:00-03:00","America/Sao_Paulo",-23.6473149,-46.6643635,,,,"AirGradient","AirGradient"
6139516,"São Paulo","temperature",23,"c","2026-05-24T20:00:00Z","2026-05-24T17:00:00-03:00","America/Sao_Paulo",-23.6473149,-46.6643635,,,,"AirGradient","AirGradient"
6139516,"São Paulo","temperature",23,"c","2026-05-24T21:00:00Z","2026-05-24T18:00:00-03:00","America/Sao_Paulo",-23.6473149,-46.6643635,,,,"AirGradient","AirGradient"
6139516,"São Paulo","temperature",22.9,"c","2026-05-24T22:00:00Z","2026-05-24T19:00:00-03:00","America/Sao_Paulo",-23.6473149,-46.6643635,,,,"AirGradient","AirGradient"
6139516,"São Paulo","temperature",21.3,"c","2026-05-24T23:00:00Z","2026-05-24T20:00:00-03:00","America/Sao_Paulo",-23.6473149,-46.6643635,,,,"AirGradient","AirGradient"
6139516,"São Paulo","temperature",21.6,"c","2026-05-25T00:00:00Z","2026-05-24T21:00:00-03:00","America/Sao_Paulo",-23.6473149,-46.6643635,,,,"AirGradient","AirGradient"
6139516,"São Paulo","temperature",20.4,"c","2026-05-25T01:00:00Z","2026-05-24T22:00:00-03:00","America/Sao_Paulo",-23.6473149,-46.6643635,,,,"AirGradient","AirGradient"
6139516,"São Paulo","temperature",19.8,"c","2026-05-25T02:00:00Z","2026-05-24T23:00:00-03:00","America/Sao_Paulo",-23.6473149,-46.6643635,,,,"AirGradient","AirGradient"
6139516,"São Paulo","temperature",19.7,"c","2026-05-25T03:00:00Z","2026-05-25T00:00:00-03:00","America/Sao_Paulo",-23.6473149,-46.6643635,,,,"AirGradient","AirGradient"
6139516,"São Paulo","temperature",19.6,"c","2026-05-25T04:00:00Z","2026-05-25T01:00:00-03:00","America/Sao_Paulo",-23.6473149,-46.6643635,,,,"AirGradient","AirGradient"
6139516,"São Paulo","temperature",19.5,"c","2026-05-25T05:00:00Z","2026-05-25T02:00:00-03:00","America/Sao_Paulo",-23.6473149,-46.6643635,,,,"AirGradient","AirGradient"
6139516,"São Paulo","temperature",19.7,"c","2026-05-25T06:00:00Z","2026-05-25T03:00:00-03:00","America/Sao_Paulo",-23.6473149,-46.6643635,,,,"AirGradient","AirGradient"
6139516,"São Paulo","temperature",19.5,"c","2026-05-25T07:00:00Z","2026-05-25T04:00:00-03:00","America/Sao_Paulo",-23.6473149,-46.6643635,,,,"AirGradient","AirGradient"
6139516,"São Paulo","temperature",19.7,"c","2026-05-25T08:00:00Z","2026-05-25T05:00:00-03:00","America/Sao_Paulo",-23.6473149,-46.6643635,,,,"AirGradient","AirGradient"
6139516,"São Paulo","temperature",19.4,"c","2026-05-25T09:00:00Z","2026-05-25T06:00:00-03:00","America/Sao_Paulo",-23.6473149,-46.6643635,,,,"AirGradient","AirGradient"
6139516,"São Paulo","temperature",19.4,"c","2026-05-25T10:00:00Z","2026-05-25T07:00:00-03:00","America/Sao_Paulo",-23.6473149,-46.6643635,,,,"AirGradient","AirGradient"
6139516,"São Paulo","temperature",19.4,"c","2026-05-25T11:00:00Z","2026-05-25T08:00:00-03:00","America/Sao_Paulo",-23.6473149,-46.6643635,,,,"AirGradient","AirGradient"
6139516,"São Paulo","temperature",19.4,"c","2026-05-25T12:00:00Z","2026-05-25T09:00:00-03:00","America/Sao_Paulo",-23.6473149,-46.6643635,,,,"AirGradient","AirGradient"
6139516,"São Paulo","temperature",19.4,"c","2026-05-25T13:00:00Z","2026-05-25T10:00:00-03:00","America/Sao_Paulo",-23.6473149,-46.6643635,,,,"AirGradient","AirGradient"
6139516,"São Paulo","temperature",20.1,"c","2026-05-25T14:00:00Z","2026-05-25T11:00:00-03:00","America/Sao_Paulo",-23.6473149,-46.6643635,,,,"AirGradient","AirGradient"
6139516,"São Paulo","temperature",21.6,"c","2026-05-25T15:00:00Z","2026-05-25T12:00:00-03:00","America/Sao_Paulo",-23.6473149,-46.6643635,,,,"AirGradient","AirGradient"
6139516,"São Paulo","temperature",22.5,"c","2026-05-25T16:00:00Z","2026-05-25T13:00:00-03:00","America/Sao_Paulo",-23.6473149,-46.6643635,,,,"AirGradient","AirGradient"
6139516,"São Paulo","temperature",22.7,"c","2026-05-25T17:00:00Z","2026-05-25T14:00:00-03:00","America/Sao_Paulo",-23.6473149,-46.6643635,,,,"AirGradient","AirGradient"
6139516,"São Paulo","temperature",23.3,"c","2026-05-25T18:00:00Z","2026-05-25T15:00:00-03:00","America/Sao_Paulo",-23.6473149,-46.6643635,,,,"AirGradient","AirGradient"
6139516,"São Paulo","temperature",22.8,"c","2026-05-25T19:00:00Z","2026-05-25T16:00:00-03:00","America/Sao_Paulo",-23.6473149,-46.6643635,,,,"AirGradient","AirGradient"
6139516,"São Paulo","temperature",21.7,"c","2026-05-25T20:00:00Z","2026-05-25T17:00:00-03:00","America/Sao_Paulo",-23.6473149,-46.6643635,,,,"AirGradient","AirGradient"
6139516,"São Paulo","temperature",20.5,"c","2026-05-25T21:00:00Z","2026-05-25T18:00:00-03:00","America/Sao_Paulo",-23.6473149,-46.6643635,,,,"AirGradient","AirGradient"
6139516,"São Paulo","temperature",19.9,"c","2026-05-25T22:00:00Z","2026-05-25T19:00:00-03:00","America/Sao_Paulo",-23.6473149,-46.6643635,,,,"AirGradient","AirGradient"
6139516,"São Paulo","temperature",19.8,"c","2026-05-25T23:00:00Z","2026-05-25T20:00:00-03:00","America/Sao_Paulo",-23.6473149,-46.6643635,,,,"AirGradient","AirGradient"
6139516,"São Paulo","temperature",19.6,"c","2026-05-26T00:00:00Z","2026-05-25T21:00:00-03:00","America/Sao_Paulo",-23.6473149,-46.6643635,,,,"AirGradient","AirGradient"
6139516,"São Paulo","temperature",19.3,"c","2026-05-26T01:00:00Z","2026-05-25T22:00:00-03:00","America/Sao_Paulo",-23.6473149,-46.6643635,,,,"AirGradient","AirGradient"
6139516,"São Paulo","temperature",19.5,"c","2026-05-26T02:00:00Z","2026-05-25T23:00:00-03:00","America/Sao_Paulo",-23.6473149,-46.6643635,,,,"AirGradient","AirGradient"
6139516,"São Paulo","temperature",19.8,"c","2026-05-26T03:00:00Z","2026-05-26T00:00:00-03:00","America/Sao_Paulo",-23.6473149,-46.6643635,,,,"AirGradient","AirGradient"
6139516,"São Paulo","temperature",20,"c","2026-05-26T04:00:00Z","2026-05-26T01:00:00-03:00","America/Sao_Paulo",-23.6473149,-46.6643635,,,,"AirGradient","AirGradient"
6139516,"São Paulo","temperature",20.2,"c","2026-05-26T05:00:00Z","2026-05-26T02:00:00-03:00","America/Sao_Paulo",-23.6473149,-46.6643635,,,,"AirGradient","AirGradient"
6139516,"São Paulo","temperature",20.1,"c","2026-05-26T06:00:00Z","2026-05-26T03:00:00-03:00","America/Sao_Paulo",-23.6473149,-46.6643635,,,,"AirGradient","AirGradient"
6139516,"São Paulo","temperature",20.1,"c","2026-05-26T07:00:00Z","2026-05-26T04:00:00-03:00","America/Sao_Paulo",-23.6473149,-46.6643635,,,,"AirGradient","AirGradient"
6139516,"São Paulo","temperature",19.9,"c","2026-05-26T08:00:00Z","2026-05-26T05:00:00-03:00","America/Sao_Paulo",-23.6473149,-46.6643635,,,,"AirGradient","AirGradient"
6139516,"São Paulo","temperature",20.4,"c","2026-05-26T09:00:00Z","2026-05-26T06:00:00-03:00","America/Sao_Paulo",-23.6473149,-46.6643635,,,,"AirGradient","AirGradient"
6139516,"São Paulo","temperature",20.9,"c","2026-05-26T10:00:00Z","2026-05-26T07:00:00-03:00","America/Sao_Paulo",-23.6473149,-46.6643635,,,,"AirGradient","AirGradient"
6139516,"São Paulo","temperature",21.2,"c","2026-05-26T11:00:00Z","2026-05-26T08:00:00-03:00","America/Sao_Paulo",-23.6473149,-46.6643635,,,,"AirGradient","AirGradient"
6139516,"São Paulo","temperature",21.4,"c","2026-05-26T12:00:00Z","2026-05-26T09:00:00-03:00","America/Sao_Paulo",-23.6473149,-46.6643635,,,,"AirGradient","AirGradient"
6139516,"São Paulo","temperature",22.6,"c","2026-05-26T13:00:00Z","2026-05-26T10:00:00-03:00","America/Sao_Paulo",-23.6473149,-46.6643635,,,,"AirGradient","AirGradient"
6139516,"São Paulo","temperature",25.5,"c","2026-05-26T14:00:00Z","2026-05-26T11:00:00-03:00","America/Sao_Paulo",-23.6473149,-46.6643635,,,,"AirGradient","AirGradient"
6139516,"São Paulo","temperature",26.7,"c","2026-05-26T15:00:00Z","2026-05-26T12:00:00-03:00","America/Sao_Paulo",-23.6473149,-46.6643635,,,,"AirGradient","AirGradient"
6139516,"São Paulo","temperature",26.4,"c","2026-05-26T16:00:00Z","2026-05-26T13:00:00-03:00","America/Sao_Paulo",-23.6473149,-46.6643635,,,,"AirGradient","AirGradient"
6139516,"São Paulo","temperature",26.1,"c","2026-05-26T17:00:00Z","2026-05-26T14:00:00-03:00","America/Sao_Paulo",-23.6473149,-46.6643635,,,,"AirGradient","AirGradient"
6139516,"São Paulo","temperature",26.3,"c","2026-05-26T18:00:00Z","2026-05-26T15:00:00-03:00","America/Sao_Paulo",-23.6473149,-46.6643635,,,,"AirGradient","AirGradient"
6139516,"São Paulo","temperature",26.9,"c","2026-05-26T19:00:00Z","2026-05-26T16:00:00-03:00","America/Sao_Paulo",-23.6473149,-46.6643635,,,,"AirGradient","AirGradient"
6139516,"São Paulo","temperature",26.4,"c","2026-05-26T20:00:00Z","2026-05-26T17:00:00-03:00","America/Sao_Paulo",-23.6473149,-46.6643635,,,,"AirGradient","AirGradient"
6139516,"São Paulo","temperature",25.9,"c","2026-05-26T21:00:00Z","2026-05-26T18:00:00-03:00","America/Sao_Paulo",-23.6473149,-46.6643635,,,,"AirGradient","AirGradient"
6139516,"São Paulo","temperature",25.2,"c","2026-05-26T22:00:00Z","2026-05-26T19:00:00-03:00","America/Sao_Paulo",-23.6473149,-46.6643635,,,,"AirGradient","AirGradient"
6139516,"São Paulo","temperature",24.7,"c","2026-05-26T23:00:00Z","2026-05-26T20:00:00-03:00","America/Sao_Paulo",-23.6473149,-46.6643635,,,,"AirGradient","AirGradient"
6139516,"São Paulo","temperature",24.1,"c","2026-05-27T00:00:00Z","2026-05-26T21:00:00-03:00","America/Sao_Paulo",-23.6473149,-46.6643635,,,,"AirGradient","AirGradient"
6139516,"São Paulo","temperature",23.3,"c","2026-05-27T01:00:00Z","2026-05-26T22:00:00-03:00","America/Sao_Paulo",-23.6473149,-46.6643635,,,,"AirGradient","AirGradient"
6139516,"São Paulo","temperature",23.2,"c","2026-05-27T02:00:00Z","2026-05-26T23:00:00-03:00","America/Sao_Paulo",-23.6473149,-46.6643635,,,,"AirGradient","AirGradient"
6139516,"São Paulo","temperature",22.9,"c","2026-05-27T03:00:00Z","2026-05-27T00:00:00-03:00","America/Sao_Paulo",-23.6473149,-46.6643635,,,,"AirGradient","AirGradient"
6139516,"São Paulo","temperature",22.5,"c","2026-05-27T04:00:00Z","2026-05-27T01:00:00-03:00","America/Sao_Paulo",-23.6473149,-46.6643635,,,,"AirGradient","AirGradient"
6139516,"São Paulo","temperature",22.6,"c","2026-05-27T05:00:00Z","2026-05-27T02:00:00-03:00","America/Sao_Paulo",-23.6473149,-46.6643635,,,,"AirGradient","AirGradient"
6139516,"São Paulo","temperature",22.7,"c","2026-05-27T06:00:00Z","2026-05-27T03:00:00-03:00","America/Sao_Paulo",-23.6473149,-46.6643635,,,,"AirGradient","AirGradient"
6139516,"São Paulo","temperature",22.3,"c","2026-05-27T07:00:00Z","2026-05-27T04:00:00-03:00","America/Sao_Paulo",-23.6473149,-46.6643635,,,,"AirGradient","AirGradient"
6139516,"São Paulo","temperature",22,"c","2026-05-27T08:00:00Z","2026-05-27T05:00:00-03:00","America/Sao_Paulo",-23.6473149,-46.6643635,,,,"AirGradient","AirGradient"
6139516,"São Paulo","temperature",22.2,"c","2026-05-27T09:00:00Z","2026-05-27T06:00:00-03:00","America/Sao_Paulo",-23.6473149,-46.6643635,,,,"AirGradient","AirGradient"
6139516,"São Paulo","temperature",22.3,"c","2026-05-27T10:00:00Z","2026-05-27T07:00:00-03:00","America/Sao_Paulo",-23.6473149,-46.6643635,,,,"AirGradient","AirGradient"
6139516,"São Paulo","temperature",22.4,"c","2026-05-27T11:00:00Z","2026-05-27T08:00:00-03:00","America/Sao_Paulo",-23.6473149,-46.6643635,,,,"AirGradient","AirGradient"
6139516,"São Paulo","temperature",23.8,"c","2026-05-27T12:00:00Z","2026-05-27T09:00:00-03:00","America/Sao_Paulo",-23.6473149,-46.6643635,,,,"AirGradient","AirGradient"
6139516,"São Paulo","temperature",25.5,"c","2026-05-27T13:00:00Z","2026-05-27T10:00:00-03:00","America/Sao_Paulo",-23.6473149,-46.6643635,,,,"AirGradient","AirGradient"
6139516,"São Paulo","temperature",24.6,"c","2026-05-27T14:00:00Z","2026-05-27T11:00:00-03:00","America/Sao_Paulo",-23.6473149,-46.6643635,,,,"AirGradient","AirGradient"
6139516,"São Paulo","temperature",24.3,"c","2026-05-27T15:00:00Z","2026-05-27T12:00:00-03:00","America/Sao_Paulo",-23.6473149,-46.6643635,,,,"AirGradient","AirGradient"
6139516,"São Paulo","temperature",23.4,"c","2026-05-27T16:00:00Z","2026-05-27T13:00:00-03:00","America/Sao_Paulo",-23.6473149,-46.6643635,,,,"AirGradient","AirGradient"
6139516,"São Paulo","temperature",22,"c","2026-05-27T17:00:00Z","2026-05-27T14:00:00-03:00","America/Sao_Paulo",-23.6473149,-46.6643635,,,,"AirGradient","AirGradient"
6139516,"São Paulo","temperature",20.8,"c","2026-05-27T18:00:00Z","2026-05-27T15:00:00-03:00","America/Sao_Paulo",-23.6473149,-46.6643635,,,,"AirGradient","AirGradient"
6139516,"São Paulo","temperature",20.7,"c","2026-05-27T19:00:00Z","2026-05-27T16:00:00-03:00","America/Sao_Paulo",-23.6473149,-46.6643635,,,,"AirGradient","AirGradient"
6139516,"São Paulo","temperature",20,"c","2026-05-27T20:00:00Z","2026-05-27T17:00:00-03:00","America/Sao_Paulo",-23.6473149,-46.6643635,,,,"AirGradient","AirGradient"
6139516,"São Paulo","temperature",19.5,"c","2026-05-27T21:00:00Z","2026-05-27T18:00:00-03:00","America/Sao_Paulo",-23.6473149,-46.6643635,,,,"AirGradient","AirGradient"
6139516,"São Paulo","temperature",19.5,"c","2026-05-27T22:00:00Z","2026-05-27T19:00:00-03:00","America/Sao_Paulo",-23.6473149,-46.6643635,,,,"AirGradient","AirGradient"
6139516,"São Paulo","temperature",19.2,"c","2026-05-27T23:00:00Z","2026-05-27T20:00:00-03:00","America/Sao_Paulo",-23.6473149,-46.6643635,,,,"AirGradient","AirGradient"
6139516,"São Paulo","temperature",19.1,"c","2026-05-28T00:00:00Z","2026-05-27T21:00:00-03:00","America/Sao_Paulo",-23.6473149,-46.6643635,,,,"AirGradient","AirGradient"
6139516,"São Paulo","temperature",18.8,"c","2026-05-28T01:00:00Z","2026-05-27T22:00:00-03:00","America/Sao_Paulo",-23.6473149,-46.6643635,,,,"AirGradient","AirGradient"
6139516,"São Paulo","temperature",18.5,"c","2026-05-28T02:00:00Z","2026-05-27T23:00:00-03:00","America/Sao_Paulo",-23.6473149,-46.6643635,,,,"AirGradient","AirGradient"
6139516,"São Paulo","temperature",18.3,"c","2026-05-28T03:00:00Z","2026-05-28T00:00:00-03:00","America/Sao_Paulo",-23.6473149,-46.6643635,,,,"AirGradient","AirGradient"
6139516,"São Paulo","temperature",17.9,"c","2026-05-28T04:00:00Z","2026-05-28T01:00:00-03:00","America/Sao_Paulo",-23.6473149,-46.6643635,,,,"AirGradient","AirGradient"
6139516,"São Paulo","temperature",18.2,"c","2026-05-28T05:00:00Z","2026-05-28T02:00:00-03:00","America/Sao_Paulo",-23.6473149,-46.6643635,,,,"AirGradient","AirGradient"
6139516,"São Paulo","temperature",18.4,"c","2026-05-28T06:00:00Z","2026-05-28T03:00:00-03:00","America/Sao_Paulo",-23.6473149,-46.6643635,,,,"AirGradient","AirGradient"
6139516,"São Paulo","temperature",18.4,"c","2026-05-28T07:00:00Z","2026-05-28T04:00:00-03:00","America/Sao_Paulo",-23.6473149,-46.6643635,,,,"AirGradient","AirGradient"
6139516,"São Paulo","temperature",18.2,"c","2026-05-28T08:00:00Z","2026-05-28T05:00:00-03:00","America/Sao_Paulo",-23.6473149,-46.6643635,,,,"AirGradient","AirGradient"
6139516,"São Paulo","temperature",18.2,"c","2026-05-28T09:00:00Z","2026-05-28T06:00:00-03:00","America/Sao_Paulo",-23.6473149,-46.6643635,,,,"AirGradient","AirGradient"
6139516,"São Paulo","temperature",18.8,"c","2026-05-28T10:00:00Z","2026-05-28T07:00:00-03:00","America/Sao_Paulo",-23.6473149,-46.6643635,,,,"AirGradient","AirGradient"
6139516,"São Paulo","temperature",19.2,"c","2026-05-28T11:00:00Z","2026-05-28T08:00:00-03:00","America/Sao_Paulo",-23.6473149,-46.6643635,,,,"AirGradient","AirGradient"
6139516,"São Paulo","temperature",19.5,"c","2026-05-28T12:00:00Z","2026-05-28T09:00:00-03:00","America/Sao_Paulo",-23.6473149,-46.6643635,,,,"AirGradient","AirGradient"
6139516,"São Paulo","temperature",19,"c","2026-05-28T13:00:00Z","2026-05-28T10:00:00-03:00","America/Sao_Paulo",-23.6473149,-46.6643635,,,,"AirGradient","AirGradient"
6139516,"São Paulo","temperature",21.1,"c","2026-05-28T14:00:00Z","2026-05-28T11:00:00-03:00","America/Sao_Paulo",-23.6473149,-46.6643635,,,,"AirGradient","AirGradient"
6139516,"São Paulo","temperature",21.7,"c","2026-05-28T15:00:00Z","2026-05-28T12:00:00-03:00","America/Sao_Paulo",-23.6473149,-46.6643635,,,,"AirGradient","AirGradient"
6139516,"São Paulo","temperature",21.5,"c","2026-05-28T16:00:00Z","2026-05-28T13:00:00-03:00","America/Sao_Paulo",-23.6473149,-46.6643635,,,,"AirGradient","AirGradient"
6139516,"São Paulo","temperature",21.7,"c","2026-05-28T17:00:00Z","2026-05-28T14:00:00-03:00","America/Sao_Paulo",-23.6473149,-46.6643635,,,,"AirGradient","AirGradient"
6139516,"São Paulo","temperature",22,"c","2026-05-28T18:00:00Z","2026-05-28T15:00:00-03:00","America/Sao_Paulo",-23.6473149,-46.6643635,,,,"AirGradient","AirGradient"
6139516,"São Paulo","temperature",21.4,"c","2026-05-28T19:00:00Z","2026-05-28T16:00:00-03:00","America/Sao_Paulo",-23.6473149,-46.6643635,,,,"AirGradient","AirGradient"
6139516,"São Paulo","temperature",20.6,"c","2026-05-28T20:00:00Z","2026-05-28T17:00:00-03:00","America/Sao_Paulo",-23.6473149,-46.6643635,,,,"AirGradient","AirGradient"
6139516,"São Paulo","temperature",19.2,"c","2026-05-28T21:00:00Z","2026-05-28T18:00:00-03:00","America/Sao_Paulo",-23.6473149,-46.6643635,,,,"AirGradient","AirGradient"
6139516,"São Paulo","temperature",18.7,"c","2026-05-28T22:00:00Z","2026-05-28T19:00:00-03:00","America/Sao_Paulo",-23.6473149,-46.6643635,,,,"AirGradient","AirGradient"
6139516,"São Paulo","temperature",18.5,"c","2026-05-28T23:00:00Z","2026-05-28T20:00:00-03:00","America/Sao_Paulo",-23.6473149,-46.6643635,,,,"AirGradient","AirGradient"
6139516,"São Paulo","temperature",18.3,"c","2026-05-29T00:00:00Z","2026-05-28T21:00:00-03:00","America/Sao_Paulo",-23.6473149,-46.6643635,,,,"AirGradient","AirGradient"
6139516,"São Paulo","temperature",18.1,"c","2026-05-29T01:00:00Z","2026-05-28T22:00:00-03:00","America/Sao_Paulo",-23.6473149,-46.6643635,,,,"AirGradient","AirGradient"
6139516,"São Paulo","temperature",18.2,"c","2026-05-29T02:00:00Z","2026-05-28T23:00:00-03:00","America/Sao_Paulo",-23.6473149,-46.6643635,,,,"AirGradient","AirGradient"
6139516,"São Paulo","temperature",18.2,"c","2026-05-29T03:00:00Z","2026-05-29T00:00:00-03:00","America/Sao_Paulo",-23.6473149,-46.6643635,,,,"AirGradient","AirGradient"
6139516,"São Paulo","temperature",17.7,"c","2026-05-29T04:00:00Z","2026-05-29T01:00:00-03:00","America/Sao_Paulo",-23.6473149,-46.6643635,,,,"AirGradient","AirGradient"
6139516,"São Paulo","temperature",18,"c","2026-05-29T05:00:00Z","2026-05-29T02:00:00-03:00","America/Sao_Paulo",-23.6473149,-46.6643635,,,,"AirGradient","AirGradient"
6139516,"São Paulo","temperature",17.9,"c","2026-05-29T06:00:00Z","2026-05-29T03:00:00-03:00","America/Sao_Paulo",-23.6473149,-46.6643635,,,,"AirGradient","AirGradient"
6139516,"São Paulo","temperature",17.8,"c","2026-05-29T07:00:00Z","2026-05-29T04:00:00-03:00","America/Sao_Paulo",-23.6473149,-46.6643635,,,,"AirGradient","AirGradient"
6139516,"São Paulo","temperature",17.6,"c","2026-05-29T08:00:00Z","2026-05-29T05:00:00-03:00","America/Sao_Paulo",-23.6473149,-46.6643635,,,,"AirGradient","AirGradient"
6139516,"São Paulo","temperature",17.6,"c","2026-05-29T09:00:00Z","2026-05-29T06:00:00-03:00","America/Sao_Paulo",-23.6473149,-46.6643635,,,,"AirGradient","AirGradient"
6139516,"São Paulo","temperature",17.6,"c","2026-05-29T10:00:00Z","2026-05-29T07:00:00-03:00","America/Sao_Paulo",-23.6473149,-46.6643635,,,,"AirGradient","AirGradient"
6139516,"São Paulo","temperature",17.6,"c","2026-05-29T11:00:00Z","2026-05-29T08:00:00-03:00","America/Sao_Paulo",-23.6473149,-46.6643635,,,,"AirGradient","AirGradient"
6139516,"São Paulo","temperature",18.1,"c","2026-05-29T12:00:00Z","2026-05-29T09:00:00-03:00","America/Sao_Paulo",-23.6473149,-46.6643635,,,,"AirGradient","AirGradient"
6139516,"São Paulo","temperature",19.2,"c","2026-05-29T13:00:00Z","2026-05-29T10:00:00-03:00","America/Sao_Paulo",-23.6473149,-46.6643635,,,,"AirGradient","AirGradient"
6139516,"São Paulo","temperature",20.6,"c","2026-05-29T14:00:00Z","2026-05-29T11:00:00-03:00","America/Sao_Paulo",-23.6473149,-46.6643635,,,,"AirGradient","AirGradient"
6139516,"São Paulo","temperature",20.8,"c","2026-05-29T15:00:00Z","2026-05-29T12:00:00-03:00","America/Sao_Paulo",-23.6473149,-46.6643635,,,,"AirGradient","AirGradient"
6139516,"São Paulo","temperature",21.2,"c","2026-05-29T16:00:00Z","2026-05-29T13:00:00-03:00","America/Sao_Paulo",-23.6473149,-46.6643635,,,,"AirGradient","AirGradient"
6139516,"São Paulo","temperature",21.2,"c","2026-05-29T17:00:00Z","2026-05-29T14:00:00-03:00","America/Sao_Paulo",-23.6473149,-46.6643635,,,,"AirGradient","AirGradient"
6139516,"São Paulo","temperature",20.4,"c","2026-05-29T18:00:00Z","2026-05-29T15:00:00-03:00","America/Sao_Paulo",-23.6473149,-46.6643635,,,,"AirGradient","AirGradient"
6139516,"São Paulo","temperature",20,"c","2026-05-29T19:00:00Z","2026-05-29T16:00:00-03:00","America/Sao_Paulo",-23.6473149,-46.6643635,,,,"AirGradient","AirGradient"
6139516,"São Paulo","temperature",19.2,"c","2026-05-29T20:00:00Z","2026-05-29T17:00:00-03:00","America/Sao_Paulo",-23.6473149,-46.6643635,,,,"AirGradient","AirGradient"
6139516,"São Paulo","temperature",18.5,"c","2026-05-29T21:00:00Z","2026-05-29T18:00:00-03:00","America/Sao_Paulo",-23.6473149,-46.6643635,,,,"AirGradient","AirGradient"
6139516,"São Paulo","temperature",18.4,"c","2026-05-29T22:00:00Z","2026-05-29T19:00:00-03:00","America/Sao_Paulo",-23.6473149,-46.6643635,,,,"AirGradient","AirGradient"
6139516,"São Paulo","temperature",18.6,"c","2026-05-29T23:00:00Z","2026-05-29T20:00:00-03:00","America/Sao_Paulo",-23.6473149,-46.6643635,,,,"AirGradient","AirGradient"
6139516,"São Paulo","temperature",18.4,"c","2026-05-30T00:00:00Z","2026-05-29T21:00:00-03:00","America/Sao_Paulo",-23.6473149,-46.6643635,,,,"AirGradient","AirGradient"
6139516,"São Paulo","temperature",18.5,"c","2026-05-30T01:00:00Z","2026-05-29T22:00:00-03:00","America/Sao_Paulo",-23.6473149,-46.6643635,,,,"AirGradient","AirGradient"
6139516,"São Paulo","temperature",18.4,"c","2026-05-30T02:00:00Z","2026-05-29T23:00:00-03:00","America/Sao_Paulo",-23.6473149,-46.6643635,,,,"AirGradient","AirGradient"
6139516,"São Paulo","temperature",18.3,"c","2026-05-30T03:00:00Z","2026-05-30T00:00:00-03:00","America/Sao_Paulo",-23.6473149,-46.6643635,,,,"AirGradient","AirGradient"
6139516,"São Paulo","temperature",18.3,"c","2026-05-30T04:00:00Z","2026-05-30T01:00:00-03:00","America/Sao_Paulo",-23.6473149,-46.6643635,,,,"AirGradient","AirGradient"
6139516,"São Paulo","temperature",18.4,"c","2026-05-30T05:00:00Z","2026-05-30T02:00:00-03:00","America/Sao_Paulo",-23.6473149,-46.6643635,,,,"AirGradient","AirGradient"
6139516,"São Paulo","temperature",18.3,"c","2026-05-30T06:00:00Z","2026-05-30T03:00:00-03:00","America/Sao_Paulo",-23.6473149,-46.6643635,,,,"AirGradient","AirGradient"
6139516,"São Paulo","temperature",17.8,"c","2026-05-30T07:00:00Z","2026-05-30T04:00:00-03:00","America/Sao_Paulo",-23.6473149,-46.6643635,,,,"AirGradient","AirGradient"
6139516,"São Paulo","temperature",18.2,"c","2026-05-30T08:00:00Z","2026-05-30T05:00:00-03:00","America/Sao_Paulo",-23.6473149,-46.6643635,,,,"AirGradient","AirGradient"
6139516,"São Paulo","temperature",18.5,"c","2026-05-30T09:00:00Z","2026-05-30T06:00:00-03:00","America/Sao_Paulo",-23.6473149,-46.6643635,,,,"AirGradient","AirGradient"
6139516,"São Paulo","temperature",18.1,"c","2026-05-30T10:00:00Z","2026-05-30T07:00:00-03:00","America/Sao_Paulo",-23.6473149,-46.6643635,,,,"AirGradient","AirGradient"
6139516,"São Paulo","temperature",18.6,"c","2026-05-30T11:00:00Z","2026-05-30T08:00:00-03:00","America/Sao_Paulo",-23.6473149,-46.6643635,,,,"AirGradient","AirGradient"
6139516,"São Paulo","temperature",19.1,"c","2026-05-30T12:00:00Z","2026-05-30T09:00:00-03:00","America/Sao_Paulo",-23.6473149,-46.6643635,,,,"AirGradient","AirGradient"
6139516,"São Paulo","temperature",19.3,"c","2026-05-30T13:00:00Z","2026-05-30T10:00:00-03:00","America/Sao_Paulo",-23.6473149,-46.6643635,,,,"AirGradient","AirGradient"
6139516,"São Paulo","temperature",20.1,"c","2026-05-30T14:00:00Z","2026-05-30T11:00:00-03:00","America/Sao_Paulo",-23.6473149,-46.6643635,,,,"AirGradient","AirGradient"
6139516,"São Paulo","temperature",21.3,"c","2026-05-30T15:00:00Z","2026-05-30T12:00:00-03:00","America/Sao_Paulo",-23.6473149,-46.6643635,,,,"AirGradient","AirGradient"
6139516,"São Paulo","temperature",22.4,"c","2026-05-30T16:00:00Z","2026-05-30T13:00:00-03:00","America/Sao_Paulo",-23.6473149,-46.6643635,,,,"AirGradient","AirGradient"
6139516,"São Paulo","temperature",22.7,"c","2026-05-30T17:00:00Z","2026-05-30T14:00:00-03:00","America/Sao_Paulo",-23.6473149,-46.6643635,,,,"AirGradient","AirGradient"
6139516,"São Paulo","temperature",23,"c","2026-05-30T18:00:00Z","2026-05-30T15:00:00-03:00","America/Sao_Paulo",-23.6473149,-46.6643635,,,,"AirGradient","AirGradient"
6139516,"São Paulo","temperature",23.9,"c","2026-05-30T19:00:00Z","2026-05-30T16:00:00-03:00","America/Sao_Paulo",-23.6473149,-46.6643635,,,,"AirGradient","AirGradient"
6139516,"São Paulo","temperature",23.5,"c","2026-05-30T20:00:00Z","2026-05-30T17:00:00-03:00","America/Sao_Paulo",-23.6473149,-46.6643635,,,,"AirGradient","AirGradient"
6139516,"São Paulo","temperature",22.2,"c","2026-05-30T21:00:00Z","2026-05-30T18:00:00-03:00","America/Sao_Paulo",-23.6473149,-46.6643635,,,,"AirGradient","AirGradient"
6139516,"São Paulo","temperature",20.5,"c","2026-05-30T22:00:00Z","2026-05-30T19:00:00-03:00","America/Sao_Paulo",-23.6473149,-46.6643635,,,,"AirGradient","AirGradient"
6139516,"São Paulo","temperature",20.2,"c","2026-05-30T23:00:00Z","2026-05-30T20:00:00-03:00","America/Sao_Paulo",-23.6473149,-46.6643635,,,,"AirGradient","AirGradient"
6139516,"São Paulo","temperature",19.9,"c","2026-05-31T00:00:00Z","2026-05-30T21:00:00-03:00","America/Sao_Paulo",-23.6473149,-46.6643635,,,,"AirGradient","AirGradient"
6139516,"São Paulo","temperature",20,"c","2026-05-31T01:00:00Z","2026-05-30T22:00:00-03:00","America/Sao_Paulo",-23.6473149,-46.6643635,,,,"AirGradient","AirGradient"
6139516,"São Paulo","temperature",20.2,"c","2026-05-31T02:00:00Z","2026-05-30T23:00:00-03:00","America/Sao_Paulo",-23.6473149,-46.6643635,,,,"AirGradient","AirGradient"
6139516,"São Paulo","temperature",19.9,"c","2026-05-31T03:00:00Z","2026-05-31T00:00:00-03:00","America/Sao_Paulo",-23.6473149,-46.6643635,,,,"AirGradient","AirGradient"
6139516,"São Paulo","temperature",20,"c","2026-05-31T04:00:00Z","2026-05-31T01:00:00-03:00","America/Sao_Paulo",-23.6473149,-46.6643635,,,,"AirGradient","AirGradient"
6139516,"São Paulo","temperature",19.9,"c","2026-05-31T05:00:00Z","2026-05-31T02:00:00-03:00","America/Sao_Paulo",-23.6473149,-46.6643635,,,,"AirGradient","AirGradient"
6139516,"São Paulo","temperature",19.8,"c","2026-05-31T06:00:00Z","2026-05-31T03:00:00-03:00","America/Sao_Paulo",-23.6473149,-46.6643635,,,,"AirGradient","AirGradient"
6139516,"São Paulo","temperature",19.6,"c","2026-05-31T07:00:00Z","2026-05-31T04:00:00-03:00","America/Sao_Paulo",-23.6473149,-46.6643635,,,,"AirGradient","AirGradient"
6139516,"São Paulo","temperature",19.7,"c","2026-05-31T08:00:00Z","2026-05-31T05:00:00-03:00","America/Sao_Paulo",-23.6473149,-46.6643635,,,,"AirGradient","AirGradient"
6139516,"São Paulo","temperature",19.7,"c","2026-05-31T09:00:00Z","2026-05-31T06:00:00-03:00","America/Sao_Paulo",-23.6473149,-46.6643635,,,,"AirGradient","AirGradient"
6139516,"São Paulo","temperature",19.6,"c","2026-05-31T10:00:00Z","2026-05-31T07:00:00-03:00","America/Sao_Paulo",-23.6473149,-46.6643635,,,,"AirGradient","AirGradient"
6139516,"São Paulo","temperature",19.8,"c","2026-05-31T11:00:00Z","2026-05-31T08:00:00-03:00","America/Sao_Paulo",-23.6473149,-46.6643635,,,,"AirGradient","AirGradient"
6139516,"São Paulo","temperature",20.2,"c","2026-05-31T12:00:00Z","2026-05-31T09:00:00-03:00","America/Sao_Paulo",-23.6473149,-46.6643635,,,,"AirGradient","AirGradient"
6139516,"São Paulo","temperature",20.5,"c","2026-05-31T13:00:00Z","2026-05-31T10:00:00-03:00","America/Sao_Paulo",-23.6473149,-46.6643635,,,,"AirGradient","AirGradient"
6139516,"São Paulo","temperature",20.8,"c","2026-05-31T14:00:00Z","2026-05-31T11:00:00-03:00","America/Sao_Paulo",-23.6473149,-46.6643635,,,,"AirGradient","AirGradient"
6139516,"São Paulo","temperature",21.1,"c","2026-05-31T15:00:00Z","2026-05-31T12:00:00-03:00","America/Sao_Paulo",-23.6473149,-46.6643635,,,,"AirGradient","AirGradient"
6139516,"São Paulo","temperature",22.6,"c","2026-05-31T16:00:00Z","2026-05-31T13:00:00-03:00","America/Sao_Paulo",-23.6473149,-46.6643635,,,,"AirGradient","AirGradient"
6139516,"São Paulo","temperature",22.7,"c","2026-05-31T17:00:00Z","2026-05-31T14:00:00-03:00","America/Sao_Paulo",-23.6473149,-46.6643635,,,,"AirGradient","AirGradient"
6139516,"São Paulo","temperature",22.3,"c","2026-05-31T18:00:00Z","2026-05-31T15:00:00-03:00","America/Sao_Paulo",-23.6473149,-46.6643635,,,,"AirGradient","AirGradient"
6139516,"São Paulo","temperature",22.4,"c","2026-05-31T19:00:00Z","2026-05-31T16:00:00-03:00","America/Sao_Paulo",-23.6473149,-46.6643635,,,,"AirGradient","AirGradient"
6139516,"São Paulo","temperature",22,"c","2026-05-31T20:00:00Z","2026-05-31T17:00:00-03:00","America/Sao_Paulo",-23.6473149,-46.6643635,,,,"AirGradient","AirGradient"
6139516,"São Paulo","temperature",20.8,"c","2026-05-31T21:00:00Z","2026-05-31T18:00:00-03:00","America/Sao_Paulo",-23.6473149,-46.6643635,,,,"AirGradient","AirGradient"
6139516,"São Paulo","temperature",19.8,"c","2026-05-31T22:00:00Z","2026-05-31T19:00:00-03:00","America/Sao_Paulo",-23.6473149,-46.6643635,,,,"AirGradient","AirGradient"
6139516,"São Paulo","temperature",19.3,"c","2026-05-31T23:00:00Z","2026-05-31T20:00:00-03:00","America/Sao_Paulo",-23.6473149,-46.6643635,,,,"AirGradient","AirGradient"
6139516,"São Paulo","temperature",19.5,"c","2026-06-01T00:00:00Z","2026-05-31T21:00:00-03:00","America/Sao_Paulo",-23.6473149,-46.6643635,,,,"AirGradient","AirGradient"
6139516,"São Paulo","temperature",18.4,"c","2026-06-01T01:00:00Z","2026-05-31T22:00:00-03:00","America/Sao_Paulo",-23.6473149,-46.6643635,,,,"AirGradient","AirGradient"
6139516,"São Paulo","temperature",18.3,"c","2026-06-01T02:00:00Z","2026-05-31T23:00:00-03:00","America/Sao_Paulo",-23.6473149,-46.6643635,,,,"AirGradient","AirGradient"
6139516,"São Paulo","temperature",18.2,"c","2026-06-01T03:00:00Z","2026-06-01T00:00:00-03:00","America/Sao_Paulo",-23.6473149,-46.6643635,,,,"AirGradient","AirGradient"
6139516,"São Paulo","temperature",18.2,"c","2026-06-01T04:00:00Z","2026-06-01T01:00:00-03:00","America/Sao_Paulo",-23.6473149,-46.6643635,,,,"AirGradient","AirGradient"
6139516,"São Paulo","temperature",18.1,"c","2026-06-01T05:00:00Z","2026-06-01T02:00:00-03:00","America/Sao_Paulo",-23.6473149,-46.6643635,,,,"AirGradient","AirGradient"
6139516,"São Paulo","temperature",18.7,"c","2026-06-01T06:00:00Z","2026-06-01T03:00:00-03:00","America/Sao_Paulo",-23.6473149,-46.6643635,,,,"AirGradient","AirGradient"
6139516,"São Paulo","temperature",18.6,"c","2026-06-01T07:00:00Z","2026-06-01T04:00:00-03:00","America/Sao_Paulo",-23.6473149,-46.6643635,,,,"AirGradient","AirGradient"
6139516,"São Paulo","temperature",18.5,"c","2026-06-01T08:00:00Z","2026-06-01T05:00:00-03:00","America/Sao_Paulo",-23.6473149,-46.6643635,,,,"AirGradient","AirGradient"
6139516,"São Paulo","temperature",18.6,"c","2026-06-01T09:00:00Z","2026-06-01T06:00:00-03:00","America/Sao_Paulo",-23.6473149,-46.6643635,,,,"AirGradient","AirGradient"
6139516,"São Paulo","temperature",19.2,"c","2026-06-01T10:00:00Z","2026-06-01T07:00:00-03:00","America/Sao_Paulo",-23.6473149,-46.6643635,,,,"AirGradient","AirGradient"
6139516,"São Paulo","temperature",19,"c","2026-06-01T11:00:00Z","2026-06-01T08:00:00-03:00","America/Sao_Paulo",-23.6473149,-46.6643635,,,,"AirGradient","AirGradient"
6139516,"São Paulo","temperature",20.2,"c","2026-06-01T12:00:00Z","2026-06-01T09:00:00-03:00","America/Sao_Paulo",-23.6473149,-46.6643635,,,,"AirGradient","AirGradient"
6139516,"São Paulo","temperature",21,"c","2026-06-01T13:00:00Z","2026-06-01T10:00:00-03:00","America/Sao_Paulo",-23.6473149,-46.6643635,,,,"AirGradient","AirGradient"
6139516,"São Paulo","temperature",21.4,"c","2026-06-01T14:00:00Z","2026-06-01T11:00:00-03:00","America/Sao_Paulo",-23.6473149,-46.6643635,,,,"AirGradient","AirGradient"
6139516,"São Paulo","temperature",21.4,"c","2026-06-01T15:00:00Z","2026-06-01T12:00:00-03:00","America/Sao_Paulo",-23.6473149,-46.6643635,,,,"AirGradient","AirGradient"
6139516,"São Paulo","temperature",21.9,"c","2026-06-01T16:00:00Z","2026-06-01T13:00:00-03:00","America/Sao_Paulo",-23.6473149,-46.6643635,,,,"AirGradient","AirGradient"
6139516,"São Paulo","temperature",21.9,"c","2026-06-01T17:00:00Z","2026-06-01T14:00:00-03:00","America/Sao_Paulo",-23.6473149,-46.6643635,,,,"AirGradient","AirGradient"
6139516,"São Paulo","temperature",22.2,"c","2026-06-01T18:00:00Z","2026-06-01T15:00:00-03:00","America/Sao_Paulo",-23.6473149,-46.6643635,,,,"AirGradient","AirGradient"
6139516,"São Paulo","temperature",21.7,"c","2026-06-01T19:00:00Z","2026-06-01T16:00:00-03:00","America/Sao_Paulo",-23.6473149,-46.6643635,,,,"AirGradient","AirGradient"
6139516,"São Paulo","temperature",21.2,"c","2026-06-01T20:00:00Z","2026-06-01T17:00:00-03:00","America/Sao_Paulo",-23.6473149,-46.6643635,,,,"AirGradient","AirGradient"
6139516,"São Paulo","temperature",19.8,"c","2026-06-01T21:00:00Z","2026-06-01T18:00:00-03:00","America/Sao_Paulo",-23.6473149,-46.6643635,,,,"AirGradient","AirGradient"
6139516,"São Paulo","temperature",18.7,"c","2026-06-01T22:00:00Z","2026-06-01T19:00:00-03:00","America/Sao_Paulo",-23.6473149,-46.6643635,,,,"AirGradient","AirGradient"
6139516,"São Paulo","temperature",18.6,"c","2026-06-01T23:00:00Z","2026-06-01T20:00:00-03:00","America/Sao_Paulo",-23.6473149,-46.6643635,,,,"AirGradient","AirGradient"
6139516,"São Paulo","temperature",18.3,"c","2026-06-02T00:00:00Z","2026-06-01T21:00:00-03:00","America/Sao_Paulo",-23.6473149,-46.6643635,,,,"AirGradient","AirGradient"
6139516,"São Paulo","temperature",18.3,"c","2026-06-02T01:00:00Z","2026-06-01T22:00:00-03:00","America/Sao_Paulo",-23.6473149,-46.6643635,,,,"AirGradient","AirGradient"
6139516,"São Paulo","temperature",17.8,"c","2026-06-02T02:00:00Z","2026-06-01T23:00:00-03:00","America/Sao_Paulo",-23.6473149,-46.6643635,,,,"AirGradient","AirGradient"
6139516,"São Paulo","temperature",17.5,"c","2026-06-02T03:00:00Z","2026-06-02T00:00:00-03:00","America/Sao_Paulo",-23.6473149,-46.6643635,,,,"AirGradient","AirGradient"
6139516,"São Paulo","temperature",17.6,"c","2026-06-02T04:00:00Z","2026-06-02T01:00:00-03:00","America/Sao_Paulo",-23.6473149,-46.6643635,,,,"AirGradient","AirGradient"
6139516,"São Paulo","temperature",17.9,"c","2026-06-02T05:00:00Z","2026-06-02T02:00:00-03:00","America/Sao_Paulo",-23.6473149,-46.6643635,,,,"AirGradient","AirGradient"
6139516,"São Paulo","temperature",17.8,"c","2026-06-02T06:00:00Z","2026-06-02T03:00:00-03:00","America/Sao_Paulo",-23.6473149,-46.6643635,,,,"AirGradient","AirGradient"
6139516,"São Paulo","temperature",17.1,"c","2026-06-02T07:00:00Z","2026-06-02T04:00:00-03:00","America/Sao_Paulo",-23.6473149,-46.6643635,,,,"AirGradient","AirGradient"
6139516,"São Paulo","temperature",17,"c","2026-06-02T08:00:00Z","2026-06-02T05:00:00-03:00","America/Sao_Paulo",-23.6473149,-46.6643635,,,,"AirGradient","AirGradient"
6139516,"São Paulo","temperature",17.2,"c","2026-06-02T09:00:00Z","2026-06-02T06:00:00-03:00","America/Sao_Paulo",-23.6473149,-46.6643635,,,,"AirGradient","AirGradient"
6139516,"São Paulo","temperature",16.7,"c","2026-06-02T10:00:00Z","2026-06-02T07:00:00-03:00","America/Sao_Paulo",-23.6473149,-46.6643635,,,,"AirGradient","AirGradient"
6139516,"São Paulo","temperature",17.2,"c","2026-06-02T11:00:00Z","2026-06-02T08:00:00-03:00","America/Sao_Paulo",-23.6473149,-46.6643635,,,,"AirGradient","AirGradient"
6139516,"São Paulo","temperature",18.8,"c","2026-06-02T12:00:00Z","2026-06-02T09:00:00-03:00","America/Sao_Paulo",-23.6473149,-46.6643635,,,,"AirGradient","AirGradient"
6139516,"São Paulo","temperature",21.3,"c","2026-06-02T13:00:00Z","2026-06-02T10:00:00-03:00","America/Sao_Paulo",-23.6473149,-46.6643635,,,,"AirGradient","AirGradient"
6139516,"São Paulo","temperature",20.9,"c","2026-06-02T14:00:00Z","2026-06-02T11:00:00-03:00","America/Sao_Paulo",-23.6473149,-46.6643635,,,,"AirGradient","AirGradient"
6139516,"São Paulo","temperature",21.4,"c","2026-06-02T15:00:00Z","2026-06-02T12:00:00-03:00","America/Sao_Paulo",-23.6473149,-46.6643635,,,,"AirGradient","AirGradient"
6139516,"São Paulo","temperature",21.4,"c","2026-06-02T16:00:00Z","2026-06-02T13:00:00-03:00","America/Sao_Paulo",-23.6473149,-46.6643635,,,,"AirGradient","AirGradient"
6139516,"São Paulo","temperature",21.2,"c","2026-06-02T17:00:00Z","2026-06-02T14:00:00-03:00","America/Sao_Paulo",-23.6473149,-46.6643635,,,,"AirGradient","AirGradient"
6139516,"São Paulo","temperature",20.8,"c","2026-06-02T18:00:00Z","2026-06-02T15:00:00-03:00","America/Sao_Paulo",-23.6473149,-46.6643635,,,,"AirGradient","AirGradient"
6139516,"São Paulo","temperature",20.4,"c","2026-06-02T19:00:00Z","2026-06-02T16:00:00-03:00","America/Sao_Paulo",-23.6473149,-46.6643635,,,,"AirGradient","AirGradient"
6139516,"São Paulo","temperature",19.7,"c","2026-06-02T20:00:00Z","2026-06-02T17:00:00-03:00","America/Sao_Paulo",-23.6473149,-46.6643635,,,,"AirGradient","AirGradient"
6139516,"São Paulo","temperature",19.1,"c","2026-06-02T21:00:00Z","2026-06-02T18:00:00-03:00","America/Sao_Paulo",-23.6473149,-46.6643635,,,,"AirGradient","AirGradient"
6139516,"São Paulo","temperature",18.8,"c","2026-06-02T22:00:00Z","2026-06-02T19:00:00-03:00","America/Sao_Paulo",-23.6473149,-46.6643635,,,,"AirGradient","AirGradient"
6139516,"São Paulo","temperature",18,"c","2026-06-02T23:00:00Z","2026-06-02T20:00:00-03:00","America/Sao_Paulo",-23.6473149,-46.6643635,,,,"AirGradient","AirGradient"
6139516,"São Paulo","temperature",18,"c","2026-06-03T00:00:00Z","2026-06-02T21:00:00-03:00","America/Sao_Paulo",-23.6473149,-46.6643635,,,,"AirGradient","AirGradient"
6139516,"São Paulo","temperature",18.2,"c","2026-06-03T01:00:00Z","2026-06-02T22:00:00-03:00","America/Sao_Paulo",-23.6473149,-46.6643635,,,,"AirGradient","AirGradient"
6139516,"São Paulo","temperature",18.2,"c","2026-06-03T02:00:00Z","2026-06-02T23:00:00-03:00","America/Sao_Paulo",-23.6473149,-46.6643635,,,,"AirGradient","AirGradient"
6139516,"São Paulo","temperature",18.3,"c","2026-06-03T03:00:00Z","2026-06-03T00:00:00-03:00","America/Sao_Paulo",-23.6473149,-46.6643635,,,,"AirGradient","AirGradient"
6139516,"São Paulo","temperature",18.1,"c","2026-06-03T04:00:00Z","2026-06-03T01:00:00-03:00","America/Sao_Paulo",-23.6473149,-46.6643635,,,,"AirGradient","AirGradient"
6139516,"São Paulo","temperature",18.1,"c","2026-06-03T05:00:00Z","2026-06-03T02:00:00-03:00","America/Sao_Paulo",-23.6473149,-46.6643635,,,,"AirGradient","AirGradient"
6139516,"São Paulo","temperature",18.1,"c","2026-06-03T06:00:00Z","2026-06-03T03:00:00-03:00","America/Sao_Paulo",-23.6473149,-46.6643635,,,,"AirGradient","AirGradient"
6139516,"São Paulo","temperature",17.8,"c","2026-06-03T07:00:00Z","2026-06-03T04:00:00-03:00","America/Sao_Paulo",-23.6473149,-46.6643635,,,,"AirGradient","AirGradient"
6139516,"São Paulo","temperature",18,"c","2026-06-03T08:00:00Z","2026-06-03T05:00:00-03:00","America/Sao_Paulo",-23.6473149,-46.6643635,,,,"AirGradient","AirGradient"
6139516,"São Paulo","temperature",18.3,"c","2026-06-03T09:00:00Z","2026-06-03T06:00:00-03:00","America/Sao_Paulo",-23.6473149,-46.6643635,,,,"AirGradient","AirGradient"
6139516,"São Paulo","temperature",18.2,"c","2026-06-03T10:00:00Z","2026-06-03T07:00:00-03:00","America/Sao_Paulo",-23.6473149,-46.6643635,,,,"AirGradient","AirGradient"
6139516,"São Paulo","temperature",19.1,"c","2026-06-03T11:00:00Z","2026-06-03T08:00:00-03:00","America/Sao_Paulo",-23.6473149,-46.6643635,,,,"AirGradient","AirGradient"
6139516,"São Paulo","temperature",20.8,"c","2026-06-03T12:00:00Z","2026-06-03T09:00:00-03:00","America/Sao_Paulo",-23.6473149,-46.6643635,,,,"AirGradient","AirGradient"
6139516,"São Paulo","temperature",21.1,"c","2026-06-03T13:00:00Z","2026-06-03T10:00:00-03:00","America/Sao_Paulo",-23.6473149,-46.6643635,,,,"AirGradient","AirGradient"
6139516,"São Paulo","temperature",21.5,"c","2026-06-03T14:00:00Z","2026-06-03T11:00:00-03:00","America/Sao_Paulo",-23.6473149,-46.6643635,,,,"AirGradient","AirGradient"
6139516,"São Paulo","temperature",22.2,"c","2026-06-03T15:00:00Z","2026-06-03T12:00:00-03:00","America/Sao_Paulo",-23.6473149,-46.6643635,,,,"AirGradient","AirGradient"
6139516,"São Paulo","temperature",21.8,"c","2026-06-03T16:00:00Z","2026-06-03T13:00:00-03:00","America/Sao_Paulo",-23.6473149,-46.6643635,,,,"AirGradient","AirGradient"
6139516,"São Paulo","temperature",22,"c","2026-06-03T17:00:00Z","2026-06-03T14:00:00-03:00","America/Sao_Paulo",-23.6473149,-46.6643635,,,,"AirGradient","AirGradient"
6139516,"São Paulo","temperature",21.8,"c","2026-06-03T18:00:00Z","2026-06-03T15:00:00-03:00","America/Sao_Paulo",-23.6473149,-46.6643635,,,,"AirGradient","AirGradient"
6139516,"São Paulo","temperature",21.4,"c","2026-06-03T19:00:00Z","2026-06-03T16:00:00-03:00","America/Sao_Paulo",-23.6473149,-46.6643635,,,,"AirGradient","AirGradient"
6139516,"São Paulo","temperature",21.1,"c","2026-06-03T20:00:00Z","2026-06-03T17:00:00-03:00","America/Sao_Paulo",-23.6473149,-46.6643635,,,,"AirGradient","AirGradient"
6139516,"São Paulo","temperature",20,"c","2026-06-03T21:00:00Z","2026-06-03T18:00:00-03:00","America/Sao_Paulo",-23.6473149,-46.6643635,,,,"AirGradient","AirGradient"
6139516,"São Paulo","temperature",20,"c","2026-06-03T22:00:00Z","2026-06-03T19:00:00-03:00","America/Sao_Paulo",-23.6473149,-46.6643635,,,,"AirGradient","AirGradient"
6139516,"São Paulo","temperature",19.5,"c","2026-06-03T23:00:00Z","2026-06-03T20:00:00-03:00","America/Sao_Paulo",-23.6473149,-46.6643635,,,,"AirGradient","AirGradient"
6139516,"São Paulo","temperature",19,"c","2026-06-04T00:00:00Z","2026-06-03T21:00:00-03:00","America/Sao_Paulo",-23.6473149,-46.6643635,,,,"AirGradient","AirGradient"
6139516,"São Paulo","temperature",18.9,"c","2026-06-04T01:00:00Z","2026-06-03T22:00:00-03:00","America/Sao_Paulo",-23.6473149,-46.6643635,,,,"AirGradient","AirGradient"
6139516,"São Paulo","temperature",18.9,"c","2026-06-04T02:00:00Z","2026-06-03T23:00:00-03:00","America/Sao_Paulo",-23.6473149,-46.6643635,,,,"AirGradient","AirGradient"
6139516,"São Paulo","temperature",18.8,"c","2026-06-04T03:00:00Z","2026-06-04T00:00:00-03:00","America/Sao_Paulo",-23.6473149,-46.6643635,,,,"AirGradient","AirGradient"
6139516,"São Paulo","temperature",18.5,"c","2026-06-04T04:00:00Z","2026-06-04T01:00:00-03:00","America/Sao_Paulo",-23.6473149,-46.6643635,,,,"AirGradient","AirGradient"
6139516,"São Paulo","temperature",18.4,"c","2026-06-04T05:00:00Z","2026-06-04T02:00:00-03:00","America/Sao_Paulo",-23.6473149,-46.6643635,,,,"AirGradient","AirGradient"
6139516,"São Paulo","temperature",18.3,"c","2026-06-04T06:00:00Z","2026-06-04T03:00:00-03:00","America/Sao_Paulo",-23.6473149,-46.6643635,,,,"AirGradient","AirGradient"
6139516,"São Paulo","temperature",18.2,"c","2026-06-04T07:00:00Z","2026-06-04T04:00:00-03:00","America/Sao_Paulo",-23.6473149,-46.6643635,,,,"AirGradient","AirGradient"
6139516,"São Paulo","temperature",18.2,"c","2026-06-04T08:00:00Z","2026-06-04T05:00:00-03:00","America/Sao_Paulo",-23.6473149,-46.6643635,,,,"AirGradient","AirGradient"
6139516,"São Paulo","temperature",18.2,"c","2026-06-04T09:00:00Z","2026-06-04T06:00:00-03:00","America/Sao_Paulo",-23.6473149,-46.6643635,,,,"AirGradient","AirGradient"
6139516,"São Paulo","temperature",18,"c","2026-06-04T10:00:00Z","2026-06-04T07:00:00-03:00","America/Sao_Paulo",-23.6473149,-46.6643635,,,,"AirGradient","AirGradient"
6139516,"São Paulo","temperature",18.3,"c","2026-06-04T11:00:00Z","2026-06-04T08:00:00-03:00","America/Sao_Paulo",-23.6473149,-46.6643635,,,,"AirGradient","AirGradient"
6139516,"São Paulo","temperature",19,"c","2026-06-04T12:00:00Z","2026-06-04T09:00:00-03:00","America/Sao_Paulo",-23.6473149,-46.6643635,,,,"AirGradient","AirGradient"
6139516,"São Paulo","temperature",22.1,"c","2026-06-04T13:00:00Z","2026-06-04T10:00:00-03:00","America/Sao_Paulo",-23.6473149,-46.6643635,,,,"AirGradient","AirGradient"
6139516,"São Paulo","temperature",22.5,"c","2026-06-04T14:00:00Z","2026-06-04T11:00:00-03:00","America/Sao_Paulo",-23.6473149,-46.6643635,,,,"AirGradient","AirGradient"
6139516,"São Paulo","temperature",22.2,"c","2026-06-04T15:00:00Z","2026-06-04T12:00:00-03:00","America/Sao_Paulo",-23.6473149,-46.6643635,,,,"AirGradient","AirGradient"
6139516,"São Paulo","temperature",21.6,"c","2026-06-04T16:00:00Z","2026-06-04T13:00:00-03:00","America/Sao_Paulo",-23.6473149,-46.6643635,,,,"AirGradient","AirGradient"
6139516,"São Paulo","temperature",21.7,"c","2026-06-04T17:00:00Z","2026-06-04T14:00:00-03:00","America/Sao_Paulo",-23.6473149,-46.6643635,,,,"AirGradient","AirGradient"
6139516,"São Paulo","temperature",21.6,"c","2026-06-04T18:00:00Z","2026-06-04T15:00:00-03:00","America/Sao_Paulo",-23.6473149,-46.6643635,,,,"AirGradient","AirGradient"
6139516,"São Paulo","temperature",21,"c","2026-06-04T19:00:00Z","2026-06-04T16:00:00-03:00","America/Sao_Paulo",-23.6473149,-46.6643635,,,,"AirGradient","AirGradient"
6139516,"São Paulo","temperature",20.1,"c","2026-06-04T20:00:00Z","2026-06-04T17:00:00-03:00","America/Sao_Paulo",-23.6473149,-46.6643635,,,,"AirGradient","AirGradient"
6139516,"São Paulo","temperature",19.6,"c","2026-06-04T21:00:00Z","2026-06-04T18:00:00-03:00","America/Sao_Paulo",-23.6473149,-46.6643635,,,,"AirGradient","AirGradient"
6139516,"São Paulo","temperature",19.3,"c","2026-06-04T22:00:00Z","2026-06-04T19:00:00-03:00","America/Sao_Paulo",-23.6473149,-46.6643635,,,,"AirGradient","AirGradient"
6139516,"São Paulo","temperature",19.1,"c","2026-06-04T23:00:00Z","2026-06-04T20:00:00-03:00","America/Sao_Paulo",-23.6473149,-46.6643635,,,,"AirGradient","AirGradient"
6139516,"São Paulo","temperature",18.8,"c","2026-06-05T00:00:00Z","2026-06-04T21:00:00-03:00","America/Sao_Paulo",-23.6473149,-46.6643635,,,,"AirGradient","AirGradient"
6139516,"São Paulo","temperature",18.6,"c","2026-06-05T01:00:00Z","2026-06-04T22:00:00-03:00","America/Sao_Paulo",-23.6473149,-46.6643635,,,,"AirGradient","AirGradient"
6139516,"São Paulo","temperature",18.5,"c","2026-06-05T02:00:00Z","2026-06-04T23:00:00-03:00","America/Sao_Paulo",-23.6473149,-46.6643635,,,,"AirGradient","AirGradient"
6139516,"São Paulo","temperature",18.4,"c","2026-06-05T03:00:00Z","2026-06-05T00:00:00-03:00","America/Sao_Paulo",-23.6473149,-46.6643635,,,,"AirGradient","AirGradient"
6139516,"São Paulo","temperature",18.3,"c","2026-06-05T04:00:00Z","2026-06-05T01:00:00-03:00","America/Sao_Paulo",-23.6473149,-46.6643635,,,,"AirGradient","AirGradient"
6139516,"São Paulo","temperature",18.2,"c","2026-06-05T05:00:00Z","2026-06-05T02:00:00-03:00","America/Sao_Paulo",-23.6473149,-46.6643635,,,,"AirGradient","AirGradient"
6139516,"São Paulo","temperature",17.9,"c","2026-06-05T06:00:00Z","2026-06-05T03:00:00-03:00","America/Sao_Paulo",-23.6473149,-46.6643635,,,,"AirGradient","AirGradient"
6139516,"São Paulo","temperature",17.7,"c","2026-06-05T07:00:00Z","2026-06-05T04:00:00-03:00","America/Sao_Paulo",-23.6473149,-46.6643635,,,,"AirGradient","AirGradient"
6139516,"São Paulo","temperature",17.3,"c","2026-06-05T08:00:00Z","2026-06-05T05:00:00-03:00","America/Sao_Paulo",-23.6473149,-46.6643635,,,,"AirGradient","AirGradient"
6139516,"São Paulo","temperature",17.3,"c","2026-06-05T09:00:00Z","2026-06-05T06:00:00-03:00","America/Sao_Paulo",-23.6473149,-46.6643635,,,,"AirGradient","AirGradient"
6139516,"São Paulo","temperature",17.7,"c","2026-06-05T10:00:00Z","2026-06-05T07:00:00-03:00","America/Sao_Paulo",-23.6473149,-46.6643635,,,,"AirGradient","AirGradient"
6139516,"São Paulo","temperature",18.7,"c","2026-06-05T11:00:00Z","2026-06-05T08:00:00-03:00","America/Sao_Paulo",-23.6473149,-46.6643635,,,,"AirGradient","AirGradient"
6139516,"São Paulo","temperature",21.2,"c","2026-06-05T12:00:00Z","2026-06-05T09:00:00-03:00","America/Sao_Paulo",-23.6473149,-46.6643635,,,,"AirGradient","AirGradient"
6139516,"São Paulo","temperature",22.6,"c","2026-06-05T13:00:00Z","2026-06-05T10:00:00-03:00","America/Sao_Paulo",-23.6473149,-46.6643635,,,,"AirGradient","AirGradient"
6139516,"São Paulo","temperature",22.3,"c","2026-06-05T14:00:00Z","2026-06-05T11:00:00-03:00","America/Sao_Paulo",-23.6473149,-46.6643635,,,,"AirGradient","AirGradient"
6139516,"São Paulo","temperature",21.5,"c","2026-06-05T15:00:00Z","2026-06-05T12:00:00-03:00","America/Sao_Paulo",-23.6473149,-46.6643635,,,,"AirGradient","AirGradient"
6139516,"São Paulo","temperature",21.2,"c","2026-06-05T16:00:00Z","2026-06-05T13:00:00-03:00","America/Sao_Paulo",-23.6473149,-46.6643635,,,,"AirGradient","AirGradient"
6139516,"São Paulo","temperature",21.6,"c","2026-06-05T17:00:00Z","2026-06-05T14:00:00-03:00","America/Sao_Paulo",-23.6473149,-46.6643635,,,,"AirGradient","AirGradient"
6139516,"São Paulo","temperature",21.9,"c","2026-06-05T18:00:00Z","2026-06-05T15:00:00-03:00","America/Sao_Paulo",-23.6473149,-46.6643635,,,,"AirGradient","AirGradient"
6139516,"São Paulo","temperature",21.8,"c","2026-06-05T19:00:00Z","2026-06-05T16:00:00-03:00","America/Sao_Paulo",-23.6473149,-46.6643635,,,,"AirGradient","AirGradient"
6139516,"São Paulo","temperature",21,"c","2026-06-05T20:00:00Z","2026-06-05T17:00:00-03:00","America/Sao_Paulo",-23.6473149,-46.6643635,,,,"AirGradient","AirGradient"
6139516,"São Paulo","temperature",19.5,"c","2026-06-05T21:00:00Z","2026-06-05T18:00:00-03:00","America/Sao_Paulo",-23.6473149,-46.6643635,,,,"AirGradient","AirGradient"
6139516,"São Paulo","temperature",18.5,"c","2026-06-05T22:00:00Z","2026-06-05T19:00:00-03:00","America/Sao_Paulo",-23.6473149,-46.6643635,,,,"AirGradient","AirGradient"
6139516,"São Paulo","temperature",18.3,"c","2026-06-05T23:00:00Z","2026-06-05T20:00:00-03:00","America/Sao_Paulo",-23.6473149,-46.6643635,,,,"AirGradient","AirGradient"
6139516,"São Paulo","temperature",18.1,"c","2026-06-06T00:00:00Z","2026-06-05T21:00:00-03:00","America/Sao_Paulo",-23.6473149,-46.6643635,,,,"AirGradient","AirGradient"
6139516,"São Paulo","temperature",18.7,"c","2026-06-06T01:00:00Z","2026-06-05T22:00:00-03:00","America/Sao_Paulo",-23.6473149,-46.6643635,,,,"AirGradient","AirGradient"
6139516,"São Paulo","temperature",18.8,"c","2026-06-06T02:00:00Z","2026-06-05T23:00:00-03:00","America/Sao_Paulo",-23.6473149,-46.6643635,,,,"AirGradient","AirGradient"
6139516,"São Paulo","temperature",19.1,"c","2026-06-06T03:00:00Z","2026-06-06T00:00:00-03:00","America/Sao_Paulo",-23.6473149,-46.6643635,,,,"AirGradient","AirGradient"
6139516,"São Paulo","temperature",18.6,"c","2026-06-06T04:00:00Z","2026-06-06T01:00:00-03:00","America/Sao_Paulo",-23.6473149,-46.6643635,,,,"AirGradient","AirGradient"
6139516,"São Paulo","temperature",18,"c","2026-06-06T05:00:00Z","2026-06-06T02:00:00-03:00","America/Sao_Paulo",-23.6473149,-46.6643635,,,,"AirGradient","AirGradient"
6139516,"São Paulo","temperature",18.5,"c","2026-06-06T06:00:00Z","2026-06-06T03:00:00-03:00","America/Sao_Paulo",-23.6473149,-46.6643635,,,,"AirGradient","AirGradient"
6139516,"São Paulo","temperature",18.6,"c","2026-06-06T07:00:00Z","2026-06-06T04:00:00-03:00","America/Sao_Paulo",-23.6473149,-46.6643635,,,,"AirGradient","AirGradient"
6139516,"São Paulo","temperature",18.4,"c","2026-06-06T08:00:00Z","2026-06-06T05:00:00-03:00","America/Sao_Paulo",-23.6473149,-46.6643635,,,,"AirGradient","AirGradient"
6139516,"São Paulo","temperature",18.1,"c","2026-06-06T09:00:00Z","2026-06-06T06:00:00-03:00","America/Sao_Paulo",-23.6473149,-46.6643635,,,,"AirGradient","AirGradient"
6139516,"São Paulo","temperature",17.8,"c","2026-06-06T10:00:00Z","2026-06-06T07:00:00-03:00","America/Sao_Paulo",-23.6473149,-46.6643635,,,,"AirGradient","AirGradient"
6139516,"São Paulo","temperature",18.2,"c","2026-06-06T11:00:00Z","2026-06-06T08:00:00-03:00","America/Sao_Paulo",-23.6473149,-46.6643635,,,,"AirGradient","AirGradient"
6139516,"São Paulo","temperature",19.7,"c","2026-06-06T12:00:00Z","2026-06-06T09:00:00-03:00","America/Sao_Paulo",-23.6473149,-46.6643635,,,,"AirGradient","AirGradient"
6139516,"São Paulo","temperature",23.5,"c","2026-06-06T13:00:00Z","2026-06-06T10:00:00-03:00","America/Sao_Paulo",-23.6473149,-46.6643635,,,,"AirGradient","AirGradient"
6139516,"São Paulo","temperature",24.5,"c","2026-06-06T14:00:00Z","2026-06-06T11:00:00-03:00","America/Sao_Paulo",-23.6473149,-46.6643635,,,,"AirGradient","AirGradient"
6139516,"São Paulo","temperature",25.3,"c","2026-06-06T15:00:00Z","2026-06-06T12:00:00-03:00","America/Sao_Paulo",-23.6473149,-46.6643635,,,,"AirGradient","AirGradient"
6139516,"São Paulo","temperature",24.5,"c","2026-06-06T16:00:00Z","2026-06-06T13:00:00-03:00","America/Sao_Paulo",-23.6473149,-46.6643635,,,,"AirGradient","AirGradient"
6139516,"São Paulo","temperature",24,"c","2026-06-06T17:00:00Z","2026-06-06T14:00:00-03:00","America/Sao_Paulo",-23.6473149,-46.6643635,,,,"AirGradient","AirGradient"
6139516,"São Paulo","temperature",23.9,"c","2026-06-06T18:00:00Z","2026-06-06T15:00:00-03:00","America/Sao_Paulo",-23.6473149,-46.6643635,,,,"AirGradient","AirGradient"
6139516,"São Paulo","temperature",23.9,"c","2026-06-06T19:00:00Z","2026-06-06T16:00:00-03:00","America/Sao_Paulo",-23.6473149,-46.6643635,,,,"AirGradient","AirGradient"
6139516,"São Paulo","temperature",23.7,"c","2026-06-06T20:00:00Z","2026-06-06T17:00:00-03:00","America/Sao_Paulo",-23.6473149,-46.6643635,,,,"AirGradient","AirGradient"
6139516,"São Paulo","temperature",23.1,"c","2026-06-06T21:00:00Z","2026-06-06T18:00:00-03:00","America/Sao_Paulo",-23.6473149,-46.6643635,,,,"AirGradient","AirGradient"
6139516,"São Paulo","temperature",22.4,"c","2026-06-06T22:00:00Z","2026-06-06T19:00:00-03:00","America/Sao_Paulo",-23.6473149,-46.6643635,,,,"AirGradient","AirGradient"
6139516,"São Paulo","temperature",22.3,"c","2026-06-06T23:00:00Z","2026-06-06T20:00:00-03:00","America/Sao_Paulo",-23.6473149,-46.6643635,,,,"AirGradient","AirGradient"
6139516,"São Paulo","temperature",21.5,"c","2026-06-07T00:00:00Z","2026-06-06T21:00:00-03:00","America/Sao_Paulo",-23.6473149,-46.6643635,,,,"AirGradient","AirGradient"
6139516,"São Paulo","temperature",21,"c","2026-06-07T01:00:00Z","2026-06-06T22:00:00-03:00","America/Sao_Paulo",-23.6473149,-46.6643635,,,,"AirGradient","AirGradient"
6139516,"São Paulo","temperature",20.7,"c","2026-06-07T02:00:00Z","2026-06-06T23:00:00-03:00","America/Sao_Paulo",-23.6473149,-46.6643635,,,,"AirGradient","AirGradient"
6139516,"São Paulo","temperature",20.5,"c","2026-06-07T03:00:00Z","2026-06-07T00:00:00-03:00","America/Sao_Paulo",-23.6473149,-46.6643635,,,,"AirGradient","AirGradient"
6139516,"São Paulo","temperature",20.2,"c","2026-06-07T04:00:00Z","2026-06-07T01:00:00-03:00","America/Sao_Paulo",-23.6473149,-46.6643635,,,,"AirGradient","AirGradient"
6139516,"São Paulo","temperature",20,"c","2026-06-07T05:00:00Z","2026-06-07T02:00:00-03:00","America/Sao_Paulo",-23.6473149,-46.6643635,,,,"AirGradient","AirGradient"
6139516,"São Paulo","temperature",19.7,"c","2026-06-07T06:00:00Z","2026-06-07T03:00:00-03:00","America/Sao_Paulo",-23.6473149,-46.6643635,,,,"AirGradient","AirGradient"
6139516,"São Paulo","temperature",19.4,"c","2026-06-07T07:00:00Z","2026-06-07T04:00:00-03:00","America/Sao_Paulo",-23.6473149,-46.6643635,,,,"AirGradient","AirGradient"
6139516,"São Paulo","temperature",19.1,"c","2026-06-07T08:00:00Z","2026-06-07T05:00:00-03:00","America/Sao_Paulo",-23.6473149,-46.6643635,,,,"AirGradient","AirGradient"
6139516,"São Paulo","temperature",18.9,"c","2026-06-07T09:00:00Z","2026-06-07T06:00:00-03:00","America/Sao_Paulo",-23.6473149,-46.6643635,,,,"AirGradient","AirGradient"
6139516,"São Paulo","temperature",18.8,"c","2026-06-07T10:00:00Z","2026-06-07T07:00:00-03:00","America/Sao_Paulo",-23.6473149,-46.6643635,,,,"AirGradient","AirGradient"
6139516,"São Paulo","temperature",19.8,"c","2026-06-07T11:00:00Z","2026-06-07T08:00:00-03:00","America/Sao_Paulo",-23.6473149,-46.6643635,,,,"AirGradient","AirGradient"
6139516,"São Paulo","temperature",24.4,"c","2026-06-07T12:00:00Z","2026-06-07T09:00:00-03:00","America/Sao_Paulo",-23.6473149,-46.6643635,,,,"AirGradient","AirGradient"
6139516,"São Paulo","temperature",26.1,"c","2026-06-07T13:00:00Z","2026-06-07T10:00:00-03:00","America/Sao_Paulo",-23.6473149,-46.6643635,,,,"AirGradient","AirGradient"
6139516,"São Paulo","temperature",26.4,"c","2026-06-07T14:00:00Z","2026-06-07T11:00:00-03:00","America/Sao_Paulo",-23.6473149,-46.6643635,,,,"AirGradient","AirGradient"
6139516,"São Paulo","temperature",25.8,"c","2026-06-07T15:00:00Z","2026-06-07T12:00:00-03:00","America/Sao_Paulo",-23.6473149,-46.6643635,,,,"AirGradient","AirGradient"
6139516,"São Paulo","temperature",25.4,"c","2026-06-07T16:00:00Z","2026-06-07T13:00:00-03:00","America/Sao_Paulo",-23.6473149,-46.6643635,,,,"AirGradient","AirGradient"
6139516,"São Paulo","temperature",24.9,"c","2026-06-07T17:00:00Z","2026-06-07T14:00:00-03:00","America/Sao_Paulo",-23.6473149,-46.6643635,,,,"AirGradient","AirGradient"
6139516,"São Paulo","temperature",24.9,"c","2026-06-07T18:00:00Z","2026-06-07T15:00:00-03:00","America/Sao_Paulo",-23.6473149,-46.6643635,,,,"AirGradient","AirGradient"
6139516,"São Paulo","temperature",25.1,"c","2026-06-07T19:00:00Z","2026-06-07T16:00:00-03:00","America/Sao_Paulo",-23.6473149,-46.6643635,,,,"AirGradient","AirGradient"
6139516,"São Paulo","temperature",25.5,"c","2026-06-07T20:00:00Z","2026-06-07T17:00:00-03:00","America/Sao_Paulo",-23.6473149,-46.6643635,,,,"AirGradient","AirGradient"
6139516,"São Paulo","temperature",23.8,"c","2026-06-07T21:00:00Z","2026-06-07T18:00:00-03:00","America/Sao_Paulo",-23.6473149,-46.6643635,,,,"AirGradient","AirGradient"
6139516,"São Paulo","temperature",22,"c","2026-06-07T22:00:00Z","2026-06-07T19:00:00-03:00","America/Sao_Paulo",-23.6473149,-46.6643635,,,,"AirGradient","AirGradient"
6139516,"São Paulo","temperature",21.6,"c","2026-06-07T23:00:00Z","2026-06-07T20:00:00-03:00","America/Sao_Paulo",-23.6473149,-46.6643635,,,,"AirGradient","AirGradient"
6139516,"São Paulo","temperature",22.2,"c","2026-06-08T00:00:00Z","2026-06-07T21:00:00-03:00","America/Sao_Paulo",-23.6473149,-46.6643635,,,,"AirGradient","AirGradient"
6139516,"São Paulo","temperature",22.6,"c","2026-06-08T01:00:00Z","2026-06-07T22:00:00-03:00","America/Sao_Paulo",-23.6473149,-46.6643635,,,,"AirGradient","AirGradient"
6139516,"São Paulo","temperature",22.5,"c","2026-06-08T02:00:00Z","2026-06-07T23:00:00-03:00","America/Sao_Paulo",-23.6473149,-46.6643635,,,,"AirGradient","AirGradient"
6139516,"São Paulo","temperature",22.4,"c","2026-06-08T03:00:00Z","2026-06-08T00:00:00-03:00","America/Sao_Paulo",-23.6473149,-46.6643635,,,,"AirGradient","AirGradient"
6139516,"São Paulo","temperature",21.3,"c","2026-06-08T04:00:00Z","2026-06-08T01:00:00-03:00","America/Sao_Paulo",-23.6473149,-46.6643635,,,,"AirGradient","AirGradient"
6139516,"São Paulo","temperature",20.7,"c","2026-06-08T05:00:00Z","2026-06-08T02:00:00-03:00","America/Sao_Paulo",-23.6473149,-46.6643635,,,,"AirGradient","AirGradient"
6139516,"São Paulo","temperature",21.1,"c","2026-06-08T06:00:00Z","2026-06-08T03:00:00-03:00","America/Sao_Paulo",-23.6473149,-46.6643635,,,,"AirGradient","AirGradient"
6139516,"São Paulo","temperature",21.3,"c","2026-06-08T07:00:00Z","2026-06-08T04:00:00-03:00","America/Sao_Paulo",-23.6473149,-46.6643635,,,,"AirGradient","AirGradient"
6139516,"São Paulo","temperature",21.3,"c","2026-06-08T08:00:00Z","2026-06-08T05:00:00-03:00","America/Sao_Paulo",-23.6473149,-46.6643635,,,,"AirGradient","AirGradient"
6139516,"São Paulo","temperature",21,"c","2026-06-08T09:00:00Z","2026-06-08T06:00:00-03:00","America/Sao_Paulo",-23.6473149,-46.6643635,,,,"AirGradient","AirGradient"
6139516,"São Paulo","temperature",20.1,"c","2026-06-08T10:00:00Z","2026-06-08T07:00:00-03:00","America/Sao_Paulo",-23.6473149,-46.6643635,,,,"AirGradient","AirGradient"
6139516,"São Paulo","temperature",21.7,"c","2026-06-08T11:00:00Z","2026-06-08T08:00:00-03:00","America/Sao_Paulo",-23.6473149,-46.6643635,,,,"AirGradient","AirGradient"
6139516,"São Paulo","temperature",23.3,"c","2026-06-08T12:00:00Z","2026-06-08T09:00:00-03:00","America/Sao_Paulo",-23.6473149,-46.6643635,,,,"AirGradient","AirGradient"
6139516,"São Paulo","temperature",23.3,"c","2026-06-08T13:00:00Z","2026-06-08T10:00:00-03:00","America/Sao_Paulo",-23.6473149,-46.6643635,,,,"AirGradient","AirGradient"
6139516,"São Paulo","temperature",24.9,"c","2026-06-08T14:00:00Z","2026-06-08T11:00:00-03:00","America/Sao_Paulo",-23.6473149,-46.6643635,,,,"AirGradient","AirGradient"
6139516,"São Paulo","temperature",25.7,"c","2026-06-08T15:00:00Z","2026-06-08T12:00:00-03:00","America/Sao_Paulo",-23.6473149,-46.6643635,,,,"AirGradient","AirGradient"
6139516,"São Paulo","temperature",25.5,"c","2026-06-08T16:00:00Z","2026-06-08T13:00:00-03:00","America/Sao_Paulo",-23.6473149,-46.6643635,,,,"AirGradient","AirGradient"
6139516,"São Paulo","temperature",24.4,"c","2026-06-08T17:00:00Z","2026-06-08T14:00:00-03:00","America/Sao_Paulo",-23.6473149,-46.6643635,,,,"AirGradient","AirGradient"
6139516,"São Paulo","temperature",23.8,"c","2026-06-08T18:00:00Z","2026-06-08T15:00:00-03:00","America/Sao_Paulo",-23.6473149,-46.6643635,,,,"AirGradient","AirGradient"
6139516,"São Paulo","temperature",24.9,"c","2026-06-08T19:00:00Z","2026-06-08T16:00:00-03:00","America/Sao_Paulo",-23.6473149,-46.6643635,,,,"AirGradient","AirGradient"
6139516,"São Paulo","temperature",24.2,"c","2026-06-08T20:00:00Z","2026-06-08T17:00:00-03:00","America/Sao_Paulo",-23.6473149,-46.6643635,,,,"AirGradient","AirGradient"
6139516,"São Paulo","temperature",23.2,"c","2026-06-08T21:00:00Z","2026-06-08T18:00:00-03:00","America/Sao_Paulo",-23.6473149,-46.6643635,,,,"AirGradient","AirGradient"
6139516,"São Paulo","temperature",23,"c","2026-06-08T22:00:00Z","2026-06-08T19:00:00-03:00","America/Sao_Paulo",-23.6473149,-46.6643635,,,,"AirGradient","AirGradient"
6139516,"São Paulo","temperature",23.2,"c","2026-06-08T23:00:00Z","2026-06-08T20:00:00-03:00","America/Sao_Paulo",-23.6473149,-46.6643635,,,,"AirGradient","AirGradient"
6139516,"São Paulo","temperature",22.9,"c","2026-06-09T00:00:00Z","2026-06-08T21:00:00-03:00","America/Sao_Paulo",-23.6473149,-46.6643635,,,,"AirGradient","AirGradient"
6139516,"São Paulo","temperature",22.4,"c","2026-06-09T01:00:00Z","2026-06-08T22:00:00-03:00","America/Sao_Paulo",-23.6473149,-46.6643635,,,,"AirGradient","AirGradient"
6139516,"São Paulo","temperature",22.3,"c","2026-06-09T02:00:00Z","2026-06-08T23:00:00-03:00","America/Sao_Paulo",-23.6473149,-46.6643635,,,,"AirGradient","AirGradient"
6139516,"São Paulo","temperature",21.8,"c","2026-06-09T03:00:00Z","2026-06-09T00:00:00-03:00","America/Sao_Paulo",-23.6473149,-46.6643635,,,,"AirGradient","AirGradient"
6139516,"São Paulo","temperature",21.3,"c","2026-06-09T04:00:00Z","2026-06-09T01:00:00-03:00","America/Sao_Paulo",-23.6473149,-46.6643635,,,,"AirGradient","AirGradient"
6139516,"São Paulo","temperature",20.9,"c","2026-06-09T05:00:00Z","2026-06-09T02:00:00-03:00","America/Sao_Paulo",-23.6473149,-46.6643635,,,,"AirGradient","AirGradient"
6139516,"São Paulo","temperature",20.5,"c","2026-06-09T06:00:00Z","2026-06-09T03:00:00-03:00","America/Sao_Paulo",-23.6473149,-46.6643635,,,,"AirGradient","AirGradient"
6139516,"São Paulo","temperature",20.2,"c","2026-06-09T07:00:00Z","2026-06-09T04:00:00-03:00","America/Sao_Paulo",-23.6473149,-46.6643635,,,,"AirGradient","AirGradient"
6139516,"São Paulo","temperature",20,"c","2026-06-09T08:00:00Z","2026-06-09T05:00:00-03:00","America/Sao_Paulo",-23.6473149,-46.6643635,,,,"AirGradient","AirGradient"
6139516,"São Paulo","temperature",19.7,"c","2026-06-09T09:00:00Z","2026-06-09T06:00:00-03:00","America/Sao_Paulo",-23.6473149,-46.6643635,,,,"AirGradient","AirGradient"
6139516,"São Paulo","temperature",19.7,"c","2026-06-09T10:00:00Z","2026-06-09T07:00:00-03:00","America/Sao_Paulo",-23.6473149,-46.6643635,,,,"AirGradient","AirGradient"
6139516,"São Paulo","temperature",20.2,"c","2026-06-09T11:00:00Z","2026-06-09T08:00:00-03:00","America/Sao_Paulo",-23.6473149,-46.6643635,,,,"AirGradient","AirGradient"
6139516,"São Paulo","temperature",23.9,"c","2026-06-09T12:00:00Z","2026-06-09T09:00:00-03:00","America/Sao_Paulo",-23.6473149,-46.6643635,,,,"AirGradient","AirGradient"
6139516,"São Paulo","temperature",24.8,"c","2026-06-09T13:00:00Z","2026-06-09T10:00:00-03:00","America/Sao_Paulo",-23.6473149,-46.6643635,,,,"AirGradient","AirGradient"
6139516,"São Paulo","temperature",25,"c","2026-06-09T14:00:00Z","2026-06-09T11:00:00-03:00","America/Sao_Paulo",-23.6473149,-46.6643635,,,,"AirGradient","AirGradient"
6139516,"São Paulo","temperature",25.1,"c","2026-06-09T15:00:00Z","2026-06-09T12:00:00-03:00","America/Sao_Paulo",-23.6473149,-46.6643635,,,,"AirGradient","AirGradient"
6139516,"São Paulo","temperature",24.2,"c","2026-06-09T16:00:00Z","2026-06-09T13:00:00-03:00","America/Sao_Paulo",-23.6473149,-46.6643635,,,,"AirGradient","AirGradient"
6139516,"São Paulo","temperature",23.5,"c","2026-06-09T17:00:00Z","2026-06-09T14:00:00-03:00","America/Sao_Paulo",-23.6473149,-46.6643635,,,,"AirGradient","AirGradient"
6139516,"São Paulo","temperature",23.4,"c","2026-06-09T18:00:00Z","2026-06-09T15:00:00-03:00","America/Sao_Paulo",-23.6473149,-46.6643635,,,,"AirGradient","AirGradient"
6139516,"São Paulo","temperature",23.5,"c","2026-06-09T19:00:00Z","2026-06-09T16:00:00-03:00","America/Sao_Paulo",-23.6473149,-46.6643635,,,,"AirGradient","AirGradient"
6139516,"São Paulo","temperature",23.5,"c","2026-06-09T20:00:00Z","2026-06-09T17:00:00-03:00","America/Sao_Paulo",-23.6473149,-46.6643635,,,,"AirGradient","AirGradient"
6139516,"São Paulo","temperature",22.9,"c","2026-06-09T21:00:00Z","2026-06-09T18:00:00-03:00","America/Sao_Paulo",-23.6473149,-46.6643635,,,,"AirGradient","AirGradient"
6139516,"São Paulo","temperature",22.8,"c","2026-06-09T22:00:00Z","2026-06-09T19:00:00-03:00","America/Sao_Paulo",-23.6473149,-46.6643635,,,,"AirGradient","AirGradient"
6139516,"São Paulo","temperature",23.2,"c","2026-06-09T23:00:00Z","2026-06-09T20:00:00-03:00","America/Sao_Paulo",-23.6473149,-46.6643635,,,,"AirGradient","AirGradient"
6139516,"São Paulo","temperature",23.1,"c","2026-06-10T00:00:00Z","2026-06-09T21:00:00-03:00","America/Sao_Paulo",-23.6473149,-46.6643635,,,,"AirGradient","AirGradient"
6139516,"São Paulo","temperature",22.6,"c","2026-06-10T01:00:00Z","2026-06-09T22:00:00-03:00","America/Sao_Paulo",-23.6473149,-46.6643635,,,,"AirGradient","AirGradient"
6139516,"São Paulo","temperature",22.7,"c","2026-06-10T02:00:00Z","2026-06-09T23:00:00-03:00","America/Sao_Paulo",-23.6473149,-46.6643635,,,,"AirGradient","AirGradient"
6139516,"São Paulo","temperature",22.1,"c","2026-06-10T03:00:00Z","2026-06-10T00:00:00-03:00","America/Sao_Paulo",-23.6473149,-46.6643635,,,,"AirGradient","AirGradient"
6139516,"São Paulo","temperature",21.8,"c","2026-06-10T04:00:00Z","2026-06-10T01:00:00-03:00","America/Sao_Paulo",-23.6473149,-46.6643635,,,,"AirGradient","AirGradient"
6139516,"São Paulo","temperature",21.2,"c","2026-06-10T05:00:00Z","2026-06-10T02:00:00-03:00","America/Sao_Paulo",-23.6473149,-46.6643635,,,,"AirGradient","AirGradient"
6139516,"São Paulo","temperature",20.9,"c","2026-06-10T06:00:00Z","2026-06-10T03:00:00-03:00","America/Sao_Paulo",-23.6473149,-46.6643635,,,,"AirGradient","AirGradient"
6139516,"São Paulo","temperature",21.1,"c","2026-06-10T07:00:00Z","2026-06-10T04:00:00-03:00","America/Sao_Paulo",-23.6473149,-46.6643635,,,,"AirGradient","AirGradient"
6139516,"São Paulo","temperature",20.9,"c","2026-06-10T08:00:00Z","2026-06-10T05:00:00-03:00","America/Sao_Paulo",-23.6473149,-46.6643635,,,,"AirGradient","AirGradient"
6139516,"São Paulo","temperature",20.5,"c","2026-06-10T09:00:00Z","2026-06-10T06:00:00-03:00","America/Sao_Paulo",-23.6473149,-46.6643635,,,,"AirGradient","AirGradient"
6139516,"São Paulo","temperature",20.4,"c","2026-06-10T10:00:00Z","2026-06-10T07:00:00-03:00","America/Sao_Paulo",-23.6473149,-46.6643635,,,,"AirGradient","AirGradient"
6139516,"São Paulo","temperature",21.7,"c","2026-06-10T11:00:00Z","2026-06-10T08:00:00-03:00","America/Sao_Paulo",-23.6473149,-46.6643635,,,,"AirGradient","AirGradient"
6139516,"São Paulo","temperature",23.8,"c","2026-06-10T12:00:00Z","2026-06-10T09:00:00-03:00","America/Sao_Paulo",-23.6473149,-46.6643635,,,,"AirGradient","AirGradient"
6139516,"São Paulo","temperature",23.3,"c","2026-06-10T13:00:00Z","2026-06-10T10:00:00-03:00","America/Sao_Paulo",-23.6473149,-46.6643635,,,,"AirGradient","AirGradient"
6139516,"São Paulo","temperature",23.8,"c","2026-06-10T14:00:00Z","2026-06-10T11:00:00-03:00","America/Sao_Paulo",-23.6473149,-46.6643635,,,,"AirGradient","AirGradient"
6139516,"São Paulo","temperature",24,"c","2026-06-10T15:00:00Z","2026-06-10T12:00:00-03:00","America/Sao_Paulo",-23.6473149,-46.6643635,,,,"AirGradient","AirGradient"
6139516,"São Paulo","temperature",24.8,"c","2026-06-10T16:00:00Z","2026-06-10T13:00:00-03:00","America/Sao_Paulo",-23.6473149,-46.6643635,,,,"AirGradient","AirGradient"
6139516,"São Paulo","temperature",24.9,"c","2026-06-10T17:00:00Z","2026-06-10T14:00:00-03:00","America/Sao_Paulo",-23.6473149,-46.6643635,,,,"AirGradient","AirGradient"
6139516,"São Paulo","temperature",24.5,"c","2026-06-10T18:00:00Z","2026-06-10T15:00:00-03:00","America/Sao_Paulo",-23.6473149,-46.6643635,,,,"AirGradient","AirGradient"
6139516,"São Paulo","temperature",23.1,"c","2026-06-10T19:00:00Z","2026-06-10T16:00:00-03:00","America/Sao_Paulo",-23.6473149,-46.6643635,,,,"AirGradient","AirGradient"
6139516,"São Paulo","temperature",21.1,"c","2026-06-10T20:00:00Z","2026-06-10T17:00:00-03:00","America/Sao_Paulo",-23.6473149,-46.6643635,,,,"AirGradient","AirGradient"
6139516,"São Paulo","temperature",20.4,"c","2026-06-10T21:00:00Z","2026-06-10T18:00:00-03:00","America/Sao_Paulo",-23.6473149,-46.6643635,,,,"AirGradient","AirGradient"
6139516,"São Paulo","temperature",20.4,"c","2026-06-10T22:00:00Z","2026-06-10T19:00:00-03:00","America/Sao_Paulo",-23.6473149,-46.6643635,,,,"AirGradient","AirGradient"
6139516,"São Paulo","temperature",20.1,"c","2026-06-10T23:00:00Z","2026-06-10T20:00:00-03:00","America/Sao_Paulo",-23.6473149,-46.6643635,,,,"AirGradient","AirGradient"
6139516,"São Paulo","temperature",20.9,"c","2026-06-11T00:00:00Z","2026-06-10T21:00:00-03:00","America/Sao_Paulo",-23.6473149,-46.6643635,,,,"AirGradient","AirGradient"
6139516,"São Paulo","temperature",22.9,"c","2026-06-11T01:00:00Z","2026-06-10T22:00:00-03:00","America/Sao_Paulo",-23.6473149,-46.6643635,,,,"AirGradient","AirGradient"
6139516,"São Paulo","temperature",23.5,"c","2026-06-11T02:00:00Z","2026-06-10T23:00:00-03:00","America/Sao_Paulo",-23.6473149,-46.6643635,,,,"AirGradient","AirGradient"
6139516,"São Paulo","temperature",22,"c","2026-06-11T03:00:00Z","2026-06-11T00:00:00-03:00","America/Sao_Paulo",-23.6473149,-46.6643635,,,,"AirGradient","AirGradient"
6139516,"São Paulo","temperature",20.9,"c","2026-06-11T04:00:00Z","2026-06-11T01:00:00-03:00","America/Sao_Paulo",-23.6473149,-46.6643635,,,,"AirGradient","AirGradient"
6139516,"São Paulo","temperature",20.8,"c","2026-06-11T05:00:00Z","2026-06-11T02:00:00-03:00","America/Sao_Paulo",-23.6473149,-46.6643635,,,,"AirGradient","AirGradient"
6139516,"São Paulo","temperature",20.8,"c","2026-06-11T06:00:00Z","2026-06-11T03:00:00-03:00","America/Sao_Paulo",-23.6473149,-46.6643635,,,,"AirGradient","AirGradient"
6139516,"São Paulo","temperature",20.3,"c","2026-06-11T07:00:00Z","2026-06-11T04:00:00-03:00","America/Sao_Paulo",-23.6473149,-46.6643635,,,,"AirGradient","AirGradient"
6139516,"São Paulo","temperature",19.5,"c","2026-06-11T08:00:00Z","2026-06-11T05:00:00-03:00","America/Sao_Paulo",-23.6473149,-46.6643635,,,,"AirGradient","AirGradient"
6139516,"São Paulo","temperature",19.6,"c","2026-06-11T09:00:00Z","2026-06-11T06:00:00-03:00","America/Sao_Paulo",-23.6473149,-46.6643635,,,,"AirGradient","AirGradient"
6139516,"São Paulo","temperature",19.5,"c","2026-06-11T10:00:00Z","2026-06-11T07:00:00-03:00","America/Sao_Paulo",-23.6473149,-46.6643635,,,,"AirGradient","AirGradient"
6139516,"São Paulo","temperature",19.5,"c","2026-06-11T11:00:00Z","2026-06-11T08:00:00-03:00","America/Sao_Paulo",-23.6473149,-46.6643635,,,,"AirGradient","AirGradient"
6139516,"São Paulo","temperature",19.6,"c","2026-06-11T12:00:00Z","2026-06-11T09:00:00-03:00","America/Sao_Paulo",-23.6473149,-46.6643635,,,,"AirGradient","AirGradient"
6139516,"São Paulo","temperature",20.1,"c","2026-06-11T13:00:00Z","2026-06-11T10:00:00-03:00","America/Sao_Paulo",-23.6473149,-46.6643635,,,,"AirGradient","AirGradient"
6139516,"São Paulo","temperature",19.8,"c","2026-06-11T14:00:00Z","2026-06-11T11:00:00-03:00","America/Sao_Paulo",-23.6473149,-46.6643635,,,,"AirGradient","AirGradient"
6139516,"São Paulo","temperature",20.2,"c","2026-06-11T15:00:00Z","2026-06-11T12:00:00-03:00","America/Sao_Paulo",-23.6473149,-46.6643635,,,,"AirGradient","AirGradient"
6139516,"São Paulo","temperature",20.3,"c","2026-06-11T16:00:00Z","2026-06-11T13:00:00-03:00","America/Sao_Paulo",-23.6473149,-46.6643635,,,,"AirGradient","AirGradient"
6139516,"São Paulo","temperature",20.5,"c","2026-06-11T17:00:00Z","2026-06-11T14:00:00-03:00","America/Sao_Paulo",-23.6473149,-46.6643635,,,,"AirGradient","AirGradient"
6139516,"São Paulo","temperature",21.2,"c","2026-06-11T18:00:00Z","2026-06-11T15:00:00-03:00","America/Sao_Paulo",-23.6473149,-46.6643635,,,,"AirGradient","AirGradient"
6139516,"São Paulo","temperature",21.7,"c","2026-06-11T19:00:00Z","2026-06-11T16:00:00-03:00","America/Sao_Paulo",-23.6473149,-46.6643635,,,,"AirGradient","AirGradient"
6139516,"São Paulo","temperature",22.1,"c","2026-06-11T20:00:00Z","2026-06-11T17:00:00-03:00","America/Sao_Paulo",-23.6473149,-46.6643635,,,,"AirGradient","AirGradient"
6139516,"São Paulo","temperature",21.3,"c","2026-06-11T21:00:00Z","2026-06-11T18:00:00-03:00","America/Sao_Paulo",-23.6473149,-46.6643635,,,,"AirGradient","AirGradient"
6139516,"São Paulo","temperature",21.2,"c","2026-06-11T22:00:00Z","2026-06-11T19:00:00-03:00","America/Sao_Paulo",-23.6473149,-46.6643635,,,,"AirGradient","AirGradient"
6139516,"São Paulo","temperature",20.9,"c","2026-06-11T23:00:00Z","2026-06-11T20:00:00-03:00","America/Sao_Paulo",-23.6473149,-46.6643635,,,,"AirGradient","AirGradient"
6139516,"São Paulo","temperature",20.7,"c","2026-06-12T00:00:00Z","2026-06-11T21:00:00-03:00","America/Sao_Paulo",-23.6473149,-46.6643635,,,,"AirGradient","AirGradient"
6139516,"São Paulo","temperature",20.1,"c","2026-06-12T01:00:00Z","2026-06-11T22:00:00-03:00","America/Sao_Paulo",-23.6473149,-46.6643635,,,,"AirGradient","AirGradient"
6139516,"São Paulo","temperature",19.8,"c","2026-06-12T02:00:00Z","2026-06-11T23:00:00-03:00","America/Sao_Paulo",-23.6473149,-46.6643635,,,,"AirGradient","AirGradient"
6139516,"São Paulo","temperature",19.5,"c","2026-06-12T03:00:00Z","2026-06-12T00:00:00-03:00","America/Sao_Paulo",-23.6473149,-46.6643635,,,,"AirGradient","AirGradient"
6139516,"São Paulo","temperature",19.3,"c","2026-06-12T04:00:00Z","2026-06-12T01:00:00-03:00","America/Sao_Paulo",-23.6473149,-46.6643635,,,,"AirGradient","AirGradient"
6139516,"São Paulo","temperature",19.1,"c","2026-06-12T05:00:00Z","2026-06-12T02:00:00-03:00","America/Sao_Paulo",-23.6473149,-46.6643635,,,,"AirGradient","AirGradient"
6139516,"São Paulo","temperature",18.8,"c","2026-06-12T06:00:00Z","2026-06-12T03:00:00-03:00","America/Sao_Paulo",-23.6473149,-46.6643635,,,,"AirGradient","AirGradient"
6139516,"São Paulo","temperature",18.7,"c","2026-06-12T07:00:00Z","2026-06-12T04:00:00-03:00","America/Sao_Paulo",-23.6473149,-46.6643635,,,,"AirGradient","AirGradient"
6139516,"São Paulo","temperature",18.4,"c","2026-06-12T08:00:00Z","2026-06-12T05:00:00-03:00","America/Sao_Paulo",-23.6473149,-46.6643635,,,,"AirGradient","AirGradient"
6139516,"São Paulo","temperature",18.2,"c","2026-06-12T09:00:00Z","2026-06-12T06:00:00-03:00","America/Sao_Paulo",-23.6473149,-46.6643635,,,,"AirGradient","AirGradient"
6139516,"São Paulo","temperature",18.5,"c","2026-06-12T10:00:00Z","2026-06-12T07:00:00-03:00","America/Sao_Paulo",-23.6473149,-46.6643635,,,,"AirGradient","AirGradient"
6139516,"São Paulo","temperature",18.9,"c","2026-06-12T11:00:00Z","2026-06-12T08:00:00-03:00","America/Sao_Paulo",-23.6473149,-46.6643635,,,,"AirGradient","AirGradient"
6139516,"São Paulo","temperature",19.3,"c","2026-06-12T12:00:00Z","2026-06-12T09:00:00-03:00","America/Sao_Paulo",-23.6473149,-46.6643635,,,,"AirGradient","AirGradient"
6139516,"São Paulo","temperature",18.7,"c","2026-06-12T13:00:00Z","2026-06-12T10:00:00-03:00","America/Sao_Paulo",-23.6473149,-46.6643635,,,,"AirGradient","AirGradient"
6139516,"São Paulo","temperature",19.2,"c","2026-06-12T14:00:00Z","2026-06-12T11:00:00-03:00","America/Sao_Paulo",-23.6473149,-46.6643635,,,,"AirGradient","AirGradient"
6139516,"São Paulo","temperature",19.6,"c","2026-06-12T15:00:00Z","2026-06-12T12:00:00-03:00","America/Sao_Paulo",-23.6473149,-46.6643635,,,,"AirGradient","AirGradient"
6139516,"São Paulo","temperature",20.2,"c","2026-06-12T16:00:00Z","2026-06-12T13:00:00-03:00","America/Sao_Paulo",-23.6473149,-46.6643635,,,,"AirGradient","AirGradient"
6139516,"São Paulo","temperature",20.6,"c","2026-06-12T17:00:00Z","2026-06-12T14:00:00-03:00","America/Sao_Paulo",-23.6473149,-46.6643635,,,,"AirGradient","AirGradient"
6139516,"São Paulo","temperature",20.6,"c","2026-06-12T18:00:00Z","2026-06-12T15:00:00-03:00","America/Sao_Paulo",-23.6473149,-46.6643635,,,,"AirGradient","AirGradient"
6139516,"São Paulo","temperature",20.8,"c","2026-06-12T19:00:00Z","2026-06-12T16:00:00-03:00","America/Sao_Paulo",-23.6473149,-46.6643635,,,,"AirGradient","AirGradient"
6139516,"São Paulo","temperature",21.2,"c","2026-06-12T20:00:00Z","2026-06-12T17:00:00-03:00","America/Sao_Paulo",-23.6473149,-46.6643635,,,,"AirGradient","AirGradient"
6139516,"São Paulo","temperature",20.8,"c","2026-06-12T21:00:00Z","2026-06-12T18:00:00-03:00","America/Sao_Paulo",-23.6473149,-46.6643635,,,,"AirGradient","AirGradient"
6139516,"São Paulo","temperature",20.9,"c","2026-06-12T22:00:00Z","2026-06-12T19:00:00-03:00","America/Sao_Paulo",-23.6473149,-46.6643635,,,,"AirGradient","AirGradient"
6139516,"São Paulo","temperature",20.9,"c","2026-06-12T23:00:00Z","2026-06-12T20:00:00-03:00","America/Sao_Paulo",-23.6473149,-46.6643635,,,,"AirGradient","AirGradient"
6139516,"São Paulo","temperature",20.8,"c","2026-06-13T00:00:00Z","2026-06-12T21:00:00-03:00","America/Sao_Paulo",-23.6473149,-46.6643635,,,,"AirGradient","AirGradient"
6139516,"São Paulo","temperature",21,"c","2026-06-13T01:00:00Z","2026-06-12T22:00:00-03:00","America/Sao_Paulo",-23.6473149,-46.6643635,,,,"AirGradient","AirGradient"
6139516,"São Paulo","temperature",21,"c","2026-06-13T02:00:00Z","2026-06-12T23:00:00-03:00","America/Sao_Paulo",-23.6473149,-46.6643635,,,,"AirGradient","AirGradient"
6139516,"São Paulo","temperature",21.1,"c","2026-06-13T03:00:00Z","2026-06-13T00:00:00-03:00","America/Sao_Paulo",-23.6473149,-46.6643635,,,,"AirGradient","AirGradient"
6139516,"São Paulo","temperature",21.3,"c","2026-06-13T04:00:00Z","2026-06-13T01:00:00-03:00","America/Sao_Paulo",-23.6473149,-46.6643635,,,,"AirGradient","AirGradient"
6139516,"São Paulo","temperature",21.2,"c","2026-06-13T05:00:00Z","2026-06-13T02:00:00-03:00","America/Sao_Paulo",-23.6473149,-46.6643635,,,,"AirGradient","AirGradient"
6139516,"São Paulo","temperature",21,"c","2026-06-13T06:00:00Z","2026-06-13T03:00:00-03:00","America/Sao_Paulo",-23.6473149,-46.6643635,,,,"AirGradient","AirGradient"
6139516,"São Paulo","temperature",20.7,"c","2026-06-13T07:00:00Z","2026-06-13T04:00:00-03:00","America/Sao_Paulo",-23.6473149,-46.6643635,,,,"AirGradient","AirGradient"
6139516,"São Paulo","temperature",20.4,"c","2026-06-13T08:00:00Z","2026-06-13T05:00:00-03:00","America/Sao_Paulo",-23.6473149,-46.6643635,,,,"AirGradient","AirGradient"
6139516,"São Paulo","temperature",19.9,"c","2026-06-13T09:00:00Z","2026-06-13T06:00:00-03:00","America/Sao_Paulo",-23.6473149,-46.6643635,,,,"AirGradient","AirGradient"
6139516,"São Paulo","temperature",19.9,"c","2026-06-13T10:00:00Z","2026-06-13T07:00:00-03:00","America/Sao_Paulo",-23.6473149,-46.6643635,,,,"AirGradient","AirGradient"
6139516,"São Paulo","temperature",20.1,"c","2026-06-13T11:00:00Z","2026-06-13T08:00:00-03:00","America/Sao_Paulo",-23.6473149,-46.6643635,,,,"AirGradient","AirGradient"
6139516,"São Paulo","temperature",20.8,"c","2026-06-13T12:00:00Z","2026-06-13T09:00:00-03:00","America/Sao_Paulo",-23.6473149,-46.6643635,,,,"AirGradient","AirGradient"
6139516,"São Paulo","temperature",21.7,"c","2026-06-13T13:00:00Z","2026-06-13T10:00:00-03:00","America/Sao_Paulo",-23.6473149,-46.6643635,,,,"AirGradient","AirGradient"
6139516,"São Paulo","temperature",22.7,"c","2026-06-13T14:00:00Z","2026-06-13T11:00:00-03:00","America/Sao_Paulo",-23.6473149,-46.6643635,,,,"AirGradient","AirGradient"
6139516,"São Paulo","temperature",22.7,"c","2026-06-13T15:00:00Z","2026-06-13T12:00:00-03:00","America/Sao_Paulo",-23.6473149,-46.6643635,,,,"AirGradient","AirGradient"
6139516,"São Paulo","temperature",21.9,"c","2026-06-13T16:00:00Z","2026-06-13T13:00:00-03:00","America/Sao_Paulo",-23.6473149,-46.6643635,,,,"AirGradient","AirGradient"
6139516,"São Paulo","temperature",21.9,"c","2026-06-13T17:00:00Z","2026-06-13T14:00:00-03:00","America/Sao_Paulo",-23.6473149,-46.6643635,,,,"AirGradient","AirGradient"
6139516,"São Paulo","temperature",22.5,"c","2026-06-13T18:00:00Z","2026-06-13T15:00:00-03:00","America/Sao_Paulo",-23.6473149,-46.6643635,,,,"AirGradient","AirGradient"
6139516,"São Paulo","temperature",22.6,"c","2026-06-13T19:00:00Z","2026-06-13T16:00:00-03:00","America/Sao_Paulo",-23.6473149,-46.6643635,,,,"AirGradient","AirGradient"
6139516,"São Paulo","temperature",22.5,"c","2026-06-13T20:00:00Z","2026-06-13T17:00:00-03:00","America/Sao_Paulo",-23.6473149,-46.6643635,,,,"AirGradient","AirGradient"
6139516,"São Paulo","temperature",21.9,"c","2026-06-13T21:00:00Z","2026-06-13T18:00:00-03:00","America/Sao_Paulo",-23.6473149,-46.6643635,,,,"AirGradient","AirGradient"
6139516,"São Paulo","temperature",21.8,"c","2026-06-13T22:00:00Z","2026-06-13T19:00:00-03:00","America/Sao_Paulo",-23.6473149,-46.6643635,,,,"AirGradient","AirGradient"
6139516,"São Paulo","temperature",21.5,"c","2026-06-13T23:00:00Z","2026-06-13T20:00:00-03:00","America/Sao_Paulo",-23.6473149,-46.6643635,,,,"AirGradient","AirGradient"
6139516,"São Paulo","temperature",21.3,"c","2026-06-14T00:00:00Z","2026-06-13T21:00:00-03:00","America/Sao_Paulo",-23.6473149,-46.6643635,,,,"AirGradient","AirGradient"
6139516,"São Paulo","temperature",21,"c","2026-06-14T01:00:00Z","2026-06-13T22:00:00-03:00","America/Sao_Paulo",-23.6473149,-46.6643635,,,,"AirGradient","AirGradient"
6139516,"São Paulo","temperature",20.7,"c","2026-06-14T02:00:00Z","2026-06-13T23:00:00-03:00","America/Sao_Paulo",-23.6473149,-46.6643635,,,,"AirGradient","AirGradient"
6139516,"São Paulo","temperature",20.6,"c","2026-06-14T03:00:00Z","2026-06-14T00:00:00-03:00","America/Sao_Paulo",-23.6473149,-46.6643635,,,,"AirGradient","AirGradient"
6139516,"São Paulo","temperature",20.5,"c","2026-06-14T04:00:00Z","2026-06-14T01:00:00-03:00","America/Sao_Paulo",-23.6473149,-46.6643635,,,,"AirGradient","AirGradient"
6139516,"São Paulo","temperature",20.6,"c","2026-06-14T05:00:00Z","2026-06-14T02:00:00-03:00","America/Sao_Paulo",-23.6473149,-46.6643635,,,,"AirGradient","AirGradient"
6139516,"São Paulo","temperature",20.1,"c","2026-06-14T06:00:00Z","2026-06-14T03:00:00-03:00","America/Sao_Paulo",-23.6473149,-46.6643635,,,,"AirGradient","AirGradient"
6139516,"São Paulo","temperature",20.3,"c","2026-06-14T07:00:00Z","2026-06-14T04:00:00-03:00","America/Sao_Paulo",-23.6473149,-46.6643635,,,,"AirGradient","AirGradient"
6139516,"São Paulo","temperature",20.4,"c","2026-06-14T08:00:00Z","2026-06-14T05:00:00-03:00","America/Sao_Paulo",-23.6473149,-46.6643635,,,,"AirGradient","AirGradient"
6139516,"São Paulo","temperature",20.7,"c","2026-06-14T09:00:00Z","2026-06-14T06:00:00-03:00","America/Sao_Paulo",-23.6473149,-46.6643635,,,,"AirGradient","AirGradient"
6139516,"São Paulo","temperature",20.4,"c","2026-06-14T10:00:00Z","2026-06-14T07:00:00-03:00","America/Sao_Paulo",-23.6473149,-46.6643635,,,,"AirGradient","AirGradient"
6139516,"São Paulo","temperature",20.2,"c","2026-06-14T11:00:00Z","2026-06-14T08:00:00-03:00","America/Sao_Paulo",-23.6473149,-46.6643635,,,,"AirGradient","AirGradient"
6139516,"São Paulo","temperature",20.3,"c","2026-06-14T12:00:00Z","2026-06-14T09:00:00-03:00","America/Sao_Paulo",-23.6473149,-46.6643635,,,,"AirGradient","AirGradient"
6139516,"São Paulo","temperature",21.2,"c","2026-06-14T13:00:00Z","2026-06-14T10:00:00-03:00","America/Sao_Paulo",-23.6473149,-46.6643635,,,,"AirGradient","AirGradient"
6139516,"São Paulo","temperature",21.8,"c","2026-06-14T14:00:00Z","2026-06-14T11:00:00-03:00","America/Sao_Paulo",-23.6473149,-46.6643635,,,,"AirGradient","AirGradient"
6139516,"São Paulo","temperature",22.7,"c","2026-06-14T15:00:00Z","2026-06-14T12:00:00-03:00","America/Sao_Paulo",-23.6473149,-46.6643635,,,,"AirGradient","AirGradient"
6139516,"São Paulo","temperature",22.6,"c","2026-06-14T16:00:00Z","2026-06-14T13:00:00-03:00","America/Sao_Paulo",-23.6473149,-46.6643635,,,,"AirGradient","AirGradient"
6139516,"São Paulo","temperature",22.1,"c","2026-06-14T17:00:00Z","2026-06-14T14:00:00-03:00","America/Sao_Paulo",-23.6473149,-46.6643635,,,,"AirGradient","AirGradient"
6139516,"São Paulo","temperature",22.1,"c","2026-06-14T18:00:00Z","2026-06-14T15:00:00-03:00","America/Sao_Paulo",-23.6473149,-46.6643635,,,,"AirGradient","AirGradient"
6139516,"São Paulo","temperature",21.7,"c","2026-06-14T19:00:00Z","2026-06-14T16:00:00-03:00","America/Sao_Paulo",-23.6473149,-46.6643635,,,,"AirGradient","AirGradient"
6139516,"São Paulo","temperature",21.5,"c","2026-06-14T20:00:00Z","2026-06-14T17:00:00-03:00","America/Sao_Paulo",-23.6473149,-46.6643635,,,,"AirGradient","AirGradient"
6139516,"São Paulo","temperature",21.4,"c","2026-06-14T21:00:00Z","2026-06-14T18:00:00-03:00","America/Sao_Paulo",-23.6473149,-46.6643635,,,,"AirGradient","AirGradient"
6139516,"São Paulo","temperature",21.3,"c","2026-06-14T22:00:00Z","2026-06-14T19:00:00-03:00","America/Sao_Paulo",-23.6473149,-46.6643635,,,,"AirGradient","AirGradient"
6139516,"São Paulo","temperature",21.4,"c","2026-06-14T23:00:00Z","2026-06-14T20:00:00-03:00","America/Sao_Paulo",-23.6473149,-46.6643635,,,,"AirGradient","AirGradient"
6139516,"São Paulo","temperature",21.2,"c","2026-06-15T00:00:00Z","2026-06-14T21:00:00-03:00","America/Sao_Paulo",-23.6473149,-46.6643635,,,,"AirGradient","AirGradient"
6139516,"São Paulo","temperature",21,"c","2026-06-15T01:00:00Z","2026-06-14T22:00:00-03:00","America/Sao_Paulo",-23.6473149,-46.6643635,,,,"AirGradient","AirGradient"
6139516,"São Paulo","temperature",21,"c","2026-06-15T02:00:00Z","2026-06-14T23:00:00-03:00","America/Sao_Paulo",-23.6473149,-46.6643635,,,,"AirGradient","AirGradient"
6139516,"São Paulo","temperature",21,"c","2026-06-15T03:00:00Z","2026-06-15T00:00:00-03:00","America/Sao_Paulo",-23.6473149,-46.6643635,,,,"AirGradient","AirGradient"
6139516,"São Paulo","temperature",21.1,"c","2026-06-15T04:00:00Z","2026-06-15T01:00:00-03:00","America/Sao_Paulo",-23.6473149,-46.6643635,,,,"AirGradient","AirGradient"
6139516,"São Paulo","temperature",21.2,"c","2026-06-15T05:00:00Z","2026-06-15T02:00:00-03:00","America/Sao_Paulo",-23.6473149,-46.6643635,,,,"AirGradient","AirGradient"
6139516,"São Paulo","temperature",21.1,"c","2026-06-15T06:00:00Z","2026-06-15T03:00:00-03:00","America/Sao_Paulo",-23.6473149,-46.6643635,,,,"AirGradient","AirGradient"
6139516,"São Paulo","temperature",19.9,"c","2026-06-15T07:00:00Z","2026-06-15T04:00:00-03:00","America/Sao_Paulo",-23.6473149,-46.6643635,,,,"AirGradient","AirGradient"
6139516,"São Paulo","temperature",20.1,"c","2026-06-15T08:00:00Z","2026-06-15T05:00:00-03:00","America/Sao_Paulo",-23.6473149,-46.6643635,,,,"AirGradient","AirGradient"
6139516,"São Paulo","temperature",19.8,"c","2026-06-15T09:00:00Z","2026-06-15T06:00:00-03:00","America/Sao_Paulo",-23.6473149,-46.6643635,,,,"AirGradient","AirGradient"
6139516,"São Paulo","temperature",19.4,"c","2026-06-15T10:00:00Z","2026-06-15T07:00:00-03:00","America/Sao_Paulo",-23.6473149,-46.6643635,,,,"AirGradient","AirGradient"
6139516,"São Paulo","temperature",19.5,"c","2026-06-15T11:00:00Z","2026-06-15T08:00:00-03:00","America/Sao_Paulo",-23.6473149,-46.6643635,,,,"AirGradient","AirGradient"
6139516,"São Paulo","temperature",19.5,"c","2026-06-15T12:00:00Z","2026-06-15T09:00:00-03:00","America/Sao_Paulo",-23.6473149,-46.6643635,,,,"AirGradient","AirGradient"
6139516,"São Paulo","temperature",19.5,"c","2026-06-15T13:00:00Z","2026-06-15T10:00:00-03:00","America/Sao_Paulo",-23.6473149,-46.6643635,,,,"AirGradient","AirGradient"
6139516,"São Paulo","temperature",19.2,"c","2026-06-15T14:00:00Z","2026-06-15T11:00:00-03:00","America/Sao_Paulo",-23.6473149,-46.6643635,,,,"AirGradient","AirGradient"
6139516,"São Paulo","temperature",19.4,"c","2026-06-15T15:00:00Z","2026-06-15T12:00:00-03:00","America/Sao_Paulo",-23.6473149,-46.6643635,,,,"AirGradient","AirGradient"
6139516,"São Paulo","temperature",19.3,"c","2026-06-15T16:00:00Z","2026-06-15T13:00:00-03:00","America/Sao_Paulo",-23.6473149,-46.6643635,,,,"AirGradient","AirGradient"
6139516,"São Paulo","temperature",18.7,"c","2026-06-15T17:00:00Z","2026-06-15T14:00:00-03:00","America/Sao_Paulo",-23.6473149,-46.6643635,,,,"AirGradient","AirGradient"
6139516,"São Paulo","temperature",18.5,"c","2026-06-15T18:00:00Z","2026-06-15T15:00:00-03:00","America/Sao_Paulo",-23.6473149,-46.6643635,,,,"AirGradient","AirGradient"
6139516,"São Paulo","temperature",18.3,"c","2026-06-15T19:00:00Z","2026-06-15T16:00:00-03:00","America/Sao_Paulo",-23.6473149,-46.6643635,,,,"AirGradient","AirGradient"
6139516,"São Paulo","temperature",18.2,"c","2026-06-15T20:00:00Z","2026-06-15T17:00:00-03:00","America/Sao_Paulo",-23.6473149,-46.6643635,,,,"AirGradient","AirGradient"
6139516,"São Paulo","temperature",18.2,"c","2026-06-15T21:00:00Z","2026-06-15T18:00:00-03:00","America/Sao_Paulo",-23.6473149,-46.6643635,,,,"AirGradient","AirGradient"
6139516,"São Paulo","temperature",18.3,"c","2026-06-15T22:00:00Z","2026-06-15T19:00:00-03:00","America/Sao_Paulo",-23.6473149,-46.6643635,,,,"AirGradient","AirGradient"
6139516,"São Paulo","temperature",18.4,"c","2026-06-15T23:00:00Z","2026-06-15T20:00:00-03:00","America/Sao_Paulo",-23.6473149,-46.6643635,,,,"AirGradient","AirGradient"
6139516,"São Paulo","temperature",18.3,"c","2026-06-16T00:00:00Z","2026-06-15T21:00:00-03:00","America/Sao_Paulo",-23.6473149,-46.6643635,,,,"AirGradient","AirGradient"
6139516,"São Paulo","temperature",18.2,"c","2026-06-16T01:00:00Z","2026-06-15T22:00:00-03:00","America/Sao_Paulo",-23.6473149,-46.6643635,,,,"AirGradient","AirGradient"
6139516,"São Paulo","temperature",18.1,"c","2026-06-16T02:00:00Z","2026-06-15T23:00:00-03:00","America/Sao_Paulo",-23.6473149,-46.6643635,,,,"AirGradient","AirGradient"
6139516,"São Paulo","temperature",18.1,"c","2026-06-16T03:00:00Z","2026-06-16T00:00:00-03:00","America/Sao_Paulo",-23.6473149,-46.6643635,,,,"AirGradient","AirGradient"
6139516,"São Paulo","temperature",17.9,"c","2026-06-16T04:00:00Z","2026-06-16T01:00:00-03:00","America/Sao_Paulo",-23.6473149,-46.6643635,,,,"AirGradient","AirGradient"
6139516,"São Paulo","temperature",17.9,"c","2026-06-16T05:00:00Z","2026-06-16T02:00:00-03:00","America/Sao_Paulo",-23.6473149,-46.6643635,,,,"AirGradient","AirGradient"
6139516,"São Paulo","temperature",18.4,"c","2026-06-16T06:00:00Z","2026-06-16T03:00:00-03:00","America/Sao_Paulo",-23.6473149,-46.6643635,,,,"AirGradient","AirGradient"
6139516,"São Paulo","temperature",18.3,"c","2026-06-16T07:00:00Z","2026-06-16T04:00:00-03:00","America/Sao_Paulo",-23.6473149,-46.6643635,,,,"AirGradient","AirGradient"
6139516,"São Paulo","temperature",18.2,"c","2026-06-16T08:00:00Z","2026-06-16T05:00:00-03:00","America/Sao_Paulo",-23.6473149,-46.6643635,,,,"AirGradient","AirGradient"
6139516,"São Paulo","temperature",18.6,"c","2026-06-16T09:00:00Z","2026-06-16T06:00:00-03:00","America/Sao_Paulo",-23.6473149,-46.6643635,,,,"AirGradient","AirGradient"
6139516,"São Paulo","temperature",18.5,"c","2026-06-16T10:00:00Z","2026-06-16T07:00:00-03:00","America/Sao_Paulo",-23.6473149,-46.6643635,,,,"AirGradient","AirGradient"
6139516,"São Paulo","temperature",18.4,"c","2026-06-16T11:00:00Z","2026-06-16T08:00:00-03:00","America/Sao_Paulo",-23.6473149,-46.6643635,,,,"AirGradient","AirGradient"
6139516,"São Paulo","temperature",18.6,"c","2026-06-16T12:00:00Z","2026-06-16T09:00:00-03:00","America/Sao_Paulo",-23.6473149,-46.6643635,,,,"AirGradient","AirGradient"
6139516,"São Paulo","temperature",18.9,"c","2026-06-16T13:00:00Z","2026-06-16T10:00:00-03:00","America/Sao_Paulo",-23.6473149,-46.6643635,,,,"AirGradient","AirGradient"
6139516,"São Paulo","temperature",19.2,"c","2026-06-16T14:00:00Z","2026-06-16T11:00:00-03:00","America/Sao_Paulo",-23.6473149,-46.6643635,,,,"AirGradient","AirGradient"
6139516,"São Paulo","temperature",19.8,"c","2026-06-16T15:00:00Z","2026-06-16T12:00:00-03:00","America/Sao_Paulo",-23.6473149,-46.6643635,,,,"AirGradient","AirGradient"
6139516,"São Paulo","temperature",20.7,"c","2026-06-16T16:00:00Z","2026-06-16T13:00:00-03:00","America/Sao_Paulo",-23.6473149,-46.6643635,,,,"AirGradient","AirGradient"
6139516,"São Paulo","temperature",20.9,"c","2026-06-16T17:00:00Z","2026-06-16T14:00:00-03:00","America/Sao_Paulo",-23.6473149,-46.6643635,,,,"AirGradient","AirGradient"
6139516,"São Paulo","temperature",20.8,"c","2026-06-16T18:00:00Z","2026-06-16T15:00:00-03:00","America/Sao_Paulo",-23.6473149,-46.6643635,,,,"AirGradient","AirGradient"
6139516,"São Paulo","temperature",20.3,"c","2026-06-16T19:00:00Z","2026-06-16T16:00:00-03:00","America/Sao_Paulo",-23.6473149,-46.6643635,,,,"AirGradient","AirGradient"
6139516,"São Paulo","temperature",19.8,"c","2026-06-16T20:00:00Z","2026-06-16T17:00:00-03:00","America/Sao_Paulo",-23.6473149,-46.6643635,,,,"AirGradient","AirGradient"
6139516,"São Paulo","temperature",19,"c","2026-06-16T21:00:00Z","2026-06-16T18:00:00-03:00","America/Sao_Paulo",-23.6473149,-46.6643635,,,,"AirGradient","AirGradient"
6139516,"São Paulo","temperature",18.2,"c","2026-06-16T22:00:00Z","2026-06-16T19:00:00-03:00","America/Sao_Paulo",-23.6473149,-46.6643635,,,,"AirGradient","AirGradient"
6139516,"São Paulo","temperature",18.1,"c","2026-06-16T23:00:00Z","2026-06-16T20:00:00-03:00","America/Sao_Paulo",-23.6473149,-46.6643635,,,,"AirGradient","AirGradient"
6139516,"São Paulo","temperature",18.8,"c","2026-06-17T00:00:00Z","2026-06-16T21:00:00-03:00","America/Sao_Paulo",-23.6473149,-46.6643635,,,,"AirGradient","AirGradient"
6139516,"São Paulo","temperature",19.3,"c","2026-06-17T01:00:00Z","2026-06-16T22:00:00-03:00","America/Sao_Paulo",-23.6473149,-46.6643635,,,,"AirGradient","AirGradient"
6139516,"São Paulo","temperature",18.9,"c","2026-06-17T02:00:00Z","2026-06-16T23:00:00-03:00","America/Sao_Paulo",-23.6473149,-46.6643635,,,,"AirGradient","AirGradient"
6139516,"São Paulo","temperature",18.8,"c","2026-06-17T03:00:00Z","2026-06-17T00:00:00-03:00","America/Sao_Paulo",-23.6473149,-46.6643635,,,,"AirGradient","AirGradient"
6139516,"São Paulo","temperature",18.8,"c","2026-06-17T04:00:00Z","2026-06-17T01:00:00-03:00","America/Sao_Paulo",-23.6473149,-46.6643635,,,,"AirGradient","AirGradient"
6139516,"São Paulo","temperature",18.6,"c","2026-06-17T05:00:00Z","2026-06-17T02:00:00-03:00","America/Sao_Paulo",-23.6473149,-46.6643635,,,,"AirGradient","AirGradient"
6139516,"São Paulo","temperature",18.7,"c","2026-06-17T06:00:00Z","2026-06-17T03:00:00-03:00","America/Sao_Paulo",-23.6473149,-46.6643635,,,,"AirGradient","AirGradient"
6139516,"São Paulo","temperature",18.7,"c","2026-06-17T07:00:00Z","2026-06-17T04:00:00-03:00","America/Sao_Paulo",-23.6473149,-46.6643635,,,,"AirGradient","AirGradient"
6139516,"São Paulo","temperature",18.5,"c","2026-06-17T08:00:00Z","2026-06-17T05:00:00-03:00","America/Sao_Paulo",-23.6473149,-46.6643635,,,,"AirGradient","AirGradient"
6139516,"São Paulo","temperature",17.8,"c","2026-06-17T09:00:00Z","2026-06-17T06:00:00-03:00","America/Sao_Paulo",-23.6473149,-46.6643635,,,,"AirGradient","AirGradient"
6139516,"São Paulo","temperature",18.1,"c","2026-06-17T10:00:00Z","2026-06-17T07:00:00-03:00","America/Sao_Paulo",-23.6473149,-46.6643635,,,,"AirGradient","AirGradient"
6139516,"São Paulo","temperature",18.4,"c","2026-06-17T11:00:00Z","2026-06-17T08:00:00-03:00","America/Sao_Paulo",-23.6473149,-46.6643635,,,,"AirGradient","AirGradient"
6139516,"São Paulo","temperature",22.8,"c","2026-06-17T12:00:00Z","2026-06-17T09:00:00-03:00","America/Sao_Paulo",-23.6473149,-46.6643635,,,,"AirGradient","AirGradient"
6139516,"São Paulo","temperature",24.2,"c","2026-06-17T13:00:00Z","2026-06-17T10:00:00-03:00","America/Sao_Paulo",-23.6473149,-46.6643635,,,,"AirGradient","AirGradient"
6139516,"São Paulo","temperature",23.1,"c","2026-06-17T14:00:00Z","2026-06-17T11:00:00-03:00","America/Sao_Paulo",-23.6473149,-46.6643635,,,,"AirGradient","AirGradient"
6139516,"São Paulo","temperature",24.4,"c","2026-06-17T15:00:00Z","2026-06-17T12:00:00-03:00","America/Sao_Paulo",-23.6473149,-46.6643635,,,,"AirGradient","AirGradient"
6139516,"São Paulo","temperature",24.2,"c","2026-06-17T16:00:00Z","2026-06-17T13:00:00-03:00","America/Sao_Paulo",-23.6473149,-46.6643635,,,,"AirGradient","AirGradient"
6139516,"São Paulo","temperature",23.7,"c","2026-06-17T17:00:00Z","2026-06-17T14:00:00-03:00","America/Sao_Paulo",-23.6473149,-46.6643635,,,,"AirGradient","AirGradient"
6139516,"São Paulo","temperature",23.4,"c","2026-06-17T18:00:00Z","2026-06-17T15:00:00-03:00","America/Sao_Paulo",-23.6473149,-46.6643635,,,,"AirGradient","AirGradient"
6139516,"São Paulo","temperature",23.9,"c","2026-06-17T19:00:00Z","2026-06-17T16:00:00-03:00","America/Sao_Paulo",-23.6473149,-46.6643635,,,,"AirGradient","AirGradient"
6139516,"São Paulo","temperature",23.3,"c","2026-06-17T20:00:00Z","2026-06-17T17:00:00-03:00","America/Sao_Paulo",-23.6473149,-46.6643635,,,,"AirGradient","AirGradient"
6139516,"São Paulo","temperature",20.4,"c","2026-06-17T21:00:00Z","2026-06-17T18:00:00-03:00","America/Sao_Paulo",-23.6473149,-46.6643635,,,,"AirGradient","AirGradient"
6139516,"São Paulo","temperature",19.3,"c","2026-06-17T22:00:00Z","2026-06-17T19:00:00-03:00","America/Sao_Paulo",-23.6473149,-46.6643635,,,,"AirGradient","AirGradient"
6139516,"São Paulo","temperature",18.5,"c","2026-06-17T23:00:00Z","2026-06-17T20:00:00-03:00","America/Sao_Paulo",-23.6473149,-46.6643635,,,,"AirGradient","AirGradient"
6139516,"São Paulo","temperature",17.9,"c","2026-06-18T00:00:00Z","2026-06-17T21:00:00-03:00","America/Sao_Paulo",-23.6473149,-46.6643635,,,,"AirGradient","AirGradient"
6139516,"São Paulo","temperature",17.9,"c","2026-06-18T01:00:00Z","2026-06-17T22:00:00-03:00","America/Sao_Paulo",-23.6473149,-46.6643635,,,,"AirGradient","AirGradient"
6139516,"São Paulo","temperature",17.4,"c","2026-06-18T02:00:00Z","2026-06-17T23:00:00-03:00","America/Sao_Paulo",-23.6473149,-46.6643635,,,,"AirGradient","AirGradient"
6139516,"São Paulo","temperature",17.1,"c","2026-06-18T03:00:00Z","2026-06-18T00:00:00-03:00","America/Sao_Paulo",-23.6473149,-46.6643635,,,,"AirGradient","AirGradient"
6139516,"São Paulo","temperature",17,"c","2026-06-18T04:00:00Z","2026-06-18T01:00:00-03:00","America/Sao_Paulo",-23.6473149,-46.6643635,,,,"AirGradient","AirGradient"
6139516,"São Paulo","temperature",16.5,"c","2026-06-18T05:00:00Z","2026-06-18T02:00:00-03:00","America/Sao_Paulo",-23.6473149,-46.6643635,,,,"AirGradient","AirGradient"
6139516,"São Paulo","temperature",16.2,"c","2026-06-18T06:00:00Z","2026-06-18T03:00:00-03:00","America/Sao_Paulo",-23.6473149,-46.6643635,,,,"AirGradient","AirGradient"
6139516,"São Paulo","temperature",16.2,"c","2026-06-18T07:00:00Z","2026-06-18T04:00:00-03:00","America/Sao_Paulo",-23.6473149,-46.6643635,,,,"AirGradient","AirGradient"
6139516,"São Paulo","temperature",15.9,"c","2026-06-18T08:00:00Z","2026-06-18T05:00:00-03:00","America/Sao_Paulo",-23.6473149,-46.6643635,,,,"AirGradient","AirGradient"
6139516,"São Paulo","temperature",15.8,"c","2026-06-18T09:00:00Z","2026-06-18T06:00:00-03:00","America/Sao_Paulo",-23.6473149,-46.6643635,,,,"AirGradient","AirGradient"
6139516,"São Paulo","temperature",15.6,"c","2026-06-18T10:00:00Z","2026-06-18T07:00:00-03:00","America/Sao_Paulo",-23.6473149,-46.6643635,,,,"AirGradient","AirGradient"
6139516,"São Paulo","temperature",16.6,"c","2026-06-18T11:00:00Z","2026-06-18T08:00:00-03:00","America/Sao_Paulo",-23.6473149,-46.6643635,,,,"AirGradient","AirGradient"
6139516,"São Paulo","temperature",18.7,"c","2026-06-18T12:00:00Z","2026-06-18T09:00:00-03:00","America/Sao_Paulo",-23.6473149,-46.6643635,,,,"AirGradient","AirGradient"
6139516,"São Paulo","temperature",19.1,"c","2026-06-18T13:00:00Z","2026-06-18T10:00:00-03:00","America/Sao_Paulo",-23.6473149,-46.6643635,,,,"AirGradient","AirGradient"
6139516,"São Paulo","temperature",19.5,"c","2026-06-18T14:00:00Z","2026-06-18T11:00:00-03:00","America/Sao_Paulo",-23.6473149,-46.6643635,,,,"AirGradient","AirGradient"
6139516,"São Paulo","temperature",19.5,"c","2026-06-18T15:00:00Z","2026-06-18T12:00:00-03:00","America/Sao_Paulo",-23.6473149,-46.6643635,,,,"AirGradient","AirGradient"
6139516,"São Paulo","temperature",20,"c","2026-06-18T16:00:00Z","2026-06-18T13:00:00-03:00","America/Sao_Paulo",-23.6473149,-46.6643635,,,,"AirGradient","AirGradient"
6139516,"São Paulo","temperature",20,"c","2026-06-18T17:00:00Z","2026-06-18T14:00:00-03:00","America/Sao_Paulo",-23.6473149,-46.6643635,,,,"AirGradient","AirGradient"
6139516,"São Paulo","temperature",20,"c","2026-06-18T18:00:00Z","2026-06-18T15:00:00-03:00","America/Sao_Paulo",-23.6473149,-46.6643635,,,,"AirGradient","AirGradient"
6139516,"São Paulo","temperature",20,"c","2026-06-18T19:00:00Z","2026-06-18T16:00:00-03:00","America/Sao_Paulo",-23.6473149,-46.6643635,,,,"AirGradient","AirGradient"
6139516,"São Paulo","temperature",19.4,"c","2026-06-18T20:00:00Z","2026-06-18T17:00:00-03:00","America/Sao_Paulo",-23.6473149,-46.6643635,,,,"AirGradient","AirGradient"
6139516,"São Paulo","temperature",17.7,"c","2026-06-18T21:00:00Z","2026-06-18T18:00:00-03:00","America/Sao_Paulo",-23.6473149,-46.6643635,,,,"AirGradient","AirGradient"
6139516,"São Paulo","temperature",17,"c","2026-06-18T22:00:00Z","2026-06-18T19:00:00-03:00","America/Sao_Paulo",-23.6473149,-46.6643635,,,,"AirGradient","AirGradient"
6139516,"São Paulo","temperature",16.4,"c","2026-06-18T23:00:00Z","2026-06-18T20:00:00-03:00","America/Sao_Paulo",-23.6473149,-46.6643635,,,,"AirGradient","AirGradient"
6139516,"São Paulo","temperature",16.4,"c","2026-06-19T00:00:00Z","2026-06-18T21:00:00-03:00","America/Sao_Paulo",-23.6473149,-46.6643635,,,,"AirGradient","AirGradient"
6139516,"São Paulo","temperature",16.9,"c","2026-06-19T01:00:00Z","2026-06-18T22:00:00-03:00","America/Sao_Paulo",-23.6473149,-46.6643635,,,,"AirGradient","AirGradient"
6139516,"São Paulo","temperature",16.9,"c","2026-06-19T02:00:00Z","2026-06-18T23:00:00-03:00","America/Sao_Paulo",-23.6473149,-46.6643635,,,,"AirGradient","AirGradient"
6139516,"São Paulo","temperature",16.6,"c","2026-06-19T03:00:00Z","2026-06-19T00:00:00-03:00","America/Sao_Paulo",-23.6473149,-46.6643635,,,,"AirGradient","AirGradient"
6139516,"São Paulo","temperature",16.3,"c","2026-06-19T04:00:00Z","2026-06-19T01:00:00-03:00","America/Sao_Paulo",-23.6473149,-46.6643635,,,,"AirGradient","AirGradient"
6139516,"São Paulo","temperature",16.6,"c","2026-06-19T05:00:00Z","2026-06-19T02:00:00-03:00","America/Sao_Paulo",-23.6473149,-46.6643635,,,,"AirGradient","AirGradient"
6139516,"São Paulo","temperature",16.4,"c","2026-06-19T06:00:00Z","2026-06-19T03:00:00-03:00","America/Sao_Paulo",-23.6473149,-46.6643635,,,,"AirGradient","AirGradient"
6139516,"São Paulo","temperature",15.9,"c","2026-06-19T07:00:00Z","2026-06-19T04:00:00-03:00","America/Sao_Paulo",-23.6473149,-46.6643635,,,,"AirGradient","AirGradient"
6139516,"São Paulo","temperature",15.9,"c","2026-06-19T08:00:00Z","2026-06-19T05:00:00-03:00","America/Sao_Paulo",-23.6473149,-46.6643635,,,,"AirGradient","AirGradient"
6139516,"São Paulo","temperature",16,"c","2026-06-19T09:00:00Z","2026-06-19T06:00:00-03:00","America/Sao_Paulo",-23.6473149,-46.6643635,,,,"AirGradient","AirGradient"
6139516,"São Paulo","temperature",16,"c","2026-06-19T10:00:00Z","2026-06-19T07:00:00-03:00","America/Sao_Paulo",-23.6473149,-46.6643635,,,,"AirGradient","AirGradient"
6139516,"São Paulo","temperature",16.5,"c","2026-06-19T11:00:00Z","2026-06-19T08:00:00-03:00","America/Sao_Paulo",-23.6473149,-46.6643635,,,,"AirGradient","AirGradient"
6139516,"São Paulo","temperature",20.5,"c","2026-06-19T12:00:00Z","2026-06-19T09:00:00-03:00","America/Sao_Paulo",-23.6473149,-46.6643635,,,,"AirGradient","AirGradient"
6139516,"São Paulo","temperature",22.8,"c","2026-06-19T13:00:00Z","2026-06-19T10:00:00-03:00","America/Sao_Paulo",-23.6473149,-46.6643635,,,,"AirGradient","AirGradient"
6139516,"São Paulo","temperature",23.4,"c","2026-06-19T14:00:00Z","2026-06-19T11:00:00-03:00","America/Sao_Paulo",-23.6473149,-46.6643635,,,,"AirGradient","AirGradient"
6139516,"São Paulo","temperature",23.5,"c","2026-06-19T15:00:00Z","2026-06-19T12:00:00-03:00","America/Sao_Paulo",-23.6473149,-46.6643635,,,,"AirGradient","AirGradient"
6139516,"São Paulo","temperature",23.8,"c","2026-06-19T16:00:00Z","2026-06-19T13:00:00-03:00","America/Sao_Paulo",-23.6473149,-46.6643635,,,,"AirGradient","AirGradient"
6139516,"São Paulo","temperature",24.1,"c","2026-06-19T17:00:00Z","2026-06-19T14:00:00-03:00","America/Sao_Paulo",-23.6473149,-46.6643635,,,,"AirGradient","AirGradient"
6139516,"São Paulo","temperature",24.3,"c","2026-06-19T18:00:00Z","2026-06-19T15:00:00-03:00","America/Sao_Paulo",-23.6473149,-46.6643635,,,,"AirGradient","AirGradient"
6139516,"São Paulo","temperature",24.7,"c","2026-06-19T19:00:00Z","2026-06-19T16:00:00-03:00","America/Sao_Paulo",-23.6473149,-46.6643635,,,,"AirGradient","AirGradient"
6139516,"São Paulo","temperature",24.3,"c","2026-06-19T20:00:00Z","2026-06-19T17:00:00-03:00","America/Sao_Paulo",-23.6473149,-46.6643635,,,,"AirGradient","AirGradient"
6139516,"São Paulo","temperature",23.6,"c","2026-06-19T21:00:00Z","2026-06-19T18:00:00-03:00","America/Sao_Paulo",-23.6473149,-46.6643635,,,,"AirGradient","AirGradient"
6139516,"São Paulo","temperature",23.2,"c","2026-06-19T22:00:00Z","2026-06-19T19:00:00-03:00","America/Sao_Paulo",-23.6473149,-46.6643635,,,,"AirGradient","AirGradient"
6139516,"São Paulo","temperature",22.9,"c","2026-06-19T23:00:00Z","2026-06-19T20:00:00-03:00","America/Sao_Paulo",-23.6473149,-46.6643635,,,,"AirGradient","AirGradient"
6139516,"São Paulo","temperature",22.6,"c","2026-06-20T00:00:00Z","2026-06-19T21:00:00-03:00","America/Sao_Paulo",-23.6473149,-46.6643635,,,,"AirGradient","AirGradient"
6139516,"São Paulo","temperature",22.2,"c","2026-06-20T01:00:00Z","2026-06-19T22:00:00-03:00","America/Sao_Paulo",-23.6473149,-46.6643635,,,,"AirGradient","AirGradient"
6139516,"São Paulo","temperature",21.7,"c","2026-06-20T02:00:00Z","2026-06-19T23:00:00-03:00","America/Sao_Paulo",-23.6473149,-46.6643635,,,,"AirGradient","AirGradient"
6139516,"São Paulo","temperature",21.4,"c","2026-06-20T03:00:00Z","2026-06-20T00:00:00-03:00","America/Sao_Paulo",-23.6473149,-46.6643635,,,,"AirGradient","AirGradient"
6139516,"São Paulo","temperature",21.5,"c","2026-06-20T04:00:00Z","2026-06-20T01:00:00-03:00","America/Sao_Paulo",-23.6473149,-46.6643635,,,,"AirGradient","AirGradient"
6139516,"São Paulo","temperature",21.1,"c","2026-06-20T05:00:00Z","2026-06-20T02:00:00-03:00","America/Sao_Paulo",-23.6473149,-46.6643635,,,,"AirGradient","AirGradient"
6139516,"São Paulo","temperature",20.4,"c","2026-06-20T06:00:00Z","2026-06-20T03:00:00-03:00","America/Sao_Paulo",-23.6473149,-46.6643635,,,,"AirGradient","AirGradient"
6139516,"São Paulo","temperature",20.1,"c","2026-06-20T07:00:00Z","2026-06-20T04:00:00-03:00","America/Sao_Paulo",-23.6473149,-46.6643635,,,,"AirGradient","AirGradient"
6139516,"São Paulo","temperature",19.8,"c","2026-06-20T08:00:00Z","2026-06-20T05:00:00-03:00","America/Sao_Paulo",-23.6473149,-46.6643635,,,,"AirGradient","AirGradient"
6139516,"São Paulo","temperature",19.4,"c","2026-06-20T09:00:00Z","2026-06-20T06:00:00-03:00","America/Sao_Paulo",-23.6473149,-46.6643635,,,,"AirGradient","AirGradient"
6139516,"São Paulo","temperature",19.3,"c","2026-06-20T10:00:00Z","2026-06-20T07:00:00-03:00","America/Sao_Paulo",-23.6473149,-46.6643635,,,,"AirGradient","AirGradient"
6139516,"São Paulo","temperature",19.5,"c","2026-06-20T11:00:00Z","2026-06-20T08:00:00-03:00","America/Sao_Paulo",-23.6473149,-46.6643635,,,,"AirGradient","AirGradient"
6139516,"São Paulo","temperature",22.4,"c","2026-06-20T12:00:00Z","2026-06-20T09:00:00-03:00","America/Sao_Paulo",-23.6473149,-46.6643635,,,,"AirGradient","AirGradient"
6139516,"São Paulo","temperature",25.6,"c","2026-06-20T13:00:00Z","2026-06-20T10:00:00-03:00","America/Sao_Paulo",-23.6473149,-46.6643635,,,,"AirGradient","AirGradient"
6139516,"São Paulo","temperature",25.1,"c","2026-06-20T14:00:00Z","2026-06-20T11:00:00-03:00","America/Sao_Paulo",-23.6473149,-46.6643635,,,,"AirGradient","AirGradient"
6139516,"São Paulo","temperature",24.1,"c","2026-06-20T15:00:00Z","2026-06-20T12:00:00-03:00","America/Sao_Paulo",-23.6473149,-46.6643635,,,,"AirGradient","AirGradient"
6139516,"São Paulo","temperature",23.2,"c","2026-06-20T16:00:00Z","2026-06-20T13:00:00-03:00","America/Sao_Paulo",-23.6473149,-46.6643635,,,,"AirGradient","AirGradient"
6139516,"São Paulo","temperature",23.6,"c","2026-06-20T17:00:00Z","2026-06-20T14:00:00-03:00","America/Sao_Paulo",-23.6473149,-46.6643635,,,,"AirGradient","AirGradient"
6139516,"São Paulo","temperature",23.9,"c","2026-06-20T18:00:00Z","2026-06-20T15:00:00-03:00","America/Sao_Paulo",-23.6473149,-46.6643635,,,,"AirGradient","AirGradient"
6139516,"São Paulo","temperature",23.7,"c","2026-06-20T19:00:00Z","2026-06-20T16:00:00-03:00","America/Sao_Paulo",-23.6473149,-46.6643635,,,,"AirGradient","AirGradient"
6139516,"São Paulo","temperature",23.3,"c","2026-06-20T20:00:00Z","2026-06-20T17:00:00-03:00","America/Sao_Paulo",-23.6473149,-46.6643635,,,,"AirGradient","AirGradient"
6139516,"São Paulo","temperature",23,"c","2026-06-20T21:00:00Z","2026-06-20T18:00:00-03:00","America/Sao_Paulo",-23.6473149,-46.6643635,,,,"AirGradient","AirGradient"
6139516,"São Paulo","temperature",22.9,"c","2026-06-20T22:00:00Z","2026-06-20T19:00:00-03:00","America/Sao_Paulo",-23.6473149,-46.6643635,,,,"AirGradient","AirGradient"
6139516,"São Paulo","temperature",22.3,"c","2026-06-20T23:00:00Z","2026-06-20T20:00:00-03:00","America/Sao_Paulo",-23.6473149,-46.6643635,,,,"AirGradient","AirGradient"
6139516,"São Paulo","temperature",20.5,"c","2026-06-21T00:00:00Z","2026-06-20T21:00:00-03:00","America/Sao_Paulo",-23.6473149,-46.6643635,,,,"AirGradient","AirGradient"
6139516,"São Paulo","temperature",19.1,"c","2026-06-21T01:00:00Z","2026-06-20T22:00:00-03:00","America/Sao_Paulo",-23.6473149,-46.6643635,,,,"AirGradient","AirGradient"
6139516,"São Paulo","temperature",19.1,"c","2026-06-21T02:00:00Z","2026-06-20T23:00:00-03:00","America/Sao_Paulo",-23.6473149,-46.6643635,,,,"AirGradient","AirGradient"
6139516,"São Paulo","temperature",19.2,"c","2026-06-21T03:00:00Z","2026-06-21T00:00:00-03:00","America/Sao_Paulo",-23.6473149,-46.6643635,,,,"AirGradient","AirGradient"
6139516,"São Paulo","temperature",19.1,"c","2026-06-21T04:00:00Z","2026-06-21T01:00:00-03:00","America/Sao_Paulo",-23.6473149,-46.6643635,,,,"AirGradient","AirGradient"
6139516,"São Paulo","temperature",18.9,"c","2026-06-21T05:00:00Z","2026-06-21T02:00:00-03:00","America/Sao_Paulo",-23.6473149,-46.6643635,,,,"AirGradient","AirGradient"
6139516,"São Paulo","temperature",18.6,"c","2026-06-21T06:00:00Z","2026-06-21T03:00:00-03:00","America/Sao_Paulo",-23.6473149,-46.6643635,,,,"AirGradient","AirGradient"
6139516,"São Paulo","temperature",18.3,"c","2026-06-21T07:00:00Z","2026-06-21T04:00:00-03:00","America/Sao_Paulo",-23.6473149,-46.6643635,,,,"AirGradient","AirGradient"
6139516,"São Paulo","temperature",18,"c","2026-06-21T08:00:00Z","2026-06-21T05:00:00-03:00","America/Sao_Paulo",-23.6473149,-46.6643635,,,,"AirGradient","AirGradient"
6139516,"São Paulo","temperature",18.4,"c","2026-06-21T09:00:00Z","2026-06-21T06:00:00-03:00","America/Sao_Paulo",-23.6473149,-46.6643635,,,,"AirGradient","AirGradient"
6139516,"São Paulo","temperature",17.6,"c","2026-06-21T10:00:00Z","2026-06-21T07:00:00-03:00","America/Sao_Paulo",-23.6473149,-46.6643635,,,,"AirGradient","AirGradient"
6139516,"São Paulo","temperature",18.1,"c","2026-06-21T11:00:00Z","2026-06-21T08:00:00-03:00","America/Sao_Paulo",-23.6473149,-46.6643635,,,,"AirGradient","AirGradient"
6139516,"São Paulo","temperature",19.6,"c","2026-06-21T12:00:00Z","2026-06-21T09:00:00-03:00","America/Sao_Paulo",-23.6473149,-46.6643635,,,,"AirGradient","AirGradient"
6139516,"São Paulo","temperature",21.9,"c","2026-06-21T13:00:00Z","2026-06-21T10:00:00-03:00","America/Sao_Paulo",-23.6473149,-46.6643635,,,,"AirGradient","AirGradient"
6139516,"São Paulo","temperature",23.3,"c","2026-06-21T14:00:00Z","2026-06-21T11:00:00-03:00","America/Sao_Paulo",-23.6473149,-46.6643635,,,,"AirGradient","AirGradient"
6139516,"São Paulo","temperature",23.7,"c","2026-06-21T15:00:00Z","2026-06-21T12:00:00-03:00","America/Sao_Paulo",-23.6473149,-46.6643635,,,,"AirGradient","AirGradient"
6139516,"São Paulo","temperature",24.1,"c","2026-06-21T16:00:00Z","2026-06-21T13:00:00-03:00","America/Sao_Paulo",-23.6473149,-46.6643635,,,,"AirGradient","AirGradient"
6139516,"São Paulo","temperature",23.9,"c","2026-06-21T17:00:00Z","2026-06-21T14:00:00-03:00","America/Sao_Paulo",-23.6473149,-46.6643635,,,,"AirGradient","AirGradient"
6139516,"São Paulo","temperature",23.7,"c","2026-06-21T18:00:00Z","2026-06-21T15:00:00-03:00","America/Sao_Paulo",-23.6473149,-46.6643635,,,,"AirGradient","AirGradient"
6139516,"São Paulo","temperature",24.3,"c","2026-06-21T19:00:00Z","2026-06-21T16:00:00-03:00","America/Sao_Paulo",-23.6473149,-46.6643635,,,,"AirGradient","AirGradient"
6139516,"São Paulo","temperature",23.4,"c","2026-06-21T20:00:00Z","2026-06-21T17:00:00-03:00","America/Sao_Paulo",-23.6473149,-46.6643635,,,,"AirGradient","AirGradient"
6139516,"São Paulo","temperature",21,"c","2026-06-21T21:00:00Z","2026-06-21T18:00:00-03:00","America/Sao_Paulo",-23.6473149,-46.6643635,,,,"AirGradient","AirGradient"
6139516,"São Paulo","temperature",20.2,"c","2026-06-21T22:00:00Z","2026-06-21T19:00:00-03:00","America/Sao_Paulo",-23.6473149,-46.6643635,,,,"AirGradient","AirGradient"
6139516,"São Paulo","temperature",20.6,"c","2026-06-21T23:00:00Z","2026-06-21T20:00:00-03:00","America/Sao_Paulo",-23.6473149,-46.6643635,,,,"AirGradient","AirGradient"
6139516,"São Paulo","temperature",20,"c","2026-06-22T00:00:00Z","2026-06-21T21:00:00-03:00","America/Sao_Paulo",-23.6473149,-46.6643635,,,,"AirGradient","AirGradient"
6139516,"São Paulo","temperature",19.2,"c","2026-06-22T01:00:00Z","2026-06-21T22:00:00-03:00","America/Sao_Paulo",-23.6473149,-46.6643635,,,,"AirGradient","AirGradient"
6139516,"São Paulo","temperature",19.6,"c","2026-06-22T02:00:00Z","2026-06-21T23:00:00-03:00","America/Sao_Paulo",-23.6473149,-46.6643635,,,,"AirGradient","AirGradient"
6139516,"São Paulo","temperature",19.5,"c","2026-06-22T03:00:00Z","2026-06-22T00:00:00-03:00","America/Sao_Paulo",-23.6473149,-46.6643635,,,,"AirGradient","AirGradient"
6139516,"São Paulo","temperature",19.7,"c","2026-06-22T04:00:00Z","2026-06-22T01:00:00-03:00","America/Sao_Paulo",-23.6473149,-46.6643635,,,,"AirGradient","AirGradient"
6139516,"São Paulo","temperature",19.5,"c","2026-06-22T05:00:00Z","2026-06-22T02:00:00-03:00","America/Sao_Paulo",-23.6473149,-46.6643635,,,,"AirGradient","AirGradient"
6139516,"São Paulo","temperature",18.9,"c","2026-06-22T06:00:00Z","2026-06-22T03:00:00-03:00","America/Sao_Paulo",-23.6473149,-46.6643635,,,,"AirGradient","AirGradient"
6139516,"São Paulo","temperature",18.4,"c","2026-06-22T07:00:00Z","2026-06-22T04:00:00-03:00","America/Sao_Paulo",-23.6473149,-46.6643635,,,,"AirGradient","AirGradient"
6139516,"São Paulo","temperature",17.9,"c","2026-06-22T08:00:00Z","2026-06-22T05:00:00-03:00","America/Sao_Paulo",-23.6473149,-46.6643635,,,,"AirGradient","AirGradient"
6139516,"São Paulo","temperature",17.8,"c","2026-06-22T09:00:00Z","2026-06-22T06:00:00-03:00","America/Sao_Paulo",-23.6473149,-46.6643635,,,,"AirGradient","AirGradient"
6139516,"São Paulo","temperature",17.8,"c","2026-06-22T10:00:00Z","2026-06-22T07:00:00-03:00","America/Sao_Paulo",-23.6473149,-46.6643635,,,,"AirGradient","AirGradient"
6139516,"São Paulo","temperature",18.9,"c","2026-06-22T11:00:00Z","2026-06-22T08:00:00-03:00","America/Sao_Paulo",-23.6473149,-46.6643635,,,,"AirGradient","AirGradient"
6139516,"São Paulo","temperature",23.3,"c","2026-06-22T12:00:00Z","2026-06-22T09:00:00-03:00","America/Sao_Paulo",-23.6473149,-46.6643635,,,,"AirGradient","AirGradient"
6139516,"São Paulo","temperature",25.6,"c","2026-06-22T13:00:00Z","2026-06-22T10:00:00-03:00","America/Sao_Paulo",-23.6473149,-46.6643635,,,,"AirGradient","AirGradient"
6139516,"São Paulo","temperature",26.2,"c","2026-06-22T14:00:00Z","2026-06-22T11:00:00-03:00","America/Sao_Paulo",-23.6473149,-46.6643635,,,,"AirGradient","AirGradient"
6139516,"São Paulo","temperature",26.1,"c","2026-06-22T15:00:00Z","2026-06-22T12:00:00-03:00","America/Sao_Paulo",-23.6473149,-46.6643635,,,,"AirGradient","AirGradient"
6139516,"São Paulo","temperature",25.4,"c","2026-06-22T16:00:00Z","2026-06-22T13:00:00-03:00","America/Sao_Paulo",-23.6473149,-46.6643635,,,,"AirGradient","AirGradient"
6139516,"São Paulo","temperature",25.8,"c","2026-06-22T17:00:00Z","2026-06-22T14:00:00-03:00","America/Sao_Paulo",-23.6473149,-46.6643635,,,,"AirGradient","AirGradient"
6139516,"São Paulo","temperature",25.7,"c","2026-06-22T18:00:00Z","2026-06-22T15:00:00-03:00","America/Sao_Paulo",-23.6473149,-46.6643635,,,,"AirGradient","AirGradient"
6139516,"São Paulo","temperature",26,"c","2026-06-22T19:00:00Z","2026-06-22T16:00:00-03:00","America/Sao_Paulo",-23.6473149,-46.6643635,,,,"AirGradient","AirGradient"
6139516,"São Paulo","temperature",26.4,"c","2026-06-22T20:00:00Z","2026-06-22T17:00:00-03:00","America/Sao_Paulo",-23.6473149,-46.6643635,,,,"AirGradient","AirGradient"
6139516,"São Paulo","temperature",26,"c","2026-06-22T21:00:00Z","2026-06-22T18:00:00-03:00","America/Sao_Paulo",-23.6473149,-46.6643635,,,,"AirGradient","AirGradient"
6139516,"São Paulo","temperature",25.2,"c","2026-06-22T22:00:00Z","2026-06-22T19:00:00-03:00","America/Sao_Paulo",-23.6473149,-46.6643635,,,,"AirGradient","AirGradient"
6139516,"São Paulo","temperature",24.7,"c","2026-06-22T23:00:00Z","2026-06-22T20:00:00-03:00","America/Sao_Paulo",-23.6473149,-46.6643635,,,,"AirGradient","AirGradient"
6139516,"São Paulo","temperature",24.5,"c","2026-06-23T00:00:00Z","2026-06-22T21:00:00-03:00","America/Sao_Paulo",-23.6473149,-46.6643635,,,,"AirGradient","AirGradient"
6139516,"São Paulo","temperature",24.3,"c","2026-06-23T01:00:00Z","2026-06-22T22:00:00-03:00","America/Sao_Paulo",-23.6473149,-46.6643635,,,,"AirGradient","AirGradient"
6139516,"São Paulo","temperature",23.9,"c","2026-06-23T02:00:00Z","2026-06-22T23:00:00-03:00","America/Sao_Paulo",-23.6473149,-46.6643635,,,,"AirGradient","AirGradient"
6139516,"São Paulo","temperature",23.8,"c","2026-06-23T03:00:00Z","2026-06-23T00:00:00-03:00","America/Sao_Paulo",-23.6473149,-46.6643635,,,,"AirGradient","AirGradient"
6139516,"São Paulo","temperature",23.2,"c","2026-06-23T04:00:00Z","2026-06-23T01:00:00-03:00","America/Sao_Paulo",-23.6473149,-46.6643635,,,,"AirGradient","AirGradient"
6139516,"São Paulo","temperature",22.8,"c","2026-06-23T05:00:00Z","2026-06-23T02:00:00-03:00","America/Sao_Paulo",-23.6473149,-46.6643635,,,,"AirGradient","AirGradient"
6139516,"São Paulo","temperature",22.6,"c","2026-06-23T06:00:00Z","2026-06-23T03:00:00-03:00","America/Sao_Paulo",-23.6473149,-46.6643635,,,,"AirGradient","AirGradient"
6139516,"São Paulo","temperature",22.2,"c","2026-06-23T07:00:00Z","2026-06-23T04:00:00-03:00","America/Sao_Paulo",-23.6473149,-46.6643635,,,,"AirGradient","AirGradient"
6139516,"São Paulo","temperature",22.4,"c","2026-06-23T08:00:00Z","2026-06-23T05:00:00-03:00","America/Sao_Paulo",-23.6473149,-46.6643635,,,,"AirGradient","AirGradient"
6139516,"São Paulo","temperature",22.5,"c","2026-06-23T09:00:00Z","2026-06-23T06:00:00-03:00","America/Sao_Paulo",-23.6473149,-46.6643635,,,,"AirGradient","AirGradient"
6139516,"São Paulo","temperature",21.9,"c","2026-06-23T10:00:00Z","2026-06-23T07:00:00-03:00","America/Sao_Paulo",-23.6473149,-46.6643635,,,,"AirGradient","AirGradient"
6139516,"São Paulo","temperature",21.3,"c","2026-06-23T11:00:00Z","2026-06-23T08:00:00-03:00","America/Sao_Paulo",-23.6473149,-46.6643635,,,,"AirGradient","AirGradient"
6139516,"São Paulo","temperature",21.3,"c","2026-06-23T12:00:00Z","2026-06-23T09:00:00-03:00","America/Sao_Paulo",-23.6473149,-46.6643635,,,,"AirGradient","AirGradient"
6139516,"São Paulo","temperature",21.7,"c","2026-06-23T13:00:00Z","2026-06-23T10:00:00-03:00","America/Sao_Paulo",-23.6473149,-46.6643635,,,,"AirGradient","AirGradient"
6139516,"São Paulo","temperature",23,"c","2026-06-23T14:00:00Z","2026-06-23T11:00:00-03:00","America/Sao_Paulo",-23.6473149,-46.6643635,,,,"AirGradient","AirGradient"
6139516,"São Paulo","temperature",23.3,"c","2026-06-23T15:00:00Z","2026-06-23T12:00:00-03:00","America/Sao_Paulo",-23.6473149,-46.6643635,,,,"AirGradient","AirGradient"
6139516,"São Paulo","temperature",22.3,"c","2026-06-23T16:00:00Z","2026-06-23T13:00:00-03:00","America/Sao_Paulo",-23.6473149,-46.6643635,,,,"AirGradient","AirGradient"
6139516,"São Paulo","temperature",22.1,"c","2026-06-23T17:00:00Z","2026-06-23T14:00:00-03:00","America/Sao_Paulo",-23.6473149,-46.6643635,,,,"AirGradient","AirGradient"
6139516,"São Paulo","temperature",20.8,"c","2026-06-23T18:00:00Z","2026-06-23T15:00:00-03:00","America/Sao_Paulo",-23.6473149,-46.6643635,,,,"AirGradient","AirGradient"
6139516,"São Paulo","temperature",19.6,"c","2026-06-23T19:00:00Z","2026-06-23T16:00:00-03:00","America/Sao_Paulo",-23.6473149,-46.6643635,,,,"AirGradient","AirGradient"
6139516,"São Paulo","temperature",18.6,"c","2026-06-23T20:00:00Z","2026-06-23T17:00:00-03:00","America/Sao_Paulo",-23.6473149,-46.6643635,,,,"AirGradient","AirGradient"
6139516,"São Paulo","temperature",18.7,"c","2026-06-23T21:00:00Z","2026-06-23T18:00:00-03:00","America/Sao_Paulo",-23.6473149,-46.6643635,,,,"AirGradient","AirGradient"
6139516,"São Paulo","temperature",18.8,"c","2026-06-23T22:00:00Z","2026-06-23T19:00:00-03:00","America/Sao_Paulo",-23.6473149,-46.6643635,,,,"AirGradient","AirGradient"
6139516,"São Paulo","temperature",19,"c","2026-06-23T23:00:00Z","2026-06-23T20:00:00-03:00","America/Sao_Paulo",-23.6473149,-46.6643635,,,,"AirGradient","AirGradient"
6139516,"São Paulo","temperature",18,"c","2026-06-24T00:00:00Z","2026-06-23T21:00:00-03:00","America/Sao_Paulo",-23.6473149,-46.6643635,,,,"AirGradient","AirGradient"
6139516,"São Paulo","temperature",17.7,"c","2026-06-24T01:00:00Z","2026-06-23T22:00:00-03:00","America/Sao_Paulo",-23.6473149,-46.6643635,,,,"AirGradient","AirGradient"
6139516,"São Paulo","temperature",17.7,"c","2026-06-24T02:00:00Z","2026-06-23T23:00:00-03:00","America/Sao_Paulo",-23.6473149,-46.6643635,,,,"AirGradient","AirGradient"
6139516,"São Paulo","temperature",18,"c","2026-06-24T03:00:00Z","2026-06-24T00:00:00-03:00","America/Sao_Paulo",-23.6473149,-46.6643635,,,,"AirGradient","AirGradient"
6139516,"São Paulo","temperature",17.8,"c","2026-06-24T04:00:00Z","2026-06-24T01:00:00-03:00","America/Sao_Paulo",-23.6473149,-46.6643635,,,,"AirGradient","AirGradient"
6139516,"São Paulo","temperature",17.6,"c","2026-06-24T05:00:00Z","2026-06-24T02:00:00-03:00","America/Sao_Paulo",-23.6473149,-46.6643635,,,,"AirGradient","AirGradient"
6139516,"São Paulo","temperature",17.6,"c","2026-06-24T06:00:00Z","2026-06-24T03:00:00-03:00","America/Sao_Paulo",-23.6473149,-46.6643635,,,,"AirGradient","AirGradient"
6139516,"São Paulo","temperature",17.4,"c","2026-06-24T07:00:00Z","2026-06-24T04:00:00-03:00","America/Sao_Paulo",-23.6473149,-46.6643635,,,,"AirGradient","AirGradient"
6139516,"São Paulo","temperature",17.5,"c","2026-06-24T08:00:00Z","2026-06-24T05:00:00-03:00","America/Sao_Paulo",-23.6473149,-46.6643635,,,,"AirGradient","AirGradient"
6139516,"São Paulo","temperature",17.3,"c","2026-06-24T09:00:00Z","2026-06-24T06:00:00-03:00","America/Sao_Paulo",-23.6473149,-46.6643635,,,,"AirGradient","AirGradient"
6139516,"São Paulo","temperature",17.3,"c","2026-06-24T10:00:00Z","2026-06-24T07:00:00-03:00","America/Sao_Paulo",-23.6473149,-46.6643635,,,,"AirGradient","AirGradient"
6139516,"São Paulo","temperature",17.6,"c","2026-06-24T11:00:00Z","2026-06-24T08:00:00-03:00","America/Sao_Paulo",-23.6473149,-46.6643635,,,,"AirGradient","AirGradient"
6139516,"São Paulo","temperature",17.4,"c","2026-06-24T12:00:00Z","2026-06-24T09:00:00-03:00","America/Sao_Paulo",-23.6473149,-46.6643635,,,,"AirGradient","AirGradient"
6139516,"São Paulo","temperature",16.9,"c","2026-06-24T13:00:00Z","2026-06-24T10:00:00-03:00","America/Sao_Paulo",-23.6473149,-46.6643635,,,,"AirGradient","AirGradient"
6139516,"São Paulo","temperature",17.6,"c","2026-06-24T14:00:00Z","2026-06-24T11:00:00-03:00","America/Sao_Paulo",-23.6473149,-46.6643635,,,,"AirGradient","AirGradient"
6139516,"São Paulo","temperature",17.1,"c","2026-06-24T15:00:00Z","2026-06-24T12:00:00-03:00","America/Sao_Paulo",-23.6473149,-46.6643635,,,,"AirGradient","AirGradient"
6139516,"São Paulo","temperature",17.6,"c","2026-06-24T16:00:00Z","2026-06-24T13:00:00-03:00","America/Sao_Paulo",-23.6473149,-46.6643635,,,,"AirGradient","AirGradient"
6139516,"São Paulo","temperature",17.4,"c","2026-06-24T17:00:00Z","2026-06-24T14:00:00-03:00","America/Sao_Paulo",-23.6473149,-46.6643635,,,,"AirGradient","AirGradient"
6139516,"São Paulo","temperature",17.1,"c","2026-06-24T18:00:00Z","2026-06-24T15:00:00-03:00","America/Sao_Paulo",-23.6473149,-46.6643635,,,,"AirGradient","AirGradient"
6139516,"São Paulo","temperature",17.3,"c","2026-06-24T19:00:00Z","2026-06-24T16:00:00-03:00","America/Sao_Paulo",-23.6473149,-46.6643635,,,,"AirGradient","AirGradient"
6139516,"São Paulo","temperature",17.3,"c","2026-06-24T20:00:00Z","2026-06-24T17:00:00-03:00","America/Sao_Paulo",-23.6473149,-46.6643635,,,,"AirGradient","AirGradient"
6139516,"São Paulo","temperature",17.2,"c","2026-06-24T21:00:00Z","2026-06-24T18:00:00-03:00","America/Sao_Paulo",-23.6473149,-46.6643635,,,,"AirGradient","AirGradient"
6139516,"São Paulo","temperature",16.9,"c","2026-06-24T22:00:00Z","2026-06-24T19:00:00-03:00","America/Sao_Paulo",-23.6473149,-46.6643635,,,,"AirGradient","AirGradient"
6139516,"São Paulo","temperature",17.4,"c","2026-06-24T23:00:00Z","2026-06-24T20:00:00-03:00","America/Sao_Paulo",-23.6473149,-46.6643635,,,,"AirGradient","AirGradient"
6139516,"São Paulo","temperature",16.3,"c","2026-06-25T00:00:00Z","2026-06-24T21:00:00-03:00","America/Sao_Paulo",-23.6473149,-46.6643635,,,,"AirGradient","AirGradient"
6139516,"São Paulo","um003",1739,"particles/cm³","2026-05-24T01:00:00Z","2026-05-23T22:00:00-03:00","America/Sao_Paulo",-23.6473149,-46.6643635,,,,"AirGradient","AirGradient"
6139516,"São Paulo","um003",1891,"particles/cm³","2026-05-24T02:00:00Z","2026-05-23T23:00:00-03:00","America/Sao_Paulo",-23.6473149,-46.6643635,,,,"AirGradient","AirGradient"
6139516,"São Paulo","um003",1523,"particles/cm³","2026-05-24T03:00:00Z","2026-05-24T00:00:00-03:00","America/Sao_Paulo",-23.6473149,-46.6643635,,,,"AirGradient","AirGradient"
6139516,"São Paulo","um003",1808,"particles/cm³","2026-05-24T04:00:00Z","2026-05-24T01:00:00-03:00","America/Sao_Paulo",-23.6473149,-46.6643635,,,,"AirGradient","AirGradient"
6139516,"São Paulo","um003",2210,"particles/cm³","2026-05-24T05:00:00Z","2026-05-24T02:00:00-03:00","America/Sao_Paulo",-23.6473149,-46.6643635,,,,"AirGradient","AirGradient"
6139516,"São Paulo","um003",1949,"particles/cm³","2026-05-24T06:00:00Z","2026-05-24T03:00:00-03:00","America/Sao_Paulo",-23.6473149,-46.6643635,,,,"AirGradient","AirGradient"
6139516,"São Paulo","um003",1602,"particles/cm³","2026-05-24T07:00:00Z","2026-05-24T04:00:00-03:00","America/Sao_Paulo",-23.6473149,-46.6643635,,,,"AirGradient","AirGradient"
6139516,"São Paulo","um003",1294,"particles/cm³","2026-05-24T08:00:00Z","2026-05-24T05:00:00-03:00","America/Sao_Paulo",-23.6473149,-46.6643635,,,,"AirGradient","AirGradient"
6139516,"São Paulo","um003",1516,"particles/cm³","2026-05-24T09:00:00Z","2026-05-24T06:00:00-03:00","America/Sao_Paulo",-23.6473149,-46.6643635,,,,"AirGradient","AirGradient"
6139516,"São Paulo","um003",1400,"particles/cm³","2026-05-24T10:00:00Z","2026-05-24T07:00:00-03:00","America/Sao_Paulo",-23.6473149,-46.6643635,,,,"AirGradient","AirGradient"
6139516,"São Paulo","um003",1313,"particles/cm³","2026-05-24T11:00:00Z","2026-05-24T08:00:00-03:00","America/Sao_Paulo",-23.6473149,-46.6643635,,,,"AirGradient","AirGradient"
6139516,"São Paulo","um003",1378,"particles/cm³","2026-05-24T12:00:00Z","2026-05-24T09:00:00-03:00","America/Sao_Paulo",-23.6473149,-46.6643635,,,,"AirGradient","AirGradient"
6139516,"São Paulo","um003",1637,"particles/cm³","2026-05-24T13:00:00Z","2026-05-24T10:00:00-03:00","America/Sao_Paulo",-23.6473149,-46.6643635,,,,"AirGradient","AirGradient"
6139516,"São Paulo","um003",789,"particles/cm³","2026-05-24T14:00:00Z","2026-05-24T11:00:00-03:00","America/Sao_Paulo",-23.6473149,-46.6643635,,,,"AirGradient","AirGradient"
6139516,"São Paulo","um003",669,"particles/cm³","2026-05-24T15:00:00Z","2026-05-24T12:00:00-03:00","America/Sao_Paulo",-23.6473149,-46.6643635,,,,"AirGradient","AirGradient"
6139516,"São Paulo","um003",601,"particles/cm³","2026-05-24T16:00:00Z","2026-05-24T13:00:00-03:00","America/Sao_Paulo",-23.6473149,-46.6643635,,,,"AirGradient","AirGradient"
6139516,"São Paulo","um003",663,"particles/cm³","2026-05-24T17:00:00Z","2026-05-24T14:00:00-03:00","America/Sao_Paulo",-23.6473149,-46.6643635,,,,"AirGradient","AirGradient"
6139516,"São Paulo","um003",611,"particles/cm³","2026-05-24T18:00:00Z","2026-05-24T15:00:00-03:00","America/Sao_Paulo",-23.6473149,-46.6643635,,,,"AirGradient","AirGradient"
6139516,"São Paulo","um003",870,"particles/cm³","2026-05-24T19:00:00Z","2026-05-24T16:00:00-03:00","America/Sao_Paulo",-23.6473149,-46.6643635,,,,"AirGradient","AirGradient"
6139516,"São Paulo","um003",971,"particles/cm³","2026-05-24T20:00:00Z","2026-05-24T17:00:00-03:00","America/Sao_Paulo",-23.6473149,-46.6643635,,,,"AirGradient","AirGradient"
6139516,"São Paulo","um003",757,"particles/cm³","2026-05-24T21:00:00Z","2026-05-24T18:00:00-03:00","America/Sao_Paulo",-23.6473149,-46.6643635,,,,"AirGradient","AirGradient"
6139516,"São Paulo","um003",739,"particles/cm³","2026-05-24T22:00:00Z","2026-05-24T19:00:00-03:00","America/Sao_Paulo",-23.6473149,-46.6643635,,,,"AirGradient","AirGradient"
6139516,"São Paulo","um003",1252,"particles/cm³","2026-05-24T23:00:00Z","2026-05-24T20:00:00-03:00","America/Sao_Paulo",-23.6473149,-46.6643635,,,,"AirGradient","AirGradient"
6139516,"São Paulo","um003",1200,"particles/cm³","2026-05-25T00:00:00Z","2026-05-24T21:00:00-03:00","America/Sao_Paulo",-23.6473149,-46.6643635,,,,"AirGradient","AirGradient"
6139516,"São Paulo","um003",726,"particles/cm³","2026-05-25T01:00:00Z","2026-05-24T22:00:00-03:00","America/Sao_Paulo",-23.6473149,-46.6643635,,,,"AirGradient","AirGradient"
6139516,"São Paulo","um003",124,"particles/cm³","2026-05-25T02:00:00Z","2026-05-24T23:00:00-03:00","America/Sao_Paulo",-23.6473149,-46.6643635,,,,"AirGradient","AirGradient"
6139516,"São Paulo","um003",47,"particles/cm³","2026-05-25T03:00:00Z","2026-05-25T00:00:00-03:00","America/Sao_Paulo",-23.6473149,-46.6643635,,,,"AirGradient","AirGradient"
6139516,"São Paulo","um003",27,"particles/cm³","2026-05-25T04:00:00Z","2026-05-25T01:00:00-03:00","America/Sao_Paulo",-23.6473149,-46.6643635,,,,"AirGradient","AirGradient"
6139516,"São Paulo","um003",22,"particles/cm³","2026-05-25T05:00:00Z","2026-05-25T02:00:00-03:00","America/Sao_Paulo",-23.6473149,-46.6643635,,,,"AirGradient","AirGradient"
6139516,"São Paulo","um003",37,"particles/cm³","2026-05-25T06:00:00Z","2026-05-25T03:00:00-03:00","America/Sao_Paulo",-23.6473149,-46.6643635,,,,"AirGradient","AirGradient"
6139516,"São Paulo","um003",71,"particles/cm³","2026-05-25T07:00:00Z","2026-05-25T04:00:00-03:00","America/Sao_Paulo",-23.6473149,-46.6643635,,,,"AirGradient","AirGradient"
6139516,"São Paulo","um003",92,"particles/cm³","2026-05-25T08:00:00Z","2026-05-25T05:00:00-03:00","America/Sao_Paulo",-23.6473149,-46.6643635,,,,"AirGradient","AirGradient"
6139516,"São Paulo","um003",301,"particles/cm³","2026-05-25T09:00:00Z","2026-05-25T06:00:00-03:00","America/Sao_Paulo",-23.6473149,-46.6643635,,,,"AirGradient","AirGradient"
6139516,"São Paulo","um003",341,"particles/cm³","2026-05-25T10:00:00Z","2026-05-25T07:00:00-03:00","America/Sao_Paulo",-23.6473149,-46.6643635,,,,"AirGradient","AirGradient"
6139516,"São Paulo","um003",575,"particles/cm³","2026-05-25T11:00:00Z","2026-05-25T08:00:00-03:00","America/Sao_Paulo",-23.6473149,-46.6643635,,,,"AirGradient","AirGradient"
6139516,"São Paulo","um003",923,"particles/cm³","2026-05-25T12:00:00Z","2026-05-25T09:00:00-03:00","America/Sao_Paulo",-23.6473149,-46.6643635,,,,"AirGradient","AirGradient"
6139516,"São Paulo","um003",1235,"particles/cm³","2026-05-25T13:00:00Z","2026-05-25T10:00:00-03:00","America/Sao_Paulo",-23.6473149,-46.6643635,,,,"AirGradient","AirGradient"
6139516,"São Paulo","um003",1195,"particles/cm³","2026-05-25T14:00:00Z","2026-05-25T11:00:00-03:00","America/Sao_Paulo",-23.6473149,-46.6643635,,,,"AirGradient","AirGradient"
6139516,"São Paulo","um003",1129,"particles/cm³","2026-05-25T15:00:00Z","2026-05-25T12:00:00-03:00","America/Sao_Paulo",-23.6473149,-46.6643635,,,,"AirGradient","AirGradient"
6139516,"São Paulo","um003",1440,"particles/cm³","2026-05-25T16:00:00Z","2026-05-25T13:00:00-03:00","America/Sao_Paulo",-23.6473149,-46.6643635,,,,"AirGradient","AirGradient"
6139516,"São Paulo","um003",1550,"particles/cm³","2026-05-25T17:00:00Z","2026-05-25T14:00:00-03:00","America/Sao_Paulo",-23.6473149,-46.6643635,,,,"AirGradient","AirGradient"
6139516,"São Paulo","um003",1820,"particles/cm³","2026-05-25T18:00:00Z","2026-05-25T15:00:00-03:00","America/Sao_Paulo",-23.6473149,-46.6643635,,,,"AirGradient","AirGradient"
6139516,"São Paulo","um003",1514,"particles/cm³","2026-05-25T19:00:00Z","2026-05-25T16:00:00-03:00","America/Sao_Paulo",-23.6473149,-46.6643635,,,,"AirGradient","AirGradient"
6139516,"São Paulo","um003",1324,"particles/cm³","2026-05-25T20:00:00Z","2026-05-25T17:00:00-03:00","America/Sao_Paulo",-23.6473149,-46.6643635,,,,"AirGradient","AirGradient"
6139516,"São Paulo","um003",1380,"particles/cm³","2026-05-25T21:00:00Z","2026-05-25T18:00:00-03:00","America/Sao_Paulo",-23.6473149,-46.6643635,,,,"AirGradient","AirGradient"
6139516,"São Paulo","um003",1030,"particles/cm³","2026-05-25T22:00:00Z","2026-05-25T19:00:00-03:00","America/Sao_Paulo",-23.6473149,-46.6643635,,,,"AirGradient","AirGradient"
6139516,"São Paulo","um003",873,"particles/cm³","2026-05-25T23:00:00Z","2026-05-25T20:00:00-03:00","America/Sao_Paulo",-23.6473149,-46.6643635,,,,"AirGradient","AirGradient"
6139516,"São Paulo","um003",1504,"particles/cm³","2026-05-26T00:00:00Z","2026-05-25T21:00:00-03:00","America/Sao_Paulo",-23.6473149,-46.6643635,,,,"AirGradient","AirGradient"
6139516,"São Paulo","um003",806,"particles/cm³","2026-05-26T01:00:00Z","2026-05-25T22:00:00-03:00","America/Sao_Paulo",-23.6473149,-46.6643635,,,,"AirGradient","AirGradient"
6139516,"São Paulo","um003",893,"particles/cm³","2026-05-26T02:00:00Z","2026-05-25T23:00:00-03:00","America/Sao_Paulo",-23.6473149,-46.6643635,,,,"AirGradient","AirGradient"
6139516,"São Paulo","um003",1128,"particles/cm³","2026-05-26T03:00:00Z","2026-05-26T00:00:00-03:00","America/Sao_Paulo",-23.6473149,-46.6643635,,,,"AirGradient","AirGradient"
6139516,"São Paulo","um003",1092,"particles/cm³","2026-05-26T04:00:00Z","2026-05-26T01:00:00-03:00","America/Sao_Paulo",-23.6473149,-46.6643635,,,,"AirGradient","AirGradient"
6139516,"São Paulo","um003",933,"particles/cm³","2026-05-26T05:00:00Z","2026-05-26T02:00:00-03:00","America/Sao_Paulo",-23.6473149,-46.6643635,,,,"AirGradient","AirGradient"
6139516,"São Paulo","um003",1024,"particles/cm³","2026-05-26T06:00:00Z","2026-05-26T03:00:00-03:00","America/Sao_Paulo",-23.6473149,-46.6643635,,,,"AirGradient","AirGradient"
6139516,"São Paulo","um003",991,"particles/cm³","2026-05-26T07:00:00Z","2026-05-26T04:00:00-03:00","America/Sao_Paulo",-23.6473149,-46.6643635,,,,"AirGradient","AirGradient"
6139516,"São Paulo","um003",1067,"particles/cm³","2026-05-26T08:00:00Z","2026-05-26T05:00:00-03:00","America/Sao_Paulo",-23.6473149,-46.6643635,,,,"AirGradient","AirGradient"
6139516,"São Paulo","um003",886,"particles/cm³","2026-05-26T09:00:00Z","2026-05-26T06:00:00-03:00","America/Sao_Paulo",-23.6473149,-46.6643635,,,,"AirGradient","AirGradient"
6139516,"São Paulo","um003",891,"particles/cm³","2026-05-26T10:00:00Z","2026-05-26T07:00:00-03:00","America/Sao_Paulo",-23.6473149,-46.6643635,,,,"AirGradient","AirGradient"
6139516,"São Paulo","um003",886,"particles/cm³","2026-05-26T11:00:00Z","2026-05-26T08:00:00-03:00","America/Sao_Paulo",-23.6473149,-46.6643635,,,,"AirGradient","AirGradient"
6139516,"São Paulo","um003",956,"particles/cm³","2026-05-26T12:00:00Z","2026-05-26T09:00:00-03:00","America/Sao_Paulo",-23.6473149,-46.6643635,,,,"AirGradient","AirGradient"
6139516,"São Paulo","um003",1215,"particles/cm³","2026-05-26T13:00:00Z","2026-05-26T10:00:00-03:00","America/Sao_Paulo",-23.6473149,-46.6643635,,,,"AirGradient","AirGradient"
6139516,"São Paulo","um003",1096,"particles/cm³","2026-05-26T14:00:00Z","2026-05-26T11:00:00-03:00","America/Sao_Paulo",-23.6473149,-46.6643635,,,,"AirGradient","AirGradient"
6139516,"São Paulo","um003",940,"particles/cm³","2026-05-26T15:00:00Z","2026-05-26T12:00:00-03:00","America/Sao_Paulo",-23.6473149,-46.6643635,,,,"AirGradient","AirGradient"
6139516,"São Paulo","um003",792,"particles/cm³","2026-05-26T16:00:00Z","2026-05-26T13:00:00-03:00","America/Sao_Paulo",-23.6473149,-46.6643635,,,,"AirGradient","AirGradient"
6139516,"São Paulo","um003",492,"particles/cm³","2026-05-26T17:00:00Z","2026-05-26T14:00:00-03:00","America/Sao_Paulo",-23.6473149,-46.6643635,,,,"AirGradient","AirGradient"
6139516,"São Paulo","um003",530,"particles/cm³","2026-05-26T18:00:00Z","2026-05-26T15:00:00-03:00","America/Sao_Paulo",-23.6473149,-46.6643635,,,,"AirGradient","AirGradient"
6139516,"São Paulo","um003",408,"particles/cm³","2026-05-26T19:00:00Z","2026-05-26T16:00:00-03:00","America/Sao_Paulo",-23.6473149,-46.6643635,,,,"AirGradient","AirGradient"
6139516,"São Paulo","um003",432,"particles/cm³","2026-05-26T20:00:00Z","2026-05-26T17:00:00-03:00","America/Sao_Paulo",-23.6473149,-46.6643635,,,,"AirGradient","AirGradient"
6139516,"São Paulo","um003",688,"particles/cm³","2026-05-26T21:00:00Z","2026-05-26T18:00:00-03:00","America/Sao_Paulo",-23.6473149,-46.6643635,,,,"AirGradient","AirGradient"
6139516,"São Paulo","um003",739,"particles/cm³","2026-05-26T22:00:00Z","2026-05-26T19:00:00-03:00","America/Sao_Paulo",-23.6473149,-46.6643635,,,,"AirGradient","AirGradient"
6139516,"São Paulo","um003",1109,"particles/cm³","2026-05-26T23:00:00Z","2026-05-26T20:00:00-03:00","America/Sao_Paulo",-23.6473149,-46.6643635,,,,"AirGradient","AirGradient"
6139516,"São Paulo","um003",1392,"particles/cm³","2026-05-27T00:00:00Z","2026-05-26T21:00:00-03:00","America/Sao_Paulo",-23.6473149,-46.6643635,,,,"AirGradient","AirGradient"
6139516,"São Paulo","um003",1634,"particles/cm³","2026-05-27T01:00:00Z","2026-05-26T22:00:00-03:00","America/Sao_Paulo",-23.6473149,-46.6643635,,,,"AirGradient","AirGradient"
6139516,"São Paulo","um003",1894,"particles/cm³","2026-05-27T02:00:00Z","2026-05-26T23:00:00-03:00","America/Sao_Paulo",-23.6473149,-46.6643635,,,,"AirGradient","AirGradient"
6139516,"São Paulo","um003",1063,"particles/cm³","2026-05-27T03:00:00Z","2026-05-27T00:00:00-03:00","America/Sao_Paulo",-23.6473149,-46.6643635,,,,"AirGradient","AirGradient"
6139516,"São Paulo","um003",940,"particles/cm³","2026-05-27T04:00:00Z","2026-05-27T01:00:00-03:00","America/Sao_Paulo",-23.6473149,-46.6643635,,,,"AirGradient","AirGradient"
6139516,"São Paulo","um003",1255,"particles/cm³","2026-05-27T05:00:00Z","2026-05-27T02:00:00-03:00","America/Sao_Paulo",-23.6473149,-46.6643635,,,,"AirGradient","AirGradient"
6139516,"São Paulo","um003",1242,"particles/cm³","2026-05-27T06:00:00Z","2026-05-27T03:00:00-03:00","America/Sao_Paulo",-23.6473149,-46.6643635,,,,"AirGradient","AirGradient"
6139516,"São Paulo","um003",1284,"particles/cm³","2026-05-27T07:00:00Z","2026-05-27T04:00:00-03:00","America/Sao_Paulo",-23.6473149,-46.6643635,,,,"AirGradient","AirGradient"
6139516,"São Paulo","um003",1425,"particles/cm³","2026-05-27T08:00:00Z","2026-05-27T05:00:00-03:00","America/Sao_Paulo",-23.6473149,-46.6643635,,,,"AirGradient","AirGradient"
6139516,"São Paulo","um003",1591,"particles/cm³","2026-05-27T09:00:00Z","2026-05-27T06:00:00-03:00","America/Sao_Paulo",-23.6473149,-46.6643635,,,,"AirGradient","AirGradient"
6139516,"São Paulo","um003",1709,"particles/cm³","2026-05-27T10:00:00Z","2026-05-27T07:00:00-03:00","America/Sao_Paulo",-23.6473149,-46.6643635,,,,"AirGradient","AirGradient"
6139516,"São Paulo","um003",1762,"particles/cm³","2026-05-27T11:00:00Z","2026-05-27T08:00:00-03:00","America/Sao_Paulo",-23.6473149,-46.6643635,,,,"AirGradient","AirGradient"
6139516,"São Paulo","um003",1660,"particles/cm³","2026-05-27T12:00:00Z","2026-05-27T09:00:00-03:00","America/Sao_Paulo",-23.6473149,-46.6643635,,,,"AirGradient","AirGradient"
6139516,"São Paulo","um003",732,"particles/cm³","2026-05-27T13:00:00Z","2026-05-27T10:00:00-03:00","America/Sao_Paulo",-23.6473149,-46.6643635,,,,"AirGradient","AirGradient"
6139516,"São Paulo","um003",483,"particles/cm³","2026-05-27T14:00:00Z","2026-05-27T11:00:00-03:00","America/Sao_Paulo",-23.6473149,-46.6643635,,,,"AirGradient","AirGradient"
6139516,"São Paulo","um003",484,"particles/cm³","2026-05-27T15:00:00Z","2026-05-27T12:00:00-03:00","America/Sao_Paulo",-23.6473149,-46.6643635,,,,"AirGradient","AirGradient"
6139516,"São Paulo","um003",466,"particles/cm³","2026-05-27T16:00:00Z","2026-05-27T13:00:00-03:00","America/Sao_Paulo",-23.6473149,-46.6643635,,,,"AirGradient","AirGradient"
6139516,"São Paulo","um003",360,"particles/cm³","2026-05-27T17:00:00Z","2026-05-27T14:00:00-03:00","America/Sao_Paulo",-23.6473149,-46.6643635,,,,"AirGradient","AirGradient"
6139516,"São Paulo","um003",238,"particles/cm³","2026-05-27T18:00:00Z","2026-05-27T15:00:00-03:00","America/Sao_Paulo",-23.6473149,-46.6643635,,,,"AirGradient","AirGradient"
6139516,"São Paulo","um003",161,"particles/cm³","2026-05-27T19:00:00Z","2026-05-27T16:00:00-03:00","America/Sao_Paulo",-23.6473149,-46.6643635,,,,"AirGradient","AirGradient"
6139516,"São Paulo","um003",145,"particles/cm³","2026-05-27T20:00:00Z","2026-05-27T17:00:00-03:00","America/Sao_Paulo",-23.6473149,-46.6643635,,,,"AirGradient","AirGradient"
6139516,"São Paulo","um003",198,"particles/cm³","2026-05-27T21:00:00Z","2026-05-27T18:00:00-03:00","America/Sao_Paulo",-23.6473149,-46.6643635,,,,"AirGradient","AirGradient"
6139516,"São Paulo","um003",224,"particles/cm³","2026-05-27T22:00:00Z","2026-05-27T19:00:00-03:00","America/Sao_Paulo",-23.6473149,-46.6643635,,,,"AirGradient","AirGradient"
6139516,"São Paulo","um003",103,"particles/cm³","2026-05-27T23:00:00Z","2026-05-27T20:00:00-03:00","America/Sao_Paulo",-23.6473149,-46.6643635,,,,"AirGradient","AirGradient"
6139516,"São Paulo","um003",176,"particles/cm³","2026-05-28T00:00:00Z","2026-05-27T21:00:00-03:00","America/Sao_Paulo",-23.6473149,-46.6643635,,,,"AirGradient","AirGradient"
6139516,"São Paulo","um003",141,"particles/cm³","2026-05-28T01:00:00Z","2026-05-27T22:00:00-03:00","America/Sao_Paulo",-23.6473149,-46.6643635,,,,"AirGradient","AirGradient"
6139516,"São Paulo","um003",125,"particles/cm³","2026-05-28T02:00:00Z","2026-05-27T23:00:00-03:00","America/Sao_Paulo",-23.6473149,-46.6643635,,,,"AirGradient","AirGradient"
6139516,"São Paulo","um003",193,"particles/cm³","2026-05-28T03:00:00Z","2026-05-28T00:00:00-03:00","America/Sao_Paulo",-23.6473149,-46.6643635,,,,"AirGradient","AirGradient"
6139516,"São Paulo","um003",139,"particles/cm³","2026-05-28T04:00:00Z","2026-05-28T01:00:00-03:00","America/Sao_Paulo",-23.6473149,-46.6643635,,,,"AirGradient","AirGradient"
6139516,"São Paulo","um003",114,"particles/cm³","2026-05-28T05:00:00Z","2026-05-28T02:00:00-03:00","America/Sao_Paulo",-23.6473149,-46.6643635,,,,"AirGradient","AirGradient"
6139516,"São Paulo","um003",82,"particles/cm³","2026-05-28T06:00:00Z","2026-05-28T03:00:00-03:00","America/Sao_Paulo",-23.6473149,-46.6643635,,,,"AirGradient","AirGradient"
6139516,"São Paulo","um003",73,"particles/cm³","2026-05-28T07:00:00Z","2026-05-28T04:00:00-03:00","America/Sao_Paulo",-23.6473149,-46.6643635,,,,"AirGradient","AirGradient"
6139516,"São Paulo","um003",78,"particles/cm³","2026-05-28T08:00:00Z","2026-05-28T05:00:00-03:00","America/Sao_Paulo",-23.6473149,-46.6643635,,,,"AirGradient","AirGradient"
6139516,"São Paulo","um003",51,"particles/cm³","2026-05-28T09:00:00Z","2026-05-28T06:00:00-03:00","America/Sao_Paulo",-23.6473149,-46.6643635,,,,"AirGradient","AirGradient"
6139516,"São Paulo","um003",66,"particles/cm³","2026-05-28T10:00:00Z","2026-05-28T07:00:00-03:00","America/Sao_Paulo",-23.6473149,-46.6643635,,,,"AirGradient","AirGradient"
6139516,"São Paulo","um003",123,"particles/cm³","2026-05-28T11:00:00Z","2026-05-28T08:00:00-03:00","America/Sao_Paulo",-23.6473149,-46.6643635,,,,"AirGradient","AirGradient"
6139516,"São Paulo","um003",174,"particles/cm³","2026-05-28T12:00:00Z","2026-05-28T09:00:00-03:00","America/Sao_Paulo",-23.6473149,-46.6643635,,,,"AirGradient","AirGradient"
6139516,"São Paulo","um003",117,"particles/cm³","2026-05-28T13:00:00Z","2026-05-28T10:00:00-03:00","America/Sao_Paulo",-23.6473149,-46.6643635,,,,"AirGradient","AirGradient"
6139516,"São Paulo","um003",144,"particles/cm³","2026-05-28T14:00:00Z","2026-05-28T11:00:00-03:00","America/Sao_Paulo",-23.6473149,-46.6643635,,,,"AirGradient","AirGradient"
6139516,"São Paulo","um003",141,"particles/cm³","2026-05-28T15:00:00Z","2026-05-28T12:00:00-03:00","America/Sao_Paulo",-23.6473149,-46.6643635,,,,"AirGradient","AirGradient"
6139516,"São Paulo","um003",159,"particles/cm³","2026-05-28T16:00:00Z","2026-05-28T13:00:00-03:00","America/Sao_Paulo",-23.6473149,-46.6643635,,,,"AirGradient","AirGradient"
6139516,"São Paulo","um003",370,"particles/cm³","2026-05-28T17:00:00Z","2026-05-28T14:00:00-03:00","America/Sao_Paulo",-23.6473149,-46.6643635,,,,"AirGradient","AirGradient"
6139516,"São Paulo","um003",528,"particles/cm³","2026-05-28T18:00:00Z","2026-05-28T15:00:00-03:00","America/Sao_Paulo",-23.6473149,-46.6643635,,,,"AirGradient","AirGradient"
6139516,"São Paulo","um003",400,"particles/cm³","2026-05-28T19:00:00Z","2026-05-28T16:00:00-03:00","America/Sao_Paulo",-23.6473149,-46.6643635,,,,"AirGradient","AirGradient"
6139516,"São Paulo","um003",463,"particles/cm³","2026-05-28T20:00:00Z","2026-05-28T17:00:00-03:00","America/Sao_Paulo",-23.6473149,-46.6643635,,,,"AirGradient","AirGradient"
6139516,"São Paulo","um003",671,"particles/cm³","2026-05-28T21:00:00Z","2026-05-28T18:00:00-03:00","America/Sao_Paulo",-23.6473149,-46.6643635,,,,"AirGradient","AirGradient"
6139516,"São Paulo","um003",527,"particles/cm³","2026-05-28T22:00:00Z","2026-05-28T19:00:00-03:00","America/Sao_Paulo",-23.6473149,-46.6643635,,,,"AirGradient","AirGradient"
6139516,"São Paulo","um003",319,"particles/cm³","2026-05-28T23:00:00Z","2026-05-28T20:00:00-03:00","America/Sao_Paulo",-23.6473149,-46.6643635,,,,"AirGradient","AirGradient"
6139516,"São Paulo","um003",575,"particles/cm³","2026-05-29T00:00:00Z","2026-05-28T21:00:00-03:00","America/Sao_Paulo",-23.6473149,-46.6643635,,,,"AirGradient","AirGradient"
6139516,"São Paulo","um003",614,"particles/cm³","2026-05-29T01:00:00Z","2026-05-28T22:00:00-03:00","America/Sao_Paulo",-23.6473149,-46.6643635,,,,"AirGradient","AirGradient"
6139516,"São Paulo","um003",524,"particles/cm³","2026-05-29T02:00:00Z","2026-05-28T23:00:00-03:00","America/Sao_Paulo",-23.6473149,-46.6643635,,,,"AirGradient","AirGradient"
6139516,"São Paulo","um003",436,"particles/cm³","2026-05-29T03:00:00Z","2026-05-29T00:00:00-03:00","America/Sao_Paulo",-23.6473149,-46.6643635,,,,"AirGradient","AirGradient"
6139516,"São Paulo","um003",368,"particles/cm³","2026-05-29T04:00:00Z","2026-05-29T01:00:00-03:00","America/Sao_Paulo",-23.6473149,-46.6643635,,,,"AirGradient","AirGradient"
6139516,"São Paulo","um003",448,"particles/cm³","2026-05-29T05:00:00Z","2026-05-29T02:00:00-03:00","America/Sao_Paulo",-23.6473149,-46.6643635,,,,"AirGradient","AirGradient"
6139516,"São Paulo","um003",332,"particles/cm³","2026-05-29T06:00:00Z","2026-05-29T03:00:00-03:00","America/Sao_Paulo",-23.6473149,-46.6643635,,,,"AirGradient","AirGradient"
6139516,"São Paulo","um003",178,"particles/cm³","2026-05-29T07:00:00Z","2026-05-29T04:00:00-03:00","America/Sao_Paulo",-23.6473149,-46.6643635,,,,"AirGradient","AirGradient"
6139516,"São Paulo","um003",124,"particles/cm³","2026-05-29T08:00:00Z","2026-05-29T05:00:00-03:00","America/Sao_Paulo",-23.6473149,-46.6643635,,,,"AirGradient","AirGradient"
6139516,"São Paulo","um003",159,"particles/cm³","2026-05-29T09:00:00Z","2026-05-29T06:00:00-03:00","America/Sao_Paulo",-23.6473149,-46.6643635,,,,"AirGradient","AirGradient"
6139516,"São Paulo","um003",126,"particles/cm³","2026-05-29T10:00:00Z","2026-05-29T07:00:00-03:00","America/Sao_Paulo",-23.6473149,-46.6643635,,,,"AirGradient","AirGradient"
6139516,"São Paulo","um003",173,"particles/cm³","2026-05-29T11:00:00Z","2026-05-29T08:00:00-03:00","America/Sao_Paulo",-23.6473149,-46.6643635,,,,"AirGradient","AirGradient"
6139516,"São Paulo","um003",295,"particles/cm³","2026-05-29T12:00:00Z","2026-05-29T09:00:00-03:00","America/Sao_Paulo",-23.6473149,-46.6643635,,,,"AirGradient","AirGradient"
6139516,"São Paulo","um003",457,"particles/cm³","2026-05-29T13:00:00Z","2026-05-29T10:00:00-03:00","America/Sao_Paulo",-23.6473149,-46.6643635,,,,"AirGradient","AirGradient"
6139516,"São Paulo","um003",276,"particles/cm³","2026-05-29T14:00:00Z","2026-05-29T11:00:00-03:00","America/Sao_Paulo",-23.6473149,-46.6643635,,,,"AirGradient","AirGradient"
6139516,"São Paulo","um003",239,"particles/cm³","2026-05-29T15:00:00Z","2026-05-29T12:00:00-03:00","America/Sao_Paulo",-23.6473149,-46.6643635,,,,"AirGradient","AirGradient"
6139516,"São Paulo","um003",484,"particles/cm³","2026-05-29T16:00:00Z","2026-05-29T13:00:00-03:00","America/Sao_Paulo",-23.6473149,-46.6643635,,,,"AirGradient","AirGradient"
6139516,"São Paulo","um003",744,"particles/cm³","2026-05-29T17:00:00Z","2026-05-29T14:00:00-03:00","America/Sao_Paulo",-23.6473149,-46.6643635,,,,"AirGradient","AirGradient"
6139516,"São Paulo","um003",695,"particles/cm³","2026-05-29T18:00:00Z","2026-05-29T15:00:00-03:00","America/Sao_Paulo",-23.6473149,-46.6643635,,,,"AirGradient","AirGradient"
6139516,"São Paulo","um003",743,"particles/cm³","2026-05-29T19:00:00Z","2026-05-29T16:00:00-03:00","America/Sao_Paulo",-23.6473149,-46.6643635,,,,"AirGradient","AirGradient"
6139516,"São Paulo","um003",629,"particles/cm³","2026-05-29T20:00:00Z","2026-05-29T17:00:00-03:00","America/Sao_Paulo",-23.6473149,-46.6643635,,,,"AirGradient","AirGradient"
6139516,"São Paulo","um003",327,"particles/cm³","2026-05-29T21:00:00Z","2026-05-29T18:00:00-03:00","America/Sao_Paulo",-23.6473149,-46.6643635,,,,"AirGradient","AirGradient"
6139516,"São Paulo","um003",231,"particles/cm³","2026-05-29T22:00:00Z","2026-05-29T19:00:00-03:00","America/Sao_Paulo",-23.6473149,-46.6643635,,,,"AirGradient","AirGradient"
6139516,"São Paulo","um003",392,"particles/cm³","2026-05-29T23:00:00Z","2026-05-29T20:00:00-03:00","America/Sao_Paulo",-23.6473149,-46.6643635,,,,"AirGradient","AirGradient"
6139516,"São Paulo","um003",433,"particles/cm³","2026-05-30T00:00:00Z","2026-05-29T21:00:00-03:00","America/Sao_Paulo",-23.6473149,-46.6643635,,,,"AirGradient","AirGradient"
6139516,"São Paulo","um003",435,"particles/cm³","2026-05-30T01:00:00Z","2026-05-29T22:00:00-03:00","America/Sao_Paulo",-23.6473149,-46.6643635,,,,"AirGradient","AirGradient"
6139516,"São Paulo","um003",596,"particles/cm³","2026-05-30T02:00:00Z","2026-05-29T23:00:00-03:00","America/Sao_Paulo",-23.6473149,-46.6643635,,,,"AirGradient","AirGradient"
6139516,"São Paulo","um003",403,"particles/cm³","2026-05-30T03:00:00Z","2026-05-30T00:00:00-03:00","America/Sao_Paulo",-23.6473149,-46.6643635,,,,"AirGradient","AirGradient"
6139516,"São Paulo","um003",438,"particles/cm³","2026-05-30T04:00:00Z","2026-05-30T01:00:00-03:00","America/Sao_Paulo",-23.6473149,-46.6643635,,,,"AirGradient","AirGradient"
6139516,"São Paulo","um003",269,"particles/cm³","2026-05-30T05:00:00Z","2026-05-30T02:00:00-03:00","America/Sao_Paulo",-23.6473149,-46.6643635,,,,"AirGradient","AirGradient"
6139516,"São Paulo","um003",230,"particles/cm³","2026-05-30T06:00:00Z","2026-05-30T03:00:00-03:00","America/Sao_Paulo",-23.6473149,-46.6643635,,,,"AirGradient","AirGradient"
6139516,"São Paulo","um003",312,"particles/cm³","2026-05-30T07:00:00Z","2026-05-30T04:00:00-03:00","America/Sao_Paulo",-23.6473149,-46.6643635,,,,"AirGradient","AirGradient"
6139516,"São Paulo","um003",443,"particles/cm³","2026-05-30T08:00:00Z","2026-05-30T05:00:00-03:00","America/Sao_Paulo",-23.6473149,-46.6643635,,,,"AirGradient","AirGradient"
6139516,"São Paulo","um003",618,"particles/cm³","2026-05-30T09:00:00Z","2026-05-30T06:00:00-03:00","America/Sao_Paulo",-23.6473149,-46.6643635,,,,"AirGradient","AirGradient"
6139516,"São Paulo","um003",730,"particles/cm³","2026-05-30T10:00:00Z","2026-05-30T07:00:00-03:00","America/Sao_Paulo",-23.6473149,-46.6643635,,,,"AirGradient","AirGradient"
6139516,"São Paulo","um003",782,"particles/cm³","2026-05-30T11:00:00Z","2026-05-30T08:00:00-03:00","America/Sao_Paulo",-23.6473149,-46.6643635,,,,"AirGradient","AirGradient"
6139516,"São Paulo","um003",778,"particles/cm³","2026-05-30T12:00:00Z","2026-05-30T09:00:00-03:00","America/Sao_Paulo",-23.6473149,-46.6643635,,,,"AirGradient","AirGradient"
6139516,"São Paulo","um003",919,"particles/cm³","2026-05-30T13:00:00Z","2026-05-30T10:00:00-03:00","America/Sao_Paulo",-23.6473149,-46.6643635,,,,"AirGradient","AirGradient"
6139516,"São Paulo","um003",1160,"particles/cm³","2026-05-30T14:00:00Z","2026-05-30T11:00:00-03:00","America/Sao_Paulo",-23.6473149,-46.6643635,,,,"AirGradient","AirGradient"
6139516,"São Paulo","um003",1344,"particles/cm³","2026-05-30T15:00:00Z","2026-05-30T12:00:00-03:00","America/Sao_Paulo",-23.6473149,-46.6643635,,,,"AirGradient","AirGradient"
6139516,"São Paulo","um003",1495,"particles/cm³","2026-05-30T16:00:00Z","2026-05-30T13:00:00-03:00","America/Sao_Paulo",-23.6473149,-46.6643635,,,,"AirGradient","AirGradient"
6139516,"São Paulo","um003",1699,"particles/cm³","2026-05-30T17:00:00Z","2026-05-30T14:00:00-03:00","America/Sao_Paulo",-23.6473149,-46.6643635,,,,"AirGradient","AirGradient"
6139516,"São Paulo","um003",1930,"particles/cm³","2026-05-30T18:00:00Z","2026-05-30T15:00:00-03:00","America/Sao_Paulo",-23.6473149,-46.6643635,,,,"AirGradient","AirGradient"
6139516,"São Paulo","um003",1975,"particles/cm³","2026-05-30T19:00:00Z","2026-05-30T16:00:00-03:00","America/Sao_Paulo",-23.6473149,-46.6643635,,,,"AirGradient","AirGradient"
6139516,"São Paulo","um003",1949,"particles/cm³","2026-05-30T20:00:00Z","2026-05-30T17:00:00-03:00","America/Sao_Paulo",-23.6473149,-46.6643635,,,,"AirGradient","AirGradient"
6139516,"São Paulo","um003",1666,"particles/cm³","2026-05-30T21:00:00Z","2026-05-30T18:00:00-03:00","America/Sao_Paulo",-23.6473149,-46.6643635,,,,"AirGradient","AirGradient"
6139516,"São Paulo","um003",790,"particles/cm³","2026-05-30T22:00:00Z","2026-05-30T19:00:00-03:00","America/Sao_Paulo",-23.6473149,-46.6643635,,,,"AirGradient","AirGradient"
6139516,"São Paulo","um003",540,"particles/cm³","2026-05-30T23:00:00Z","2026-05-30T20:00:00-03:00","America/Sao_Paulo",-23.6473149,-46.6643635,,,,"AirGradient","AirGradient"
6139516,"São Paulo","um003",399,"particles/cm³","2026-05-31T00:00:00Z","2026-05-30T21:00:00-03:00","America/Sao_Paulo",-23.6473149,-46.6643635,,,,"AirGradient","AirGradient"
6139516,"São Paulo","um003",308,"particles/cm³","2026-05-31T01:00:00Z","2026-05-30T22:00:00-03:00","America/Sao_Paulo",-23.6473149,-46.6643635,,,,"AirGradient","AirGradient"
6139516,"São Paulo","um003",414,"particles/cm³","2026-05-31T02:00:00Z","2026-05-30T23:00:00-03:00","America/Sao_Paulo",-23.6473149,-46.6643635,,,,"AirGradient","AirGradient"
6139516,"São Paulo","um003",457,"particles/cm³","2026-05-31T03:00:00Z","2026-05-31T00:00:00-03:00","America/Sao_Paulo",-23.6473149,-46.6643635,,,,"AirGradient","AirGradient"
6139516,"São Paulo","um003",400,"particles/cm³","2026-05-31T04:00:00Z","2026-05-31T01:00:00-03:00","America/Sao_Paulo",-23.6473149,-46.6643635,,,,"AirGradient","AirGradient"
6139516,"São Paulo","um003",357,"particles/cm³","2026-05-31T05:00:00Z","2026-05-31T02:00:00-03:00","America/Sao_Paulo",-23.6473149,-46.6643635,,,,"AirGradient","AirGradient"
6139516,"São Paulo","um003",249,"particles/cm³","2026-05-31T06:00:00Z","2026-05-31T03:00:00-03:00","America/Sao_Paulo",-23.6473149,-46.6643635,,,,"AirGradient","AirGradient"
6139516,"São Paulo","um003",156,"particles/cm³","2026-05-31T07:00:00Z","2026-05-31T04:00:00-03:00","America/Sao_Paulo",-23.6473149,-46.6643635,,,,"AirGradient","AirGradient"
6139516,"São Paulo","um003",105,"particles/cm³","2026-05-31T08:00:00Z","2026-05-31T05:00:00-03:00","America/Sao_Paulo",-23.6473149,-46.6643635,,,,"AirGradient","AirGradient"
6139516,"São Paulo","um003",118,"particles/cm³","2026-05-31T09:00:00Z","2026-05-31T06:00:00-03:00","America/Sao_Paulo",-23.6473149,-46.6643635,,,,"AirGradient","AirGradient"
6139516,"São Paulo","um003",142,"particles/cm³","2026-05-31T10:00:00Z","2026-05-31T07:00:00-03:00","America/Sao_Paulo",-23.6473149,-46.6643635,,,,"AirGradient","AirGradient"
6139516,"São Paulo","um003",203,"particles/cm³","2026-05-31T11:00:00Z","2026-05-31T08:00:00-03:00","America/Sao_Paulo",-23.6473149,-46.6643635,,,,"AirGradient","AirGradient"
6139516,"São Paulo","um003",340,"particles/cm³","2026-05-31T12:00:00Z","2026-05-31T09:00:00-03:00","America/Sao_Paulo",-23.6473149,-46.6643635,,,,"AirGradient","AirGradient"
6139516,"São Paulo","um003",267,"particles/cm³","2026-05-31T13:00:00Z","2026-05-31T10:00:00-03:00","America/Sao_Paulo",-23.6473149,-46.6643635,,,,"AirGradient","AirGradient"
6139516,"São Paulo","um003",197,"particles/cm³","2026-05-31T14:00:00Z","2026-05-31T11:00:00-03:00","America/Sao_Paulo",-23.6473149,-46.6643635,,,,"AirGradient","AirGradient"
6139516,"São Paulo","um003",99,"particles/cm³","2026-05-31T15:00:00Z","2026-05-31T12:00:00-03:00","America/Sao_Paulo",-23.6473149,-46.6643635,,,,"AirGradient","AirGradient"
6139516,"São Paulo","um003",250,"particles/cm³","2026-05-31T16:00:00Z","2026-05-31T13:00:00-03:00","America/Sao_Paulo",-23.6473149,-46.6643635,,,,"AirGradient","AirGradient"
6139516,"São Paulo","um003",240,"particles/cm³","2026-05-31T17:00:00Z","2026-05-31T14:00:00-03:00","America/Sao_Paulo",-23.6473149,-46.6643635,,,,"AirGradient","AirGradient"
6139516,"São Paulo","um003",278,"particles/cm³","2026-05-31T18:00:00Z","2026-05-31T15:00:00-03:00","America/Sao_Paulo",-23.6473149,-46.6643635,,,,"AirGradient","AirGradient"
6139516,"São Paulo","um003",259,"particles/cm³","2026-05-31T19:00:00Z","2026-05-31T16:00:00-03:00","America/Sao_Paulo",-23.6473149,-46.6643635,,,,"AirGradient","AirGradient"
6139516,"São Paulo","um003",331,"particles/cm³","2026-05-31T20:00:00Z","2026-05-31T17:00:00-03:00","America/Sao_Paulo",-23.6473149,-46.6643635,,,,"AirGradient","AirGradient"
6139516,"São Paulo","um003",484,"particles/cm³","2026-05-31T21:00:00Z","2026-05-31T18:00:00-03:00","America/Sao_Paulo",-23.6473149,-46.6643635,,,,"AirGradient","AirGradient"
6139516,"São Paulo","um003",1224,"particles/cm³","2026-05-31T22:00:00Z","2026-05-31T19:00:00-03:00","America/Sao_Paulo",-23.6473149,-46.6643635,,,,"AirGradient","AirGradient"
6139516,"São Paulo","um003",1418,"particles/cm³","2026-05-31T23:00:00Z","2026-05-31T20:00:00-03:00","America/Sao_Paulo",-23.6473149,-46.6643635,,,,"AirGradient","AirGradient"
6139516,"São Paulo","um003",1506,"particles/cm³","2026-06-01T00:00:00Z","2026-05-31T21:00:00-03:00","America/Sao_Paulo",-23.6473149,-46.6643635,,,,"AirGradient","AirGradient"
6139516,"São Paulo","um003",1478,"particles/cm³","2026-06-01T01:00:00Z","2026-05-31T22:00:00-03:00","America/Sao_Paulo",-23.6473149,-46.6643635,,,,"AirGradient","AirGradient"
6139516,"São Paulo","um003",1344,"particles/cm³","2026-06-01T02:00:00Z","2026-05-31T23:00:00-03:00","America/Sao_Paulo",-23.6473149,-46.6643635,,,,"AirGradient","AirGradient"
6139516,"São Paulo","um003",1205,"particles/cm³","2026-06-01T03:00:00Z","2026-06-01T00:00:00-03:00","America/Sao_Paulo",-23.6473149,-46.6643635,,,,"AirGradient","AirGradient"
6139516,"São Paulo","um003",1170,"particles/cm³","2026-06-01T04:00:00Z","2026-06-01T01:00:00-03:00","America/Sao_Paulo",-23.6473149,-46.6643635,,,,"AirGradient","AirGradient"
6139516,"São Paulo","um003",1043,"particles/cm³","2026-06-01T05:00:00Z","2026-06-01T02:00:00-03:00","America/Sao_Paulo",-23.6473149,-46.6643635,,,,"AirGradient","AirGradient"
6139516,"São Paulo","um003",881,"particles/cm³","2026-06-01T06:00:00Z","2026-06-01T03:00:00-03:00","America/Sao_Paulo",-23.6473149,-46.6643635,,,,"AirGradient","AirGradient"
6139516,"São Paulo","um003",1058,"particles/cm³","2026-06-01T07:00:00Z","2026-06-01T04:00:00-03:00","America/Sao_Paulo",-23.6473149,-46.6643635,,,,"AirGradient","AirGradient"
6139516,"São Paulo","um003",955,"particles/cm³","2026-06-01T08:00:00Z","2026-06-01T05:00:00-03:00","America/Sao_Paulo",-23.6473149,-46.6643635,,,,"AirGradient","AirGradient"
6139516,"São Paulo","um003",562,"particles/cm³","2026-06-01T09:00:00Z","2026-06-01T06:00:00-03:00","America/Sao_Paulo",-23.6473149,-46.6643635,,,,"AirGradient","AirGradient"
6139516,"São Paulo","um003",651,"particles/cm³","2026-06-01T10:00:00Z","2026-06-01T07:00:00-03:00","America/Sao_Paulo",-23.6473149,-46.6643635,,,,"AirGradient","AirGradient"
6139516,"São Paulo","um003",937,"particles/cm³","2026-06-01T11:00:00Z","2026-06-01T08:00:00-03:00","America/Sao_Paulo",-23.6473149,-46.6643635,,,,"AirGradient","AirGradient"
6139516,"São Paulo","um003",960,"particles/cm³","2026-06-01T12:00:00Z","2026-06-01T09:00:00-03:00","America/Sao_Paulo",-23.6473149,-46.6643635,,,,"AirGradient","AirGradient"
6139516,"São Paulo","um003",1044,"particles/cm³","2026-06-01T13:00:00Z","2026-06-01T10:00:00-03:00","America/Sao_Paulo",-23.6473149,-46.6643635,,,,"AirGradient","AirGradient"
6139516,"São Paulo","um003",917,"particles/cm³","2026-06-01T14:00:00Z","2026-06-01T11:00:00-03:00","America/Sao_Paulo",-23.6473149,-46.6643635,,,,"AirGradient","AirGradient"
6139516,"São Paulo","um003",926,"particles/cm³","2026-06-01T15:00:00Z","2026-06-01T12:00:00-03:00","America/Sao_Paulo",-23.6473149,-46.6643635,,,,"AirGradient","AirGradient"
6139516,"São Paulo","um003",1023,"particles/cm³","2026-06-01T16:00:00Z","2026-06-01T13:00:00-03:00","America/Sao_Paulo",-23.6473149,-46.6643635,,,,"AirGradient","AirGradient"
6139516,"São Paulo","um003",1114,"particles/cm³","2026-06-01T17:00:00Z","2026-06-01T14:00:00-03:00","America/Sao_Paulo",-23.6473149,-46.6643635,,,,"AirGradient","AirGradient"
6139516,"São Paulo","um003",914,"particles/cm³","2026-06-01T18:00:00Z","2026-06-01T15:00:00-03:00","America/Sao_Paulo",-23.6473149,-46.6643635,,,,"AirGradient","AirGradient"
6139516,"São Paulo","um003",788,"particles/cm³","2026-06-01T19:00:00Z","2026-06-01T16:00:00-03:00","America/Sao_Paulo",-23.6473149,-46.6643635,,,,"AirGradient","AirGradient"
6139516,"São Paulo","um003",554,"particles/cm³","2026-06-01T20:00:00Z","2026-06-01T17:00:00-03:00","America/Sao_Paulo",-23.6473149,-46.6643635,,,,"AirGradient","AirGradient"
6139516,"São Paulo","um003",326,"particles/cm³","2026-06-01T21:00:00Z","2026-06-01T18:00:00-03:00","America/Sao_Paulo",-23.6473149,-46.6643635,,,,"AirGradient","AirGradient"
6139516,"São Paulo","um003",441,"particles/cm³","2026-06-01T22:00:00Z","2026-06-01T19:00:00-03:00","America/Sao_Paulo",-23.6473149,-46.6643635,,,,"AirGradient","AirGradient"
6139516,"São Paulo","um003",475,"particles/cm³","2026-06-01T23:00:00Z","2026-06-01T20:00:00-03:00","America/Sao_Paulo",-23.6473149,-46.6643635,,,,"AirGradient","AirGradient"
6139516,"São Paulo","um003",467,"particles/cm³","2026-06-02T00:00:00Z","2026-06-01T21:00:00-03:00","America/Sao_Paulo",-23.6473149,-46.6643635,,,,"AirGradient","AirGradient"
6139516,"São Paulo","um003",439,"particles/cm³","2026-06-02T01:00:00Z","2026-06-01T22:00:00-03:00","America/Sao_Paulo",-23.6473149,-46.6643635,,,,"AirGradient","AirGradient"
6139516,"São Paulo","um003",432,"particles/cm³","2026-06-02T02:00:00Z","2026-06-01T23:00:00-03:00","America/Sao_Paulo",-23.6473149,-46.6643635,,,,"AirGradient","AirGradient"
6139516,"São Paulo","um003",410,"particles/cm³","2026-06-02T03:00:00Z","2026-06-02T00:00:00-03:00","America/Sao_Paulo",-23.6473149,-46.6643635,,,,"AirGradient","AirGradient"
6139516,"São Paulo","um003",341,"particles/cm³","2026-06-02T04:00:00Z","2026-06-02T01:00:00-03:00","America/Sao_Paulo",-23.6473149,-46.6643635,,,,"AirGradient","AirGradient"
6139516,"São Paulo","um003",354,"particles/cm³","2026-06-02T05:00:00Z","2026-06-02T02:00:00-03:00","America/Sao_Paulo",-23.6473149,-46.6643635,,,,"AirGradient","AirGradient"
6139516,"São Paulo","um003",389,"particles/cm³","2026-06-02T06:00:00Z","2026-06-02T03:00:00-03:00","America/Sao_Paulo",-23.6473149,-46.6643635,,,,"AirGradient","AirGradient"
6139516,"São Paulo","um003",435,"particles/cm³","2026-06-02T07:00:00Z","2026-06-02T04:00:00-03:00","America/Sao_Paulo",-23.6473149,-46.6643635,,,,"AirGradient","AirGradient"
6139516,"São Paulo","um003",536,"particles/cm³","2026-06-02T08:00:00Z","2026-06-02T05:00:00-03:00","America/Sao_Paulo",-23.6473149,-46.6643635,,,,"AirGradient","AirGradient"
6139516,"São Paulo","um003",618,"particles/cm³","2026-06-02T09:00:00Z","2026-06-02T06:00:00-03:00","America/Sao_Paulo",-23.6473149,-46.6643635,,,,"AirGradient","AirGradient"
6139516,"São Paulo","um003",487,"particles/cm³","2026-06-02T10:00:00Z","2026-06-02T07:00:00-03:00","America/Sao_Paulo",-23.6473149,-46.6643635,,,,"AirGradient","AirGradient"
6139516,"São Paulo","um003",572,"particles/cm³","2026-06-02T11:00:00Z","2026-06-02T08:00:00-03:00","America/Sao_Paulo",-23.6473149,-46.6643635,,,,"AirGradient","AirGradient"
6139516,"São Paulo","um003",606,"particles/cm³","2026-06-02T12:00:00Z","2026-06-02T09:00:00-03:00","America/Sao_Paulo",-23.6473149,-46.6643635,,,,"AirGradient","AirGradient"
6139516,"São Paulo","um003",528,"particles/cm³","2026-06-02T13:00:00Z","2026-06-02T10:00:00-03:00","America/Sao_Paulo",-23.6473149,-46.6643635,,,,"AirGradient","AirGradient"
6139516,"São Paulo","um003",348,"particles/cm³","2026-06-02T14:00:00Z","2026-06-02T11:00:00-03:00","America/Sao_Paulo",-23.6473149,-46.6643635,,,,"AirGradient","AirGradient"
6139516,"São Paulo","um003",728,"particles/cm³","2026-06-02T15:00:00Z","2026-06-02T12:00:00-03:00","America/Sao_Paulo",-23.6473149,-46.6643635,,,,"AirGradient","AirGradient"
6139516,"São Paulo","um003",890,"particles/cm³","2026-06-02T16:00:00Z","2026-06-02T13:00:00-03:00","America/Sao_Paulo",-23.6473149,-46.6643635,,,,"AirGradient","AirGradient"
6139516,"São Paulo","um003",721,"particles/cm³","2026-06-02T17:00:00Z","2026-06-02T14:00:00-03:00","America/Sao_Paulo",-23.6473149,-46.6643635,,,,"AirGradient","AirGradient"
6139516,"São Paulo","um003",715,"particles/cm³","2026-06-02T18:00:00Z","2026-06-02T15:00:00-03:00","America/Sao_Paulo",-23.6473149,-46.6643635,,,,"AirGradient","AirGradient"
6139516,"São Paulo","um003",589,"particles/cm³","2026-06-02T19:00:00Z","2026-06-02T16:00:00-03:00","America/Sao_Paulo",-23.6473149,-46.6643635,,,,"AirGradient","AirGradient"
6139516,"São Paulo","um003",403,"particles/cm³","2026-06-02T20:00:00Z","2026-06-02T17:00:00-03:00","America/Sao_Paulo",-23.6473149,-46.6643635,,,,"AirGradient","AirGradient"
6139516,"São Paulo","um003",279,"particles/cm³","2026-06-02T21:00:00Z","2026-06-02T18:00:00-03:00","America/Sao_Paulo",-23.6473149,-46.6643635,,,,"AirGradient","AirGradient"
6139516,"São Paulo","um003",492,"particles/cm³","2026-06-02T22:00:00Z","2026-06-02T19:00:00-03:00","America/Sao_Paulo",-23.6473149,-46.6643635,,,,"AirGradient","AirGradient"
6139516,"São Paulo","um003",548,"particles/cm³","2026-06-02T23:00:00Z","2026-06-02T20:00:00-03:00","America/Sao_Paulo",-23.6473149,-46.6643635,,,,"AirGradient","AirGradient"
6139516,"São Paulo","um003",375,"particles/cm³","2026-06-03T00:00:00Z","2026-06-02T21:00:00-03:00","America/Sao_Paulo",-23.6473149,-46.6643635,,,,"AirGradient","AirGradient"
6139516,"São Paulo","um003",479,"particles/cm³","2026-06-03T01:00:00Z","2026-06-02T22:00:00-03:00","America/Sao_Paulo",-23.6473149,-46.6643635,,,,"AirGradient","AirGradient"
6139516,"São Paulo","um003",415,"particles/cm³","2026-06-03T02:00:00Z","2026-06-02T23:00:00-03:00","America/Sao_Paulo",-23.6473149,-46.6643635,,,,"AirGradient","AirGradient"
6139516,"São Paulo","um003",368,"particles/cm³","2026-06-03T03:00:00Z","2026-06-03T00:00:00-03:00","America/Sao_Paulo",-23.6473149,-46.6643635,,,,"AirGradient","AirGradient"
6139516,"São Paulo","um003",316,"particles/cm³","2026-06-03T04:00:00Z","2026-06-03T01:00:00-03:00","America/Sao_Paulo",-23.6473149,-46.6643635,,,,"AirGradient","AirGradient"
6139516,"São Paulo","um003",267,"particles/cm³","2026-06-03T05:00:00Z","2026-06-03T02:00:00-03:00","America/Sao_Paulo",-23.6473149,-46.6643635,,,,"AirGradient","AirGradient"
6139516,"São Paulo","um003",151,"particles/cm³","2026-06-03T06:00:00Z","2026-06-03T03:00:00-03:00","America/Sao_Paulo",-23.6473149,-46.6643635,,,,"AirGradient","AirGradient"
6139516,"São Paulo","um003",156,"particles/cm³","2026-06-03T07:00:00Z","2026-06-03T04:00:00-03:00","America/Sao_Paulo",-23.6473149,-46.6643635,,,,"AirGradient","AirGradient"
6139516,"São Paulo","um003",274,"particles/cm³","2026-06-03T08:00:00Z","2026-06-03T05:00:00-03:00","America/Sao_Paulo",-23.6473149,-46.6643635,,,,"AirGradient","AirGradient"
6139516,"São Paulo","um003",316,"particles/cm³","2026-06-03T09:00:00Z","2026-06-03T06:00:00-03:00","America/Sao_Paulo",-23.6473149,-46.6643635,,,,"AirGradient","AirGradient"
6139516,"São Paulo","um003",271,"particles/cm³","2026-06-03T10:00:00Z","2026-06-03T07:00:00-03:00","America/Sao_Paulo",-23.6473149,-46.6643635,,,,"AirGradient","AirGradient"
6139516,"São Paulo","um003",408,"particles/cm³","2026-06-03T11:00:00Z","2026-06-03T08:00:00-03:00","America/Sao_Paulo",-23.6473149,-46.6643635,,,,"AirGradient","AirGradient"
6139516,"São Paulo","um003",403,"particles/cm³","2026-06-03T12:00:00Z","2026-06-03T09:00:00-03:00","America/Sao_Paulo",-23.6473149,-46.6643635,,,,"AirGradient","AirGradient"
6139516,"São Paulo","um003",265,"particles/cm³","2026-06-03T13:00:00Z","2026-06-03T10:00:00-03:00","America/Sao_Paulo",-23.6473149,-46.6643635,,,,"AirGradient","AirGradient"
6139516,"São Paulo","um003",284,"particles/cm³","2026-06-03T14:00:00Z","2026-06-03T11:00:00-03:00","America/Sao_Paulo",-23.6473149,-46.6643635,,,,"AirGradient","AirGradient"
6139516,"São Paulo","um003",388,"particles/cm³","2026-06-03T15:00:00Z","2026-06-03T12:00:00-03:00","America/Sao_Paulo",-23.6473149,-46.6643635,,,,"AirGradient","AirGradient"
6139516,"São Paulo","um003",402,"particles/cm³","2026-06-03T16:00:00Z","2026-06-03T13:00:00-03:00","America/Sao_Paulo",-23.6473149,-46.6643635,,,,"AirGradient","AirGradient"
6139516,"São Paulo","um003",512,"particles/cm³","2026-06-03T17:00:00Z","2026-06-03T14:00:00-03:00","America/Sao_Paulo",-23.6473149,-46.6643635,,,,"AirGradient","AirGradient"
6139516,"São Paulo","um003",585,"particles/cm³","2026-06-03T18:00:00Z","2026-06-03T15:00:00-03:00","America/Sao_Paulo",-23.6473149,-46.6643635,,,,"AirGradient","AirGradient"
6139516,"São Paulo","um003",581,"particles/cm³","2026-06-03T19:00:00Z","2026-06-03T16:00:00-03:00","America/Sao_Paulo",-23.6473149,-46.6643635,,,,"AirGradient","AirGradient"
6139516,"São Paulo","um003",774,"particles/cm³","2026-06-03T20:00:00Z","2026-06-03T17:00:00-03:00","America/Sao_Paulo",-23.6473149,-46.6643635,,,,"AirGradient","AirGradient"
6139516,"São Paulo","um003",779,"particles/cm³","2026-06-03T21:00:00Z","2026-06-03T18:00:00-03:00","America/Sao_Paulo",-23.6473149,-46.6643635,,,,"AirGradient","AirGradient"
6139516,"São Paulo","um003",711,"particles/cm³","2026-06-03T22:00:00Z","2026-06-03T19:00:00-03:00","America/Sao_Paulo",-23.6473149,-46.6643635,,,,"AirGradient","AirGradient"
6139516,"São Paulo","um003",668,"particles/cm³","2026-06-03T23:00:00Z","2026-06-03T20:00:00-03:00","America/Sao_Paulo",-23.6473149,-46.6643635,,,,"AirGradient","AirGradient"
6139516,"São Paulo","um003",796,"particles/cm³","2026-06-04T00:00:00Z","2026-06-03T21:00:00-03:00","America/Sao_Paulo",-23.6473149,-46.6643635,,,,"AirGradient","AirGradient"
6139516,"São Paulo","um003",913,"particles/cm³","2026-06-04T01:00:00Z","2026-06-03T22:00:00-03:00","America/Sao_Paulo",-23.6473149,-46.6643635,,,,"AirGradient","AirGradient"
6139516,"São Paulo","um003",591,"particles/cm³","2026-06-04T02:00:00Z","2026-06-03T23:00:00-03:00","America/Sao_Paulo",-23.6473149,-46.6643635,,,,"AirGradient","AirGradient"
6139516,"São Paulo","um003",489,"particles/cm³","2026-06-04T03:00:00Z","2026-06-04T00:00:00-03:00","America/Sao_Paulo",-23.6473149,-46.6643635,,,,"AirGradient","AirGradient"
6139516,"São Paulo","um003",480,"particles/cm³","2026-06-04T04:00:00Z","2026-06-04T01:00:00-03:00","America/Sao_Paulo",-23.6473149,-46.6643635,,,,"AirGradient","AirGradient"
6139516,"São Paulo","um003",414,"particles/cm³","2026-06-04T05:00:00Z","2026-06-04T02:00:00-03:00","America/Sao_Paulo",-23.6473149,-46.6643635,,,,"AirGradient","AirGradient"
6139516,"São Paulo","um003",440,"particles/cm³","2026-06-04T06:00:00Z","2026-06-04T03:00:00-03:00","America/Sao_Paulo",-23.6473149,-46.6643635,,,,"AirGradient","AirGradient"
6139516,"São Paulo","um003",441,"particles/cm³","2026-06-04T07:00:00Z","2026-06-04T04:00:00-03:00","America/Sao_Paulo",-23.6473149,-46.6643635,,,,"AirGradient","AirGradient"
6139516,"São Paulo","um003",396,"particles/cm³","2026-06-04T08:00:00Z","2026-06-04T05:00:00-03:00","America/Sao_Paulo",-23.6473149,-46.6643635,,,,"AirGradient","AirGradient"
6139516,"São Paulo","um003",474,"particles/cm³","2026-06-04T09:00:00Z","2026-06-04T06:00:00-03:00","America/Sao_Paulo",-23.6473149,-46.6643635,,,,"AirGradient","AirGradient"
6139516,"São Paulo","um003",522,"particles/cm³","2026-06-04T10:00:00Z","2026-06-04T07:00:00-03:00","America/Sao_Paulo",-23.6473149,-46.6643635,,,,"AirGradient","AirGradient"
6139516,"São Paulo","um003",418,"particles/cm³","2026-06-04T11:00:00Z","2026-06-04T08:00:00-03:00","America/Sao_Paulo",-23.6473149,-46.6643635,,,,"AirGradient","AirGradient"
6139516,"São Paulo","um003",434,"particles/cm³","2026-06-04T12:00:00Z","2026-06-04T09:00:00-03:00","America/Sao_Paulo",-23.6473149,-46.6643635,,,,"AirGradient","AirGradient"
6139516,"São Paulo","um003",357,"particles/cm³","2026-06-04T13:00:00Z","2026-06-04T10:00:00-03:00","America/Sao_Paulo",-23.6473149,-46.6643635,,,,"AirGradient","AirGradient"
6139516,"São Paulo","um003",513,"particles/cm³","2026-06-04T14:00:00Z","2026-06-04T11:00:00-03:00","America/Sao_Paulo",-23.6473149,-46.6643635,,,,"AirGradient","AirGradient"
6139516,"São Paulo","um003",389,"particles/cm³","2026-06-04T15:00:00Z","2026-06-04T12:00:00-03:00","America/Sao_Paulo",-23.6473149,-46.6643635,,,,"AirGradient","AirGradient"
6139516,"São Paulo","um003",208,"particles/cm³","2026-06-04T16:00:00Z","2026-06-04T13:00:00-03:00","America/Sao_Paulo",-23.6473149,-46.6643635,,,,"AirGradient","AirGradient"
6139516,"São Paulo","um003",368,"particles/cm³","2026-06-04T17:00:00Z","2026-06-04T14:00:00-03:00","America/Sao_Paulo",-23.6473149,-46.6643635,,,,"AirGradient","AirGradient"
6139516,"São Paulo","um003",626,"particles/cm³","2026-06-04T18:00:00Z","2026-06-04T15:00:00-03:00","America/Sao_Paulo",-23.6473149,-46.6643635,,,,"AirGradient","AirGradient"
6139516,"São Paulo","um003",370,"particles/cm³","2026-06-04T19:00:00Z","2026-06-04T16:00:00-03:00","America/Sao_Paulo",-23.6473149,-46.6643635,,,,"AirGradient","AirGradient"
6139516,"São Paulo","um003",286,"particles/cm³","2026-06-04T20:00:00Z","2026-06-04T17:00:00-03:00","America/Sao_Paulo",-23.6473149,-46.6643635,,,,"AirGradient","AirGradient"
6139516,"São Paulo","um003",297,"particles/cm³","2026-06-04T21:00:00Z","2026-06-04T18:00:00-03:00","America/Sao_Paulo",-23.6473149,-46.6643635,,,,"AirGradient","AirGradient"
6139516,"São Paulo","um003",466,"particles/cm³","2026-06-04T22:00:00Z","2026-06-04T19:00:00-03:00","America/Sao_Paulo",-23.6473149,-46.6643635,,,,"AirGradient","AirGradient"
6139516,"São Paulo","um003",438,"particles/cm³","2026-06-04T23:00:00Z","2026-06-04T20:00:00-03:00","America/Sao_Paulo",-23.6473149,-46.6643635,,,,"AirGradient","AirGradient"
6139516,"São Paulo","um003",296,"particles/cm³","2026-06-05T00:00:00Z","2026-06-04T21:00:00-03:00","America/Sao_Paulo",-23.6473149,-46.6643635,,,,"AirGradient","AirGradient"
6139516,"São Paulo","um003",260,"particles/cm³","2026-06-05T01:00:00Z","2026-06-04T22:00:00-03:00","America/Sao_Paulo",-23.6473149,-46.6643635,,,,"AirGradient","AirGradient"
6139516,"São Paulo","um003",169,"particles/cm³","2026-06-05T02:00:00Z","2026-06-04T23:00:00-03:00","America/Sao_Paulo",-23.6473149,-46.6643635,,,,"AirGradient","AirGradient"
6139516,"São Paulo","um003",251,"particles/cm³","2026-06-05T03:00:00Z","2026-06-05T00:00:00-03:00","America/Sao_Paulo",-23.6473149,-46.6643635,,,,"AirGradient","AirGradient"
6139516,"São Paulo","um003",280,"particles/cm³","2026-06-05T04:00:00Z","2026-06-05T01:00:00-03:00","America/Sao_Paulo",-23.6473149,-46.6643635,,,,"AirGradient","AirGradient"
6139516,"São Paulo","um003",309,"particles/cm³","2026-06-05T05:00:00Z","2026-06-05T02:00:00-03:00","America/Sao_Paulo",-23.6473149,-46.6643635,,,,"AirGradient","AirGradient"
6139516,"São Paulo","um003",301,"particles/cm³","2026-06-05T06:00:00Z","2026-06-05T03:00:00-03:00","America/Sao_Paulo",-23.6473149,-46.6643635,,,,"AirGradient","AirGradient"
6139516,"São Paulo","um003",305,"particles/cm³","2026-06-05T07:00:00Z","2026-06-05T04:00:00-03:00","America/Sao_Paulo",-23.6473149,-46.6643635,,,,"AirGradient","AirGradient"
6139516,"São Paulo","um003",240,"particles/cm³","2026-06-05T08:00:00Z","2026-06-05T05:00:00-03:00","America/Sao_Paulo",-23.6473149,-46.6643635,,,,"AirGradient","AirGradient"
6139516,"São Paulo","um003",262,"particles/cm³","2026-06-05T09:00:00Z","2026-06-05T06:00:00-03:00","America/Sao_Paulo",-23.6473149,-46.6643635,,,,"AirGradient","AirGradient"
6139516,"São Paulo","um003",237,"particles/cm³","2026-06-05T10:00:00Z","2026-06-05T07:00:00-03:00","America/Sao_Paulo",-23.6473149,-46.6643635,,,,"AirGradient","AirGradient"
6139516,"São Paulo","um003",256,"particles/cm³","2026-06-05T11:00:00Z","2026-06-05T08:00:00-03:00","America/Sao_Paulo",-23.6473149,-46.6643635,,,,"AirGradient","AirGradient"
6139516,"São Paulo","um003",198,"particles/cm³","2026-06-05T12:00:00Z","2026-06-05T09:00:00-03:00","America/Sao_Paulo",-23.6473149,-46.6643635,,,,"AirGradient","AirGradient"
6139516,"São Paulo","um003",213,"particles/cm³","2026-06-05T13:00:00Z","2026-06-05T10:00:00-03:00","America/Sao_Paulo",-23.6473149,-46.6643635,,,,"AirGradient","AirGradient"
6139516,"São Paulo","um003",118,"particles/cm³","2026-06-05T14:00:00Z","2026-06-05T11:00:00-03:00","America/Sao_Paulo",-23.6473149,-46.6643635,,,,"AirGradient","AirGradient"
6139516,"São Paulo","um003",102,"particles/cm³","2026-06-05T15:00:00Z","2026-06-05T12:00:00-03:00","America/Sao_Paulo",-23.6473149,-46.6643635,,,,"AirGradient","AirGradient"
6139516,"São Paulo","um003",94,"particles/cm³","2026-06-05T16:00:00Z","2026-06-05T13:00:00-03:00","America/Sao_Paulo",-23.6473149,-46.6643635,,,,"AirGradient","AirGradient"
6139516,"São Paulo","um003",116,"particles/cm³","2026-06-05T17:00:00Z","2026-06-05T14:00:00-03:00","America/Sao_Paulo",-23.6473149,-46.6643635,,,,"AirGradient","AirGradient"
6139516,"São Paulo","um003",192,"particles/cm³","2026-06-05T18:00:00Z","2026-06-05T15:00:00-03:00","America/Sao_Paulo",-23.6473149,-46.6643635,,,,"AirGradient","AirGradient"
6139516,"São Paulo","um003",242,"particles/cm³","2026-06-05T19:00:00Z","2026-06-05T16:00:00-03:00","America/Sao_Paulo",-23.6473149,-46.6643635,,,,"AirGradient","AirGradient"
6139516,"São Paulo","um003",230,"particles/cm³","2026-06-05T20:00:00Z","2026-06-05T17:00:00-03:00","America/Sao_Paulo",-23.6473149,-46.6643635,,,,"AirGradient","AirGradient"
6139516,"São Paulo","um003",394,"particles/cm³","2026-06-05T21:00:00Z","2026-06-05T18:00:00-03:00","America/Sao_Paulo",-23.6473149,-46.6643635,,,,"AirGradient","AirGradient"
6139516,"São Paulo","um003",655,"particles/cm³","2026-06-05T22:00:00Z","2026-06-05T19:00:00-03:00","America/Sao_Paulo",-23.6473149,-46.6643635,,,,"AirGradient","AirGradient"
6139516,"São Paulo","um003",802,"particles/cm³","2026-06-05T23:00:00Z","2026-06-05T20:00:00-03:00","America/Sao_Paulo",-23.6473149,-46.6643635,,,,"AirGradient","AirGradient"
6139516,"São Paulo","um003",791,"particles/cm³","2026-06-06T00:00:00Z","2026-06-05T21:00:00-03:00","America/Sao_Paulo",-23.6473149,-46.6643635,,,,"AirGradient","AirGradient"
6139516,"São Paulo","um003",844,"particles/cm³","2026-06-06T01:00:00Z","2026-06-05T22:00:00-03:00","America/Sao_Paulo",-23.6473149,-46.6643635,,,,"AirGradient","AirGradient"
6139516,"São Paulo","um003",839,"particles/cm³","2026-06-06T02:00:00Z","2026-06-05T23:00:00-03:00","America/Sao_Paulo",-23.6473149,-46.6643635,,,,"AirGradient","AirGradient"
6139516,"São Paulo","um003",731,"particles/cm³","2026-06-06T03:00:00Z","2026-06-06T00:00:00-03:00","America/Sao_Paulo",-23.6473149,-46.6643635,,,,"AirGradient","AirGradient"
6139516,"São Paulo","um003",886,"particles/cm³","2026-06-06T04:00:00Z","2026-06-06T01:00:00-03:00","America/Sao_Paulo",-23.6473149,-46.6643635,,,,"AirGradient","AirGradient"
6139516,"São Paulo","um003",633,"particles/cm³","2026-06-06T05:00:00Z","2026-06-06T02:00:00-03:00","America/Sao_Paulo",-23.6473149,-46.6643635,,,,"AirGradient","AirGradient"
6139516,"São Paulo","um003",817,"particles/cm³","2026-06-06T06:00:00Z","2026-06-06T03:00:00-03:00","America/Sao_Paulo",-23.6473149,-46.6643635,,,,"AirGradient","AirGradient"
6139516,"São Paulo","um003",690,"particles/cm³","2026-06-06T07:00:00Z","2026-06-06T04:00:00-03:00","America/Sao_Paulo",-23.6473149,-46.6643635,,,,"AirGradient","AirGradient"
6139516,"São Paulo","um003",891,"particles/cm³","2026-06-06T08:00:00Z","2026-06-06T05:00:00-03:00","America/Sao_Paulo",-23.6473149,-46.6643635,,,,"AirGradient","AirGradient"
6139516,"São Paulo","um003",943,"particles/cm³","2026-06-06T09:00:00Z","2026-06-06T06:00:00-03:00","America/Sao_Paulo",-23.6473149,-46.6643635,,,,"AirGradient","AirGradient"
6139516,"São Paulo","um003",1047,"particles/cm³","2026-06-06T10:00:00Z","2026-06-06T07:00:00-03:00","America/Sao_Paulo",-23.6473149,-46.6643635,,,,"AirGradient","AirGradient"
6139516,"São Paulo","um003",1653,"particles/cm³","2026-06-06T11:00:00Z","2026-06-06T08:00:00-03:00","America/Sao_Paulo",-23.6473149,-46.6643635,,,,"AirGradient","AirGradient"
6139516,"São Paulo","um003",1277,"particles/cm³","2026-06-06T12:00:00Z","2026-06-06T09:00:00-03:00","America/Sao_Paulo",-23.6473149,-46.6643635,,,,"AirGradient","AirGradient"
6139516,"São Paulo","um003",668,"particles/cm³","2026-06-06T13:00:00Z","2026-06-06T10:00:00-03:00","America/Sao_Paulo",-23.6473149,-46.6643635,,,,"AirGradient","AirGradient"
6139516,"São Paulo","um003",669,"particles/cm³","2026-06-06T14:00:00Z","2026-06-06T11:00:00-03:00","America/Sao_Paulo",-23.6473149,-46.6643635,,,,"AirGradient","AirGradient"
6139516,"São Paulo","um003",577,"particles/cm³","2026-06-06T15:00:00Z","2026-06-06T12:00:00-03:00","America/Sao_Paulo",-23.6473149,-46.6643635,,,,"AirGradient","AirGradient"
6139516,"São Paulo","um003",637,"particles/cm³","2026-06-06T16:00:00Z","2026-06-06T13:00:00-03:00","America/Sao_Paulo",-23.6473149,-46.6643635,,,,"AirGradient","AirGradient"
6139516,"São Paulo","um003",741,"particles/cm³","2026-06-06T17:00:00Z","2026-06-06T14:00:00-03:00","America/Sao_Paulo",-23.6473149,-46.6643635,,,,"AirGradient","AirGradient"
6139516,"São Paulo","um003",1019,"particles/cm³","2026-06-06T18:00:00Z","2026-06-06T15:00:00-03:00","America/Sao_Paulo",-23.6473149,-46.6643635,,,,"AirGradient","AirGradient"
6139516,"São Paulo","um003",647,"particles/cm³","2026-06-06T19:00:00Z","2026-06-06T16:00:00-03:00","America/Sao_Paulo",-23.6473149,-46.6643635,,,,"AirGradient","AirGradient"
6139516,"São Paulo","um003",705,"particles/cm³","2026-06-06T20:00:00Z","2026-06-06T17:00:00-03:00","America/Sao_Paulo",-23.6473149,-46.6643635,,,,"AirGradient","AirGradient"
6139516,"São Paulo","um003",725,"particles/cm³","2026-06-06T21:00:00Z","2026-06-06T18:00:00-03:00","America/Sao_Paulo",-23.6473149,-46.6643635,,,,"AirGradient","AirGradient"
6139516,"São Paulo","um003",890,"particles/cm³","2026-06-06T22:00:00Z","2026-06-06T19:00:00-03:00","America/Sao_Paulo",-23.6473149,-46.6643635,,,,"AirGradient","AirGradient"
6139516,"São Paulo","um003",1129,"particles/cm³","2026-06-06T23:00:00Z","2026-06-06T20:00:00-03:00","America/Sao_Paulo",-23.6473149,-46.6643635,,,,"AirGradient","AirGradient"
6139516,"São Paulo","um003",1853,"particles/cm³","2026-06-07T00:00:00Z","2026-06-06T21:00:00-03:00","America/Sao_Paulo",-23.6473149,-46.6643635,,,,"AirGradient","AirGradient"
6139516,"São Paulo","um003",2134,"particles/cm³","2026-06-07T01:00:00Z","2026-06-06T22:00:00-03:00","America/Sao_Paulo",-23.6473149,-46.6643635,,,,"AirGradient","AirGradient"
6139516,"São Paulo","um003",2174,"particles/cm³","2026-06-07T02:00:00Z","2026-06-06T23:00:00-03:00","America/Sao_Paulo",-23.6473149,-46.6643635,,,,"AirGradient","AirGradient"
6139516,"São Paulo","um003",2354,"particles/cm³","2026-06-07T03:00:00Z","2026-06-07T00:00:00-03:00","America/Sao_Paulo",-23.6473149,-46.6643635,,,,"AirGradient","AirGradient"
6139516,"São Paulo","um003",2092,"particles/cm³","2026-06-07T04:00:00Z","2026-06-07T01:00:00-03:00","America/Sao_Paulo",-23.6473149,-46.6643635,,,,"AirGradient","AirGradient"
6139516,"São Paulo","um003",2231,"particles/cm³","2026-06-07T05:00:00Z","2026-06-07T02:00:00-03:00","America/Sao_Paulo",-23.6473149,-46.6643635,,,,"AirGradient","AirGradient"
6139516,"São Paulo","um003",2173,"particles/cm³","2026-06-07T06:00:00Z","2026-06-07T03:00:00-03:00","America/Sao_Paulo",-23.6473149,-46.6643635,,,,"AirGradient","AirGradient"
6139516,"São Paulo","um003",2524,"particles/cm³","2026-06-07T07:00:00Z","2026-06-07T04:00:00-03:00","America/Sao_Paulo",-23.6473149,-46.6643635,,,,"AirGradient","AirGradient"
6139516,"São Paulo","um003",2777,"particles/cm³","2026-06-07T08:00:00Z","2026-06-07T05:00:00-03:00","America/Sao_Paulo",-23.6473149,-46.6643635,,,,"AirGradient","AirGradient"
6139516,"São Paulo","um003",2783,"particles/cm³","2026-06-07T09:00:00Z","2026-06-07T06:00:00-03:00","America/Sao_Paulo",-23.6473149,-46.6643635,,,,"AirGradient","AirGradient"
6139516,"São Paulo","um003",2622,"particles/cm³","2026-06-07T10:00:00Z","2026-06-07T07:00:00-03:00","America/Sao_Paulo",-23.6473149,-46.6643635,,,,"AirGradient","AirGradient"
6139516,"São Paulo","um003",2592,"particles/cm³","2026-06-07T11:00:00Z","2026-06-07T08:00:00-03:00","America/Sao_Paulo",-23.6473149,-46.6643635,,,,"AirGradient","AirGradient"
6139516,"São Paulo","um003",2512,"particles/cm³","2026-06-07T12:00:00Z","2026-06-07T09:00:00-03:00","America/Sao_Paulo",-23.6473149,-46.6643635,,,,"AirGradient","AirGradient"
6139516,"São Paulo","um003",2246,"particles/cm³","2026-06-07T13:00:00Z","2026-06-07T10:00:00-03:00","America/Sao_Paulo",-23.6473149,-46.6643635,,,,"AirGradient","AirGradient"
6139516,"São Paulo","um003",1302,"particles/cm³","2026-06-07T14:00:00Z","2026-06-07T11:00:00-03:00","America/Sao_Paulo",-23.6473149,-46.6643635,,,,"AirGradient","AirGradient"
6139516,"São Paulo","um003",973,"particles/cm³","2026-06-07T15:00:00Z","2026-06-07T12:00:00-03:00","America/Sao_Paulo",-23.6473149,-46.6643635,,,,"AirGradient","AirGradient"
6139516,"São Paulo","um003",848,"particles/cm³","2026-06-07T16:00:00Z","2026-06-07T13:00:00-03:00","America/Sao_Paulo",-23.6473149,-46.6643635,,,,"AirGradient","AirGradient"
6139516,"São Paulo","um003",792,"particles/cm³","2026-06-07T17:00:00Z","2026-06-07T14:00:00-03:00","America/Sao_Paulo",-23.6473149,-46.6643635,,,,"AirGradient","AirGradient"
6139516,"São Paulo","um003",628,"particles/cm³","2026-06-07T18:00:00Z","2026-06-07T15:00:00-03:00","America/Sao_Paulo",-23.6473149,-46.6643635,,,,"AirGradient","AirGradient"
6139516,"São Paulo","um003",607,"particles/cm³","2026-06-07T19:00:00Z","2026-06-07T16:00:00-03:00","America/Sao_Paulo",-23.6473149,-46.6643635,,,,"AirGradient","AirGradient"
6139516,"São Paulo","um003",525,"particles/cm³","2026-06-07T20:00:00Z","2026-06-07T17:00:00-03:00","America/Sao_Paulo",-23.6473149,-46.6643635,,,,"AirGradient","AirGradient"
6139516,"São Paulo","um003",1135,"particles/cm³","2026-06-07T21:00:00Z","2026-06-07T18:00:00-03:00","America/Sao_Paulo",-23.6473149,-46.6643635,,,,"AirGradient","AirGradient"
6139516,"São Paulo","um003",1508,"particles/cm³","2026-06-07T22:00:00Z","2026-06-07T19:00:00-03:00","America/Sao_Paulo",-23.6473149,-46.6643635,,,,"AirGradient","AirGradient"
6139516,"São Paulo","um003",1493,"particles/cm³","2026-06-07T23:00:00Z","2026-06-07T20:00:00-03:00","America/Sao_Paulo",-23.6473149,-46.6643635,,,,"AirGradient","AirGradient"
6139516,"São Paulo","um003",984,"particles/cm³","2026-06-08T00:00:00Z","2026-06-07T21:00:00-03:00","America/Sao_Paulo",-23.6473149,-46.6643635,,,,"AirGradient","AirGradient"
6139516,"São Paulo","um003",992,"particles/cm³","2026-06-08T01:00:00Z","2026-06-07T22:00:00-03:00","America/Sao_Paulo",-23.6473149,-46.6643635,,,,"AirGradient","AirGradient"
6139516,"São Paulo","um003",1022,"particles/cm³","2026-06-08T02:00:00Z","2026-06-07T23:00:00-03:00","America/Sao_Paulo",-23.6473149,-46.6643635,,,,"AirGradient","AirGradient"
6139516,"São Paulo","um003",1079,"particles/cm³","2026-06-08T03:00:00Z","2026-06-08T00:00:00-03:00","America/Sao_Paulo",-23.6473149,-46.6643635,,,,"AirGradient","AirGradient"
6139516,"São Paulo","um003",1087,"particles/cm³","2026-06-08T04:00:00Z","2026-06-08T01:00:00-03:00","America/Sao_Paulo",-23.6473149,-46.6643635,,,,"AirGradient","AirGradient"
6139516,"São Paulo","um003",700,"particles/cm³","2026-06-08T05:00:00Z","2026-06-08T02:00:00-03:00","America/Sao_Paulo",-23.6473149,-46.6643635,,,,"AirGradient","AirGradient"
6139516,"São Paulo","um003",595,"particles/cm³","2026-06-08T06:00:00Z","2026-06-08T03:00:00-03:00","America/Sao_Paulo",-23.6473149,-46.6643635,,,,"AirGradient","AirGradient"
6139516,"São Paulo","um003",592,"particles/cm³","2026-06-08T07:00:00Z","2026-06-08T04:00:00-03:00","America/Sao_Paulo",-23.6473149,-46.6643635,,,,"AirGradient","AirGradient"
6139516,"São Paulo","um003",646,"particles/cm³","2026-06-08T08:00:00Z","2026-06-08T05:00:00-03:00","America/Sao_Paulo",-23.6473149,-46.6643635,,,,"AirGradient","AirGradient"
6139516,"São Paulo","um003",865,"particles/cm³","2026-06-08T09:00:00Z","2026-06-08T06:00:00-03:00","America/Sao_Paulo",-23.6473149,-46.6643635,,,,"AirGradient","AirGradient"
6139516,"São Paulo","um003",1132,"particles/cm³","2026-06-08T10:00:00Z","2026-06-08T07:00:00-03:00","America/Sao_Paulo",-23.6473149,-46.6643635,,,,"AirGradient","AirGradient"
6139516,"São Paulo","um003",1454,"particles/cm³","2026-06-08T11:00:00Z","2026-06-08T08:00:00-03:00","America/Sao_Paulo",-23.6473149,-46.6643635,,,,"AirGradient","AirGradient"
6139516,"São Paulo","um003",1750,"particles/cm³","2026-06-08T12:00:00Z","2026-06-08T09:00:00-03:00","America/Sao_Paulo",-23.6473149,-46.6643635,,,,"AirGradient","AirGradient"
6139516,"São Paulo","um003",1743,"particles/cm³","2026-06-08T13:00:00Z","2026-06-08T10:00:00-03:00","America/Sao_Paulo",-23.6473149,-46.6643635,,,,"AirGradient","AirGradient"
6139516,"São Paulo","um003",1491,"particles/cm³","2026-06-08T14:00:00Z","2026-06-08T11:00:00-03:00","America/Sao_Paulo",-23.6473149,-46.6643635,,,,"AirGradient","AirGradient"
6139516,"São Paulo","um003",1196,"particles/cm³","2026-06-08T15:00:00Z","2026-06-08T12:00:00-03:00","America/Sao_Paulo",-23.6473149,-46.6643635,,,,"AirGradient","AirGradient"
6139516,"São Paulo","um003",926,"particles/cm³","2026-06-08T16:00:00Z","2026-06-08T13:00:00-03:00","America/Sao_Paulo",-23.6473149,-46.6643635,,,,"AirGradient","AirGradient"
6139516,"São Paulo","um003",422,"particles/cm³","2026-06-08T17:00:00Z","2026-06-08T14:00:00-03:00","America/Sao_Paulo",-23.6473149,-46.6643635,,,,"AirGradient","AirGradient"
6139516,"São Paulo","um003",406,"particles/cm³","2026-06-08T18:00:00Z","2026-06-08T15:00:00-03:00","America/Sao_Paulo",-23.6473149,-46.6643635,,,,"AirGradient","AirGradient"
6139516,"São Paulo","um003",360,"particles/cm³","2026-06-08T19:00:00Z","2026-06-08T16:00:00-03:00","America/Sao_Paulo",-23.6473149,-46.6643635,,,,"AirGradient","AirGradient"
6139516,"São Paulo","um003",395,"particles/cm³","2026-06-08T20:00:00Z","2026-06-08T17:00:00-03:00","America/Sao_Paulo",-23.6473149,-46.6643635,,,,"AirGradient","AirGradient"
6139516,"São Paulo","um003",790,"particles/cm³","2026-06-08T21:00:00Z","2026-06-08T18:00:00-03:00","America/Sao_Paulo",-23.6473149,-46.6643635,,,,"AirGradient","AirGradient"
6139516,"São Paulo","um003",1113,"particles/cm³","2026-06-08T22:00:00Z","2026-06-08T19:00:00-03:00","America/Sao_Paulo",-23.6473149,-46.6643635,,,,"AirGradient","AirGradient"
6139516,"São Paulo","um003",1417,"particles/cm³","2026-06-08T23:00:00Z","2026-06-08T20:00:00-03:00","America/Sao_Paulo",-23.6473149,-46.6643635,,,,"AirGradient","AirGradient"
6139516,"São Paulo","um003",1656,"particles/cm³","2026-06-09T00:00:00Z","2026-06-08T21:00:00-03:00","America/Sao_Paulo",-23.6473149,-46.6643635,,,,"AirGradient","AirGradient"
6139516,"São Paulo","um003",1653,"particles/cm³","2026-06-09T01:00:00Z","2026-06-08T22:00:00-03:00","America/Sao_Paulo",-23.6473149,-46.6643635,,,,"AirGradient","AirGradient"
6139516,"São Paulo","um003",1937,"particles/cm³","2026-06-09T02:00:00Z","2026-06-08T23:00:00-03:00","America/Sao_Paulo",-23.6473149,-46.6643635,,,,"AirGradient","AirGradient"
6139516,"São Paulo","um003",2085,"particles/cm³","2026-06-09T03:00:00Z","2026-06-09T00:00:00-03:00","America/Sao_Paulo",-23.6473149,-46.6643635,,,,"AirGradient","AirGradient"
6139516,"São Paulo","um003",2359,"particles/cm³","2026-06-09T04:00:00Z","2026-06-09T01:00:00-03:00","America/Sao_Paulo",-23.6473149,-46.6643635,,,,"AirGradient","AirGradient"
6139516,"São Paulo","um003",2618,"particles/cm³","2026-06-09T05:00:00Z","2026-06-09T02:00:00-03:00","America/Sao_Paulo",-23.6473149,-46.6643635,,,,"AirGradient","AirGradient"
6139516,"São Paulo","um003",2933,"particles/cm³","2026-06-09T06:00:00Z","2026-06-09T03:00:00-03:00","America/Sao_Paulo",-23.6473149,-46.6643635,,,,"AirGradient","AirGradient"
6139516,"São Paulo","um003",3130,"particles/cm³","2026-06-09T07:00:00Z","2026-06-09T04:00:00-03:00","America/Sao_Paulo",-23.6473149,-46.6643635,,,,"AirGradient","AirGradient"
6139516,"São Paulo","um003",3488,"particles/cm³","2026-06-09T08:00:00Z","2026-06-09T05:00:00-03:00","America/Sao_Paulo",-23.6473149,-46.6643635,,,,"AirGradient","AirGradient"
6139516,"São Paulo","um003",2720,"particles/cm³","2026-06-09T09:00:00Z","2026-06-09T06:00:00-03:00","America/Sao_Paulo",-23.6473149,-46.6643635,,,,"AirGradient","AirGradient"
6139516,"São Paulo","um003",2233,"particles/cm³","2026-06-09T10:00:00Z","2026-06-09T07:00:00-03:00","America/Sao_Paulo",-23.6473149,-46.6643635,,,,"AirGradient","AirGradient"
6139516,"São Paulo","um003",2225,"particles/cm³","2026-06-09T11:00:00Z","2026-06-09T08:00:00-03:00","America/Sao_Paulo",-23.6473149,-46.6643635,,,,"AirGradient","AirGradient"
6139516,"São Paulo","um003",2159,"particles/cm³","2026-06-09T12:00:00Z","2026-06-09T09:00:00-03:00","America/Sao_Paulo",-23.6473149,-46.6643635,,,,"AirGradient","AirGradient"
6139516,"São Paulo","um003",2057,"particles/cm³","2026-06-09T13:00:00Z","2026-06-09T10:00:00-03:00","America/Sao_Paulo",-23.6473149,-46.6643635,,,,"AirGradient","AirGradient"
6139516,"São Paulo","um003",1342,"particles/cm³","2026-06-09T14:00:00Z","2026-06-09T11:00:00-03:00","America/Sao_Paulo",-23.6473149,-46.6643635,,,,"AirGradient","AirGradient"
6139516,"São Paulo","um003",920,"particles/cm³","2026-06-09T15:00:00Z","2026-06-09T12:00:00-03:00","America/Sao_Paulo",-23.6473149,-46.6643635,,,,"AirGradient","AirGradient"
6139516,"São Paulo","um003",792,"particles/cm³","2026-06-09T16:00:00Z","2026-06-09T13:00:00-03:00","America/Sao_Paulo",-23.6473149,-46.6643635,,,,"AirGradient","AirGradient"
6139516,"São Paulo","um003",632,"particles/cm³","2026-06-09T17:00:00Z","2026-06-09T14:00:00-03:00","America/Sao_Paulo",-23.6473149,-46.6643635,,,,"AirGradient","AirGradient"
6139516,"São Paulo","um003",618,"particles/cm³","2026-06-09T18:00:00Z","2026-06-09T15:00:00-03:00","America/Sao_Paulo",-23.6473149,-46.6643635,,,,"AirGradient","AirGradient"
6139516,"São Paulo","um003",641,"particles/cm³","2026-06-09T19:00:00Z","2026-06-09T16:00:00-03:00","America/Sao_Paulo",-23.6473149,-46.6643635,,,,"AirGradient","AirGradient"
6139516,"São Paulo","um003",577,"particles/cm³","2026-06-09T20:00:00Z","2026-06-09T17:00:00-03:00","America/Sao_Paulo",-23.6473149,-46.6643635,,,,"AirGradient","AirGradient"
6139516,"São Paulo","um003",730,"particles/cm³","2026-06-09T21:00:00Z","2026-06-09T18:00:00-03:00","America/Sao_Paulo",-23.6473149,-46.6643635,,,,"AirGradient","AirGradient"
6139516,"São Paulo","um003",779,"particles/cm³","2026-06-09T22:00:00Z","2026-06-09T19:00:00-03:00","America/Sao_Paulo",-23.6473149,-46.6643635,,,,"AirGradient","AirGradient"
6139516,"São Paulo","um003",1237,"particles/cm³","2026-06-09T23:00:00Z","2026-06-09T20:00:00-03:00","America/Sao_Paulo",-23.6473149,-46.6643635,,,,"AirGradient","AirGradient"
6139516,"São Paulo","um003",1074,"particles/cm³","2026-06-10T00:00:00Z","2026-06-09T21:00:00-03:00","America/Sao_Paulo",-23.6473149,-46.6643635,,,,"AirGradient","AirGradient"
6139516,"São Paulo","um003",1243,"particles/cm³","2026-06-10T01:00:00Z","2026-06-09T22:00:00-03:00","America/Sao_Paulo",-23.6473149,-46.6643635,,,,"AirGradient","AirGradient"
6139516,"São Paulo","um003",1465,"particles/cm³","2026-06-10T02:00:00Z","2026-06-09T23:00:00-03:00","America/Sao_Paulo",-23.6473149,-46.6643635,,,,"AirGradient","AirGradient"
6139516,"São Paulo","um003",1715,"particles/cm³","2026-06-10T03:00:00Z","2026-06-10T00:00:00-03:00","America/Sao_Paulo",-23.6473149,-46.6643635,,,,"AirGradient","AirGradient"
6139516,"São Paulo","um003",1733,"particles/cm³","2026-06-10T04:00:00Z","2026-06-10T01:00:00-03:00","America/Sao_Paulo",-23.6473149,-46.6643635,,,,"AirGradient","AirGradient"
6139516,"São Paulo","um003",1731,"particles/cm³","2026-06-10T05:00:00Z","2026-06-10T02:00:00-03:00","America/Sao_Paulo",-23.6473149,-46.6643635,,,,"AirGradient","AirGradient"
6139516,"São Paulo","um003",2262,"particles/cm³","2026-06-10T06:00:00Z","2026-06-10T03:00:00-03:00","America/Sao_Paulo",-23.6473149,-46.6643635,,,,"AirGradient","AirGradient"
6139516,"São Paulo","um003",2364,"particles/cm³","2026-06-10T07:00:00Z","2026-06-10T04:00:00-03:00","America/Sao_Paulo",-23.6473149,-46.6643635,,,,"AirGradient","AirGradient"
6139516,"São Paulo","um003",3118,"particles/cm³","2026-06-10T08:00:00Z","2026-06-10T05:00:00-03:00","America/Sao_Paulo",-23.6473149,-46.6643635,,,,"AirGradient","AirGradient"
6139516,"São Paulo","um003",3168,"particles/cm³","2026-06-10T09:00:00Z","2026-06-10T06:00:00-03:00","America/Sao_Paulo",-23.6473149,-46.6643635,,,,"AirGradient","AirGradient"
6139516,"São Paulo","um003",2777,"particles/cm³","2026-06-10T10:00:00Z","2026-06-10T07:00:00-03:00","America/Sao_Paulo",-23.6473149,-46.6643635,,,,"AirGradient","AirGradient"
6139516,"São Paulo","um003",2111,"particles/cm³","2026-06-10T11:00:00Z","2026-06-10T08:00:00-03:00","America/Sao_Paulo",-23.6473149,-46.6643635,,,,"AirGradient","AirGradient"
6139516,"São Paulo","um003",1940,"particles/cm³","2026-06-10T12:00:00Z","2026-06-10T09:00:00-03:00","America/Sao_Paulo",-23.6473149,-46.6643635,,,,"AirGradient","AirGradient"
6139516,"São Paulo","um003",2237,"particles/cm³","2026-06-10T13:00:00Z","2026-06-10T10:00:00-03:00","America/Sao_Paulo",-23.6473149,-46.6643635,,,,"AirGradient","AirGradient"
6139516,"São Paulo","um003",3733,"particles/cm³","2026-06-10T14:00:00Z","2026-06-10T11:00:00-03:00","America/Sao_Paulo",-23.6473149,-46.6643635,,,,"AirGradient","AirGradient"
6139516,"São Paulo","um003",2354,"particles/cm³","2026-06-10T15:00:00Z","2026-06-10T12:00:00-03:00","America/Sao_Paulo",-23.6473149,-46.6643635,,,,"AirGradient","AirGradient"
6139516,"São Paulo","um003",1632,"particles/cm³","2026-06-10T16:00:00Z","2026-06-10T13:00:00-03:00","America/Sao_Paulo",-23.6473149,-46.6643635,,,,"AirGradient","AirGradient"
6139516,"São Paulo","um003",1507,"particles/cm³","2026-06-10T17:00:00Z","2026-06-10T14:00:00-03:00","America/Sao_Paulo",-23.6473149,-46.6643635,,,,"AirGradient","AirGradient"
6139516,"São Paulo","um003",2098,"particles/cm³","2026-06-10T18:00:00Z","2026-06-10T15:00:00-03:00","America/Sao_Paulo",-23.6473149,-46.6643635,,,,"AirGradient","AirGradient"
6139516,"São Paulo","um003",2819,"particles/cm³","2026-06-10T19:00:00Z","2026-06-10T16:00:00-03:00","America/Sao_Paulo",-23.6473149,-46.6643635,,,,"AirGradient","AirGradient"
6139516,"São Paulo","um003",2531,"particles/cm³","2026-06-10T20:00:00Z","2026-06-10T17:00:00-03:00","America/Sao_Paulo",-23.6473149,-46.6643635,,,,"AirGradient","AirGradient"
6139516,"São Paulo","um003",2060,"particles/cm³","2026-06-10T21:00:00Z","2026-06-10T18:00:00-03:00","America/Sao_Paulo",-23.6473149,-46.6643635,,,,"AirGradient","AirGradient"
6139516,"São Paulo","um003",1733,"particles/cm³","2026-06-10T22:00:00Z","2026-06-10T19:00:00-03:00","America/Sao_Paulo",-23.6473149,-46.6643635,,,,"AirGradient","AirGradient"
6139516,"São Paulo","um003",1439,"particles/cm³","2026-06-10T23:00:00Z","2026-06-10T20:00:00-03:00","America/Sao_Paulo",-23.6473149,-46.6643635,,,,"AirGradient","AirGradient"
6139516,"São Paulo","um003",1527,"particles/cm³","2026-06-11T00:00:00Z","2026-06-10T21:00:00-03:00","America/Sao_Paulo",-23.6473149,-46.6643635,,,,"AirGradient","AirGradient"
6139516,"São Paulo","um003",1635,"particles/cm³","2026-06-11T01:00:00Z","2026-06-10T22:00:00-03:00","America/Sao_Paulo",-23.6473149,-46.6643635,,,,"AirGradient","AirGradient"
6139516,"São Paulo","um003",1610,"particles/cm³","2026-06-11T02:00:00Z","2026-06-10T23:00:00-03:00","America/Sao_Paulo",-23.6473149,-46.6643635,,,,"AirGradient","AirGradient"
6139516,"São Paulo","um003",1229,"particles/cm³","2026-06-11T03:00:00Z","2026-06-11T00:00:00-03:00","America/Sao_Paulo",-23.6473149,-46.6643635,,,,"AirGradient","AirGradient"
6139516,"São Paulo","um003",1102,"particles/cm³","2026-06-11T04:00:00Z","2026-06-11T01:00:00-03:00","America/Sao_Paulo",-23.6473149,-46.6643635,,,,"AirGradient","AirGradient"
6139516,"São Paulo","um003",1143,"particles/cm³","2026-06-11T05:00:00Z","2026-06-11T02:00:00-03:00","America/Sao_Paulo",-23.6473149,-46.6643635,,,,"AirGradient","AirGradient"
6139516,"São Paulo","um003",1259,"particles/cm³","2026-06-11T06:00:00Z","2026-06-11T03:00:00-03:00","America/Sao_Paulo",-23.6473149,-46.6643635,,,,"AirGradient","AirGradient"
6139516,"São Paulo","um003",1289,"particles/cm³","2026-06-11T07:00:00Z","2026-06-11T04:00:00-03:00","America/Sao_Paulo",-23.6473149,-46.6643635,,,,"AirGradient","AirGradient"
6139516,"São Paulo","um003",1168,"particles/cm³","2026-06-11T08:00:00Z","2026-06-11T05:00:00-03:00","America/Sao_Paulo",-23.6473149,-46.6643635,,,,"AirGradient","AirGradient"
6139516,"São Paulo","um003",1103,"particles/cm³","2026-06-11T09:00:00Z","2026-06-11T06:00:00-03:00","America/Sao_Paulo",-23.6473149,-46.6643635,,,,"AirGradient","AirGradient"
6139516,"São Paulo","um003",1038,"particles/cm³","2026-06-11T10:00:00Z","2026-06-11T07:00:00-03:00","America/Sao_Paulo",-23.6473149,-46.6643635,,,,"AirGradient","AirGradient"
6139516,"São Paulo","um003",934,"particles/cm³","2026-06-11T11:00:00Z","2026-06-11T08:00:00-03:00","America/Sao_Paulo",-23.6473149,-46.6643635,,,,"AirGradient","AirGradient"
6139516,"São Paulo","um003",1129,"particles/cm³","2026-06-11T12:00:00Z","2026-06-11T09:00:00-03:00","America/Sao_Paulo",-23.6473149,-46.6643635,,,,"AirGradient","AirGradient"
6139516,"São Paulo","um003",1155,"particles/cm³","2026-06-11T13:00:00Z","2026-06-11T10:00:00-03:00","America/Sao_Paulo",-23.6473149,-46.6643635,,,,"AirGradient","AirGradient"
6139516,"São Paulo","um003",878,"particles/cm³","2026-06-11T14:00:00Z","2026-06-11T11:00:00-03:00","America/Sao_Paulo",-23.6473149,-46.6643635,,,,"AirGradient","AirGradient"
6139516,"São Paulo","um003",774,"particles/cm³","2026-06-11T15:00:00Z","2026-06-11T12:00:00-03:00","America/Sao_Paulo",-23.6473149,-46.6643635,,,,"AirGradient","AirGradient"
6139516,"São Paulo","um003",671,"particles/cm³","2026-06-11T16:00:00Z","2026-06-11T13:00:00-03:00","America/Sao_Paulo",-23.6473149,-46.6643635,,,,"AirGradient","AirGradient"
6139516,"São Paulo","um003",510,"particles/cm³","2026-06-11T17:00:00Z","2026-06-11T14:00:00-03:00","America/Sao_Paulo",-23.6473149,-46.6643635,,,,"AirGradient","AirGradient"
6139516,"São Paulo","um003",560,"particles/cm³","2026-06-11T18:00:00Z","2026-06-11T15:00:00-03:00","America/Sao_Paulo",-23.6473149,-46.6643635,,,,"AirGradient","AirGradient"
6139516,"São Paulo","um003",587,"particles/cm³","2026-06-11T19:00:00Z","2026-06-11T16:00:00-03:00","America/Sao_Paulo",-23.6473149,-46.6643635,,,,"AirGradient","AirGradient"
6139516,"São Paulo","um003",626,"particles/cm³","2026-06-11T20:00:00Z","2026-06-11T17:00:00-03:00","America/Sao_Paulo",-23.6473149,-46.6643635,,,,"AirGradient","AirGradient"
6139516,"São Paulo","um003",958,"particles/cm³","2026-06-11T21:00:00Z","2026-06-11T18:00:00-03:00","America/Sao_Paulo",-23.6473149,-46.6643635,,,,"AirGradient","AirGradient"
6139516,"São Paulo","um003",1167,"particles/cm³","2026-06-11T22:00:00Z","2026-06-11T19:00:00-03:00","America/Sao_Paulo",-23.6473149,-46.6643635,,,,"AirGradient","AirGradient"
6139516,"São Paulo","um003",1245,"particles/cm³","2026-06-11T23:00:00Z","2026-06-11T20:00:00-03:00","America/Sao_Paulo",-23.6473149,-46.6643635,,,,"AirGradient","AirGradient"
6139516,"São Paulo","um003",1248,"particles/cm³","2026-06-12T00:00:00Z","2026-06-11T21:00:00-03:00","America/Sao_Paulo",-23.6473149,-46.6643635,,,,"AirGradient","AirGradient"
6139516,"São Paulo","um003",1267,"particles/cm³","2026-06-12T01:00:00Z","2026-06-11T22:00:00-03:00","America/Sao_Paulo",-23.6473149,-46.6643635,,,,"AirGradient","AirGradient"
6139516,"São Paulo","um003",1203,"particles/cm³","2026-06-12T02:00:00Z","2026-06-11T23:00:00-03:00","America/Sao_Paulo",-23.6473149,-46.6643635,,,,"AirGradient","AirGradient"
6139516,"São Paulo","um003",1065,"particles/cm³","2026-06-12T03:00:00Z","2026-06-12T00:00:00-03:00","America/Sao_Paulo",-23.6473149,-46.6643635,,,,"AirGradient","AirGradient"
6139516,"São Paulo","um003",1380,"particles/cm³","2026-06-12T04:00:00Z","2026-06-12T01:00:00-03:00","America/Sao_Paulo",-23.6473149,-46.6643635,,,,"AirGradient","AirGradient"
6139516,"São Paulo","um003",1242,"particles/cm³","2026-06-12T05:00:00Z","2026-06-12T02:00:00-03:00","America/Sao_Paulo",-23.6473149,-46.6643635,,,,"AirGradient","AirGradient"
6139516,"São Paulo","um003",1285,"particles/cm³","2026-06-12T06:00:00Z","2026-06-12T03:00:00-03:00","America/Sao_Paulo",-23.6473149,-46.6643635,,,,"AirGradient","AirGradient"
6139516,"São Paulo","um003",1455,"particles/cm³","2026-06-12T07:00:00Z","2026-06-12T04:00:00-03:00","America/Sao_Paulo",-23.6473149,-46.6643635,,,,"AirGradient","AirGradient"
6139516,"São Paulo","um003",1247,"particles/cm³","2026-06-12T08:00:00Z","2026-06-12T05:00:00-03:00","America/Sao_Paulo",-23.6473149,-46.6643635,,,,"AirGradient","AirGradient"
6139516,"São Paulo","um003",1321,"particles/cm³","2026-06-12T09:00:00Z","2026-06-12T06:00:00-03:00","America/Sao_Paulo",-23.6473149,-46.6643635,,,,"AirGradient","AirGradient"
6139516,"São Paulo","um003",1031,"particles/cm³","2026-06-12T10:00:00Z","2026-06-12T07:00:00-03:00","America/Sao_Paulo",-23.6473149,-46.6643635,,,,"AirGradient","AirGradient"
6139516,"São Paulo","um003",822,"particles/cm³","2026-06-12T11:00:00Z","2026-06-12T08:00:00-03:00","America/Sao_Paulo",-23.6473149,-46.6643635,,,,"AirGradient","AirGradient"
6139516,"São Paulo","um003",839,"particles/cm³","2026-06-12T12:00:00Z","2026-06-12T09:00:00-03:00","America/Sao_Paulo",-23.6473149,-46.6643635,,,,"AirGradient","AirGradient"
6139516,"São Paulo","um003",374,"particles/cm³","2026-06-12T13:00:00Z","2026-06-12T10:00:00-03:00","America/Sao_Paulo",-23.6473149,-46.6643635,,,,"AirGradient","AirGradient"
6139516,"São Paulo","um003",437,"particles/cm³","2026-06-12T14:00:00Z","2026-06-12T11:00:00-03:00","America/Sao_Paulo",-23.6473149,-46.6643635,,,,"AirGradient","AirGradient"
6139516,"São Paulo","um003",562,"particles/cm³","2026-06-12T15:00:00Z","2026-06-12T12:00:00-03:00","America/Sao_Paulo",-23.6473149,-46.6643635,,,,"AirGradient","AirGradient"
6139516,"São Paulo","um003",477,"particles/cm³","2026-06-12T16:00:00Z","2026-06-12T13:00:00-03:00","America/Sao_Paulo",-23.6473149,-46.6643635,,,,"AirGradient","AirGradient"
6139516,"São Paulo","um003",385,"particles/cm³","2026-06-12T17:00:00Z","2026-06-12T14:00:00-03:00","America/Sao_Paulo",-23.6473149,-46.6643635,,,,"AirGradient","AirGradient"
6139516,"São Paulo","um003",449,"particles/cm³","2026-06-12T18:00:00Z","2026-06-12T15:00:00-03:00","America/Sao_Paulo",-23.6473149,-46.6643635,,,,"AirGradient","AirGradient"
6139516,"São Paulo","um003",565,"particles/cm³","2026-06-12T19:00:00Z","2026-06-12T16:00:00-03:00","America/Sao_Paulo",-23.6473149,-46.6643635,,,,"AirGradient","AirGradient"
6139516,"São Paulo","um003",566,"particles/cm³","2026-06-12T20:00:00Z","2026-06-12T17:00:00-03:00","America/Sao_Paulo",-23.6473149,-46.6643635,,,,"AirGradient","AirGradient"
6139516,"São Paulo","um003",610,"particles/cm³","2026-06-12T21:00:00Z","2026-06-12T18:00:00-03:00","America/Sao_Paulo",-23.6473149,-46.6643635,,,,"AirGradient","AirGradient"
6139516,"São Paulo","um003",664,"particles/cm³","2026-06-12T22:00:00Z","2026-06-12T19:00:00-03:00","America/Sao_Paulo",-23.6473149,-46.6643635,,,,"AirGradient","AirGradient"
6139516,"São Paulo","um003",614,"particles/cm³","2026-06-12T23:00:00Z","2026-06-12T20:00:00-03:00","America/Sao_Paulo",-23.6473149,-46.6643635,,,,"AirGradient","AirGradient"
6139516,"São Paulo","um003",534,"particles/cm³","2026-06-13T00:00:00Z","2026-06-12T21:00:00-03:00","America/Sao_Paulo",-23.6473149,-46.6643635,,,,"AirGradient","AirGradient"
6139516,"São Paulo","um003",498,"particles/cm³","2026-06-13T01:00:00Z","2026-06-12T22:00:00-03:00","America/Sao_Paulo",-23.6473149,-46.6643635,,,,"AirGradient","AirGradient"
6139516,"São Paulo","um003",383,"particles/cm³","2026-06-13T02:00:00Z","2026-06-12T23:00:00-03:00","America/Sao_Paulo",-23.6473149,-46.6643635,,,,"AirGradient","AirGradient"
6139516,"São Paulo","um003",333,"particles/cm³","2026-06-13T03:00:00Z","2026-06-13T00:00:00-03:00","America/Sao_Paulo",-23.6473149,-46.6643635,,,,"AirGradient","AirGradient"
6139516,"São Paulo","um003",363,"particles/cm³","2026-06-13T04:00:00Z","2026-06-13T01:00:00-03:00","America/Sao_Paulo",-23.6473149,-46.6643635,,,,"AirGradient","AirGradient"
6139516,"São Paulo","um003",370,"particles/cm³","2026-06-13T05:00:00Z","2026-06-13T02:00:00-03:00","America/Sao_Paulo",-23.6473149,-46.6643635,,,,"AirGradient","AirGradient"
6139516,"São Paulo","um003",330,"particles/cm³","2026-06-13T06:00:00Z","2026-06-13T03:00:00-03:00","America/Sao_Paulo",-23.6473149,-46.6643635,,,,"AirGradient","AirGradient"
6139516,"São Paulo","um003",290,"particles/cm³","2026-06-13T07:00:00Z","2026-06-13T04:00:00-03:00","America/Sao_Paulo",-23.6473149,-46.6643635,,,,"AirGradient","AirGradient"
6139516,"São Paulo","um003",219,"particles/cm³","2026-06-13T08:00:00Z","2026-06-13T05:00:00-03:00","America/Sao_Paulo",-23.6473149,-46.6643635,,,,"AirGradient","AirGradient"
6139516,"São Paulo","um003",174,"particles/cm³","2026-06-13T09:00:00Z","2026-06-13T06:00:00-03:00","America/Sao_Paulo",-23.6473149,-46.6643635,,,,"AirGradient","AirGradient"
6139516,"São Paulo","um003",206,"particles/cm³","2026-06-13T10:00:00Z","2026-06-13T07:00:00-03:00","America/Sao_Paulo",-23.6473149,-46.6643635,,,,"AirGradient","AirGradient"
6139516,"São Paulo","um003",176,"particles/cm³","2026-06-13T11:00:00Z","2026-06-13T08:00:00-03:00","America/Sao_Paulo",-23.6473149,-46.6643635,,,,"AirGradient","AirGradient"
6139516,"São Paulo","um003",146,"particles/cm³","2026-06-13T12:00:00Z","2026-06-13T09:00:00-03:00","America/Sao_Paulo",-23.6473149,-46.6643635,,,,"AirGradient","AirGradient"
6139516,"São Paulo","um003",144,"particles/cm³","2026-06-13T13:00:00Z","2026-06-13T10:00:00-03:00","America/Sao_Paulo",-23.6473149,-46.6643635,,,,"AirGradient","AirGradient"
6139516,"São Paulo","um003",98,"particles/cm³","2026-06-13T14:00:00Z","2026-06-13T11:00:00-03:00","America/Sao_Paulo",-23.6473149,-46.6643635,,,,"AirGradient","AirGradient"
6139516,"São Paulo","um003",241,"particles/cm³","2026-06-13T15:00:00Z","2026-06-13T12:00:00-03:00","America/Sao_Paulo",-23.6473149,-46.6643635,,,,"AirGradient","AirGradient"
6139516,"São Paulo","um003",391,"particles/cm³","2026-06-13T16:00:00Z","2026-06-13T13:00:00-03:00","America/Sao_Paulo",-23.6473149,-46.6643635,,,,"AirGradient","AirGradient"
6139516,"São Paulo","um003",392,"particles/cm³","2026-06-13T17:00:00Z","2026-06-13T14:00:00-03:00","America/Sao_Paulo",-23.6473149,-46.6643635,,,,"AirGradient","AirGradient"
6139516,"São Paulo","um003",229,"particles/cm³","2026-06-13T18:00:00Z","2026-06-13T15:00:00-03:00","America/Sao_Paulo",-23.6473149,-46.6643635,,,,"AirGradient","AirGradient"
6139516,"São Paulo","um003",194,"particles/cm³","2026-06-13T19:00:00Z","2026-06-13T16:00:00-03:00","America/Sao_Paulo",-23.6473149,-46.6643635,,,,"AirGradient","AirGradient"
6139516,"São Paulo","um003",304,"particles/cm³","2026-06-13T20:00:00Z","2026-06-13T17:00:00-03:00","America/Sao_Paulo",-23.6473149,-46.6643635,,,,"AirGradient","AirGradient"
6139516,"São Paulo","um003",497,"particles/cm³","2026-06-13T21:00:00Z","2026-06-13T18:00:00-03:00","America/Sao_Paulo",-23.6473149,-46.6643635,,,,"AirGradient","AirGradient"
6139516,"São Paulo","um003",895,"particles/cm³","2026-06-13T22:00:00Z","2026-06-13T19:00:00-03:00","America/Sao_Paulo",-23.6473149,-46.6643635,,,,"AirGradient","AirGradient"
6139516,"São Paulo","um003",1058,"particles/cm³","2026-06-13T23:00:00Z","2026-06-13T20:00:00-03:00","America/Sao_Paulo",-23.6473149,-46.6643635,,,,"AirGradient","AirGradient"
6139516,"São Paulo","um003",1195,"particles/cm³","2026-06-14T00:00:00Z","2026-06-13T21:00:00-03:00","America/Sao_Paulo",-23.6473149,-46.6643635,,,,"AirGradient","AirGradient"
6139516,"São Paulo","um003",993,"particles/cm³","2026-06-14T01:00:00Z","2026-06-13T22:00:00-03:00","America/Sao_Paulo",-23.6473149,-46.6643635,,,,"AirGradient","AirGradient"
6139516,"São Paulo","um003",371,"particles/cm³","2026-06-14T02:00:00Z","2026-06-13T23:00:00-03:00","America/Sao_Paulo",-23.6473149,-46.6643635,,,,"AirGradient","AirGradient"
6139516,"São Paulo","um003",231,"particles/cm³","2026-06-14T03:00:00Z","2026-06-14T00:00:00-03:00","America/Sao_Paulo",-23.6473149,-46.6643635,,,,"AirGradient","AirGradient"
6139516,"São Paulo","um003",186,"particles/cm³","2026-06-14T04:00:00Z","2026-06-14T01:00:00-03:00","America/Sao_Paulo",-23.6473149,-46.6643635,,,,"AirGradient","AirGradient"
6139516,"São Paulo","um003",189,"particles/cm³","2026-06-14T05:00:00Z","2026-06-14T02:00:00-03:00","America/Sao_Paulo",-23.6473149,-46.6643635,,,,"AirGradient","AirGradient"
6139516,"São Paulo","um003",344,"particles/cm³","2026-06-14T06:00:00Z","2026-06-14T03:00:00-03:00","America/Sao_Paulo",-23.6473149,-46.6643635,,,,"AirGradient","AirGradient"
6139516,"São Paulo","um003",334,"particles/cm³","2026-06-14T07:00:00Z","2026-06-14T04:00:00-03:00","America/Sao_Paulo",-23.6473149,-46.6643635,,,,"AirGradient","AirGradient"
6139516,"São Paulo","um003",281,"particles/cm³","2026-06-14T08:00:00Z","2026-06-14T05:00:00-03:00","America/Sao_Paulo",-23.6473149,-46.6643635,,,,"AirGradient","AirGradient"
6139516,"São Paulo","um003",331,"particles/cm³","2026-06-14T09:00:00Z","2026-06-14T06:00:00-03:00","America/Sao_Paulo",-23.6473149,-46.6643635,,,,"AirGradient","AirGradient"
6139516,"São Paulo","um003",275,"particles/cm³","2026-06-14T10:00:00Z","2026-06-14T07:00:00-03:00","America/Sao_Paulo",-23.6473149,-46.6643635,,,,"AirGradient","AirGradient"
6139516,"São Paulo","um003",157,"particles/cm³","2026-06-14T11:00:00Z","2026-06-14T08:00:00-03:00","America/Sao_Paulo",-23.6473149,-46.6643635,,,,"AirGradient","AirGradient"
6139516,"São Paulo","um003",172,"particles/cm³","2026-06-14T12:00:00Z","2026-06-14T09:00:00-03:00","America/Sao_Paulo",-23.6473149,-46.6643635,,,,"AirGradient","AirGradient"
6139516,"São Paulo","um003",153,"particles/cm³","2026-06-14T13:00:00Z","2026-06-14T10:00:00-03:00","America/Sao_Paulo",-23.6473149,-46.6643635,,,,"AirGradient","AirGradient"
6139516,"São Paulo","um003",242,"particles/cm³","2026-06-14T14:00:00Z","2026-06-14T11:00:00-03:00","America/Sao_Paulo",-23.6473149,-46.6643635,,,,"AirGradient","AirGradient"
6139516,"São Paulo","um003",225,"particles/cm³","2026-06-14T15:00:00Z","2026-06-14T12:00:00-03:00","America/Sao_Paulo",-23.6473149,-46.6643635,,,,"AirGradient","AirGradient"
6139516,"São Paulo","um003",205,"particles/cm³","2026-06-14T16:00:00Z","2026-06-14T13:00:00-03:00","America/Sao_Paulo",-23.6473149,-46.6643635,,,,"AirGradient","AirGradient"
6139516,"São Paulo","um003",218,"particles/cm³","2026-06-14T17:00:00Z","2026-06-14T14:00:00-03:00","America/Sao_Paulo",-23.6473149,-46.6643635,,,,"AirGradient","AirGradient"
6139516,"São Paulo","um003",370,"particles/cm³","2026-06-14T18:00:00Z","2026-06-14T15:00:00-03:00","America/Sao_Paulo",-23.6473149,-46.6643635,,,,"AirGradient","AirGradient"
6139516,"São Paulo","um003",287,"particles/cm³","2026-06-14T19:00:00Z","2026-06-14T16:00:00-03:00","America/Sao_Paulo",-23.6473149,-46.6643635,,,,"AirGradient","AirGradient"
6139516,"São Paulo","um003",277,"particles/cm³","2026-06-14T20:00:00Z","2026-06-14T17:00:00-03:00","America/Sao_Paulo",-23.6473149,-46.6643635,,,,"AirGradient","AirGradient"
6139516,"São Paulo","um003",390,"particles/cm³","2026-06-14T21:00:00Z","2026-06-14T18:00:00-03:00","America/Sao_Paulo",-23.6473149,-46.6643635,,,,"AirGradient","AirGradient"
6139516,"São Paulo","um003",413,"particles/cm³","2026-06-14T22:00:00Z","2026-06-14T19:00:00-03:00","America/Sao_Paulo",-23.6473149,-46.6643635,,,,"AirGradient","AirGradient"
6139516,"São Paulo","um003",393,"particles/cm³","2026-06-14T23:00:00Z","2026-06-14T20:00:00-03:00","America/Sao_Paulo",-23.6473149,-46.6643635,,,,"AirGradient","AirGradient"
6139516,"São Paulo","um003",487,"particles/cm³","2026-06-15T00:00:00Z","2026-06-14T21:00:00-03:00","America/Sao_Paulo",-23.6473149,-46.6643635,,,,"AirGradient","AirGradient"
6139516,"São Paulo","um003",536,"particles/cm³","2026-06-15T01:00:00Z","2026-06-14T22:00:00-03:00","America/Sao_Paulo",-23.6473149,-46.6643635,,,,"AirGradient","AirGradient"
6139516,"São Paulo","um003",475,"particles/cm³","2026-06-15T02:00:00Z","2026-06-14T23:00:00-03:00","America/Sao_Paulo",-23.6473149,-46.6643635,,,,"AirGradient","AirGradient"
6139516,"São Paulo","um003",484,"particles/cm³","2026-06-15T03:00:00Z","2026-06-15T00:00:00-03:00","America/Sao_Paulo",-23.6473149,-46.6643635,,,,"AirGradient","AirGradient"
6139516,"São Paulo","um003",529,"particles/cm³","2026-06-15T04:00:00Z","2026-06-15T01:00:00-03:00","America/Sao_Paulo",-23.6473149,-46.6643635,,,,"AirGradient","AirGradient"
6139516,"São Paulo","um003",613,"particles/cm³","2026-06-15T05:00:00Z","2026-06-15T02:00:00-03:00","America/Sao_Paulo",-23.6473149,-46.6643635,,,,"AirGradient","AirGradient"
6139516,"São Paulo","um003",413,"particles/cm³","2026-06-15T06:00:00Z","2026-06-15T03:00:00-03:00","America/Sao_Paulo",-23.6473149,-46.6643635,,,,"AirGradient","AirGradient"
6139516,"São Paulo","um003",41,"particles/cm³","2026-06-15T07:00:00Z","2026-06-15T04:00:00-03:00","America/Sao_Paulo",-23.6473149,-46.6643635,,,,"AirGradient","AirGradient"
6139516,"São Paulo","um003",29,"particles/cm³","2026-06-15T08:00:00Z","2026-06-15T05:00:00-03:00","America/Sao_Paulo",-23.6473149,-46.6643635,,,,"AirGradient","AirGradient"
6139516,"São Paulo","um003",22,"particles/cm³","2026-06-15T09:00:00Z","2026-06-15T06:00:00-03:00","America/Sao_Paulo",-23.6473149,-46.6643635,,,,"AirGradient","AirGradient"
6139516,"São Paulo","um003",49,"particles/cm³","2026-06-15T10:00:00Z","2026-06-15T07:00:00-03:00","America/Sao_Paulo",-23.6473149,-46.6643635,,,,"AirGradient","AirGradient"
6139516,"São Paulo","um003",85,"particles/cm³","2026-06-15T11:00:00Z","2026-06-15T08:00:00-03:00","America/Sao_Paulo",-23.6473149,-46.6643635,,,,"AirGradient","AirGradient"
6139516,"São Paulo","um003",60,"particles/cm³","2026-06-15T12:00:00Z","2026-06-15T09:00:00-03:00","America/Sao_Paulo",-23.6473149,-46.6643635,,,,"AirGradient","AirGradient"
6139516,"São Paulo","um003",49,"particles/cm³","2026-06-15T13:00:00Z","2026-06-15T10:00:00-03:00","America/Sao_Paulo",-23.6473149,-46.6643635,,,,"AirGradient","AirGradient"
6139516,"São Paulo","um003",50,"particles/cm³","2026-06-15T14:00:00Z","2026-06-15T11:00:00-03:00","America/Sao_Paulo",-23.6473149,-46.6643635,,,,"AirGradient","AirGradient"
6139516,"São Paulo","um003",121,"particles/cm³","2026-06-15T15:00:00Z","2026-06-15T12:00:00-03:00","America/Sao_Paulo",-23.6473149,-46.6643635,,,,"AirGradient","AirGradient"
6139516,"São Paulo","um003",137,"particles/cm³","2026-06-15T16:00:00Z","2026-06-15T13:00:00-03:00","America/Sao_Paulo",-23.6473149,-46.6643635,,,,"AirGradient","AirGradient"
6139516,"São Paulo","um003",83,"particles/cm³","2026-06-15T17:00:00Z","2026-06-15T14:00:00-03:00","America/Sao_Paulo",-23.6473149,-46.6643635,,,,"AirGradient","AirGradient"
6139516,"São Paulo","um003",97,"particles/cm³","2026-06-15T18:00:00Z","2026-06-15T15:00:00-03:00","America/Sao_Paulo",-23.6473149,-46.6643635,,,,"AirGradient","AirGradient"
6139516,"São Paulo","um003",141,"particles/cm³","2026-06-15T19:00:00Z","2026-06-15T16:00:00-03:00","America/Sao_Paulo",-23.6473149,-46.6643635,,,,"AirGradient","AirGradient"
6139516,"São Paulo","um003",103,"particles/cm³","2026-06-15T20:00:00Z","2026-06-15T17:00:00-03:00","America/Sao_Paulo",-23.6473149,-46.6643635,,,,"AirGradient","AirGradient"
6139516,"São Paulo","um003",112,"particles/cm³","2026-06-15T21:00:00Z","2026-06-15T18:00:00-03:00","America/Sao_Paulo",-23.6473149,-46.6643635,,,,"AirGradient","AirGradient"
6139516,"São Paulo","um003",135,"particles/cm³","2026-06-15T22:00:00Z","2026-06-15T19:00:00-03:00","America/Sao_Paulo",-23.6473149,-46.6643635,,,,"AirGradient","AirGradient"
6139516,"São Paulo","um003",337,"particles/cm³","2026-06-15T23:00:00Z","2026-06-15T20:00:00-03:00","America/Sao_Paulo",-23.6473149,-46.6643635,,,,"AirGradient","AirGradient"
6139516,"São Paulo","um003",255,"particles/cm³","2026-06-16T00:00:00Z","2026-06-15T21:00:00-03:00","America/Sao_Paulo",-23.6473149,-46.6643635,,,,"AirGradient","AirGradient"
6139516,"São Paulo","um003",188,"particles/cm³","2026-06-16T01:00:00Z","2026-06-15T22:00:00-03:00","America/Sao_Paulo",-23.6473149,-46.6643635,,,,"AirGradient","AirGradient"
6139516,"São Paulo","um003",133,"particles/cm³","2026-06-16T02:00:00Z","2026-06-15T23:00:00-03:00","America/Sao_Paulo",-23.6473149,-46.6643635,,,,"AirGradient","AirGradient"
6139516,"São Paulo","um003",105,"particles/cm³","2026-06-16T03:00:00Z","2026-06-16T00:00:00-03:00","America/Sao_Paulo",-23.6473149,-46.6643635,,,,"AirGradient","AirGradient"
6139516,"São Paulo","um003",178,"particles/cm³","2026-06-16T04:00:00Z","2026-06-16T01:00:00-03:00","America/Sao_Paulo",-23.6473149,-46.6643635,,,,"AirGradient","AirGradient"
6139516,"São Paulo","um003",230,"particles/cm³","2026-06-16T05:00:00Z","2026-06-16T02:00:00-03:00","America/Sao_Paulo",-23.6473149,-46.6643635,,,,"AirGradient","AirGradient"
6139516,"São Paulo","um003",220,"particles/cm³","2026-06-16T06:00:00Z","2026-06-16T03:00:00-03:00","America/Sao_Paulo",-23.6473149,-46.6643635,,,,"AirGradient","AirGradient"
6139516,"São Paulo","um003",65,"particles/cm³","2026-06-16T07:00:00Z","2026-06-16T04:00:00-03:00","America/Sao_Paulo",-23.6473149,-46.6643635,,,,"AirGradient","AirGradient"
6139516,"São Paulo","um003",81,"particles/cm³","2026-06-16T08:00:00Z","2026-06-16T05:00:00-03:00","America/Sao_Paulo",-23.6473149,-46.6643635,,,,"AirGradient","AirGradient"
6139516,"São Paulo","um003",94,"particles/cm³","2026-06-16T09:00:00Z","2026-06-16T06:00:00-03:00","America/Sao_Paulo",-23.6473149,-46.6643635,,,,"AirGradient","AirGradient"
6139516,"São Paulo","um003",71,"particles/cm³","2026-06-16T10:00:00Z","2026-06-16T07:00:00-03:00","America/Sao_Paulo",-23.6473149,-46.6643635,,,,"AirGradient","AirGradient"
6139516,"São Paulo","um003",138,"particles/cm³","2026-06-16T11:00:00Z","2026-06-16T08:00:00-03:00","America/Sao_Paulo",-23.6473149,-46.6643635,,,,"AirGradient","AirGradient"
6139516,"São Paulo","um003",115,"particles/cm³","2026-06-16T12:00:00Z","2026-06-16T09:00:00-03:00","America/Sao_Paulo",-23.6473149,-46.6643635,,,,"AirGradient","AirGradient"
6139516,"São Paulo","um003",103,"particles/cm³","2026-06-16T13:00:00Z","2026-06-16T10:00:00-03:00","America/Sao_Paulo",-23.6473149,-46.6643635,,,,"AirGradient","AirGradient"
6139516,"São Paulo","um003",161,"particles/cm³","2026-06-16T14:00:00Z","2026-06-16T11:00:00-03:00","America/Sao_Paulo",-23.6473149,-46.6643635,,,,"AirGradient","AirGradient"
6139516,"São Paulo","um003",84,"particles/cm³","2026-06-16T15:00:00Z","2026-06-16T12:00:00-03:00","America/Sao_Paulo",-23.6473149,-46.6643635,,,,"AirGradient","AirGradient"
6139516,"São Paulo","um003",138,"particles/cm³","2026-06-16T16:00:00Z","2026-06-16T13:00:00-03:00","America/Sao_Paulo",-23.6473149,-46.6643635,,,,"AirGradient","AirGradient"
6139516,"São Paulo","um003",97,"particles/cm³","2026-06-16T17:00:00Z","2026-06-16T14:00:00-03:00","America/Sao_Paulo",-23.6473149,-46.6643635,,,,"AirGradient","AirGradient"
6139516,"São Paulo","um003",81,"particles/cm³","2026-06-16T18:00:00Z","2026-06-16T15:00:00-03:00","America/Sao_Paulo",-23.6473149,-46.6643635,,,,"AirGradient","AirGradient"
6139516,"São Paulo","um003",160,"particles/cm³","2026-06-16T19:00:00Z","2026-06-16T16:00:00-03:00","America/Sao_Paulo",-23.6473149,-46.6643635,,,,"AirGradient","AirGradient"
6139516,"São Paulo","um003",258,"particles/cm³","2026-06-16T20:00:00Z","2026-06-16T17:00:00-03:00","America/Sao_Paulo",-23.6473149,-46.6643635,,,,"AirGradient","AirGradient"
6139516,"São Paulo","um003",316,"particles/cm³","2026-06-16T21:00:00Z","2026-06-16T18:00:00-03:00","America/Sao_Paulo",-23.6473149,-46.6643635,,,,"AirGradient","AirGradient"
6139516,"São Paulo","um003",370,"particles/cm³","2026-06-16T22:00:00Z","2026-06-16T19:00:00-03:00","America/Sao_Paulo",-23.6473149,-46.6643635,,,,"AirGradient","AirGradient"
6139516,"São Paulo","um003",310,"particles/cm³","2026-06-16T23:00:00Z","2026-06-16T20:00:00-03:00","America/Sao_Paulo",-23.6473149,-46.6643635,,,,"AirGradient","AirGradient"
6139516,"São Paulo","um003",394,"particles/cm³","2026-06-17T00:00:00Z","2026-06-16T21:00:00-03:00","America/Sao_Paulo",-23.6473149,-46.6643635,,,,"AirGradient","AirGradient"
6139516,"São Paulo","um003",380,"particles/cm³","2026-06-17T01:00:00Z","2026-06-16T22:00:00-03:00","America/Sao_Paulo",-23.6473149,-46.6643635,,,,"AirGradient","AirGradient"
6139516,"São Paulo","um003",808,"particles/cm³","2026-06-17T02:00:00Z","2026-06-16T23:00:00-03:00","America/Sao_Paulo",-23.6473149,-46.6643635,,,,"AirGradient","AirGradient"
6139516,"São Paulo","um003",1093,"particles/cm³","2026-06-17T03:00:00Z","2026-06-17T00:00:00-03:00","America/Sao_Paulo",-23.6473149,-46.6643635,,,,"AirGradient","AirGradient"
6139516,"São Paulo","um003",1266,"particles/cm³","2026-06-17T04:00:00Z","2026-06-17T01:00:00-03:00","America/Sao_Paulo",-23.6473149,-46.6643635,,,,"AirGradient","AirGradient"
6139516,"São Paulo","um003",839,"particles/cm³","2026-06-17T05:00:00Z","2026-06-17T02:00:00-03:00","America/Sao_Paulo",-23.6473149,-46.6643635,,,,"AirGradient","AirGradient"
6139516,"São Paulo","um003",1223,"particles/cm³","2026-06-17T06:00:00Z","2026-06-17T03:00:00-03:00","America/Sao_Paulo",-23.6473149,-46.6643635,,,,"AirGradient","AirGradient"
6139516,"São Paulo","um003",1047,"particles/cm³","2026-06-17T07:00:00Z","2026-06-17T04:00:00-03:00","America/Sao_Paulo",-23.6473149,-46.6643635,,,,"AirGradient","AirGradient"
6139516,"São Paulo","um003",1097,"particles/cm³","2026-06-17T08:00:00Z","2026-06-17T05:00:00-03:00","America/Sao_Paulo",-23.6473149,-46.6643635,,,,"AirGradient","AirGradient"
6139516,"São Paulo","um003",973,"particles/cm³","2026-06-17T09:00:00Z","2026-06-17T06:00:00-03:00","America/Sao_Paulo",-23.6473149,-46.6643635,,,,"AirGradient","AirGradient"
6139516,"São Paulo","um003",816,"particles/cm³","2026-06-17T10:00:00Z","2026-06-17T07:00:00-03:00","America/Sao_Paulo",-23.6473149,-46.6643635,,,,"AirGradient","AirGradient"
6139516,"São Paulo","um003",802,"particles/cm³","2026-06-17T11:00:00Z","2026-06-17T08:00:00-03:00","America/Sao_Paulo",-23.6473149,-46.6643635,,,,"AirGradient","AirGradient"
6139516,"São Paulo","um003",792,"particles/cm³","2026-06-17T12:00:00Z","2026-06-17T09:00:00-03:00","America/Sao_Paulo",-23.6473149,-46.6643635,,,,"AirGradient","AirGradient"
6139516,"São Paulo","um003",880,"particles/cm³","2026-06-17T13:00:00Z","2026-06-17T10:00:00-03:00","America/Sao_Paulo",-23.6473149,-46.6643635,,,,"AirGradient","AirGradient"
6139516,"São Paulo","um003",729,"particles/cm³","2026-06-17T14:00:00Z","2026-06-17T11:00:00-03:00","America/Sao_Paulo",-23.6473149,-46.6643635,,,,"AirGradient","AirGradient"
6139516,"São Paulo","um003",523,"particles/cm³","2026-06-17T15:00:00Z","2026-06-17T12:00:00-03:00","America/Sao_Paulo",-23.6473149,-46.6643635,,,,"AirGradient","AirGradient"
6139516,"São Paulo","um003",686,"particles/cm³","2026-06-17T16:00:00Z","2026-06-17T13:00:00-03:00","America/Sao_Paulo",-23.6473149,-46.6643635,,,,"AirGradient","AirGradient"
6139516,"São Paulo","um003",826,"particles/cm³","2026-06-17T17:00:00Z","2026-06-17T14:00:00-03:00","America/Sao_Paulo",-23.6473149,-46.6643635,,,,"AirGradient","AirGradient"
6139516,"São Paulo","um003",597,"particles/cm³","2026-06-17T18:00:00Z","2026-06-17T15:00:00-03:00","America/Sao_Paulo",-23.6473149,-46.6643635,,,,"AirGradient","AirGradient"
6139516,"São Paulo","um003",289,"particles/cm³","2026-06-17T19:00:00Z","2026-06-17T16:00:00-03:00","America/Sao_Paulo",-23.6473149,-46.6643635,,,,"AirGradient","AirGradient"
6139516,"São Paulo","um003",326,"particles/cm³","2026-06-17T20:00:00Z","2026-06-17T17:00:00-03:00","America/Sao_Paulo",-23.6473149,-46.6643635,,,,"AirGradient","AirGradient"
6139516,"São Paulo","um003",278,"particles/cm³","2026-06-17T21:00:00Z","2026-06-17T18:00:00-03:00","America/Sao_Paulo",-23.6473149,-46.6643635,,,,"AirGradient","AirGradient"
6139516,"São Paulo","um003",235,"particles/cm³","2026-06-17T22:00:00Z","2026-06-17T19:00:00-03:00","America/Sao_Paulo",-23.6473149,-46.6643635,,,,"AirGradient","AirGradient"
6139516,"São Paulo","um003",227,"particles/cm³","2026-06-17T23:00:00Z","2026-06-17T20:00:00-03:00","America/Sao_Paulo",-23.6473149,-46.6643635,,,,"AirGradient","AirGradient"
6139516,"São Paulo","um003",256,"particles/cm³","2026-06-18T00:00:00Z","2026-06-17T21:00:00-03:00","America/Sao_Paulo",-23.6473149,-46.6643635,,,,"AirGradient","AirGradient"
6139516,"São Paulo","um003",334,"particles/cm³","2026-06-18T01:00:00Z","2026-06-17T22:00:00-03:00","America/Sao_Paulo",-23.6473149,-46.6643635,,,,"AirGradient","AirGradient"
6139516,"São Paulo","um003",428,"particles/cm³","2026-06-18T02:00:00Z","2026-06-17T23:00:00-03:00","America/Sao_Paulo",-23.6473149,-46.6643635,,,,"AirGradient","AirGradient"
6139516,"São Paulo","um003",388,"particles/cm³","2026-06-18T03:00:00Z","2026-06-18T00:00:00-03:00","America/Sao_Paulo",-23.6473149,-46.6643635,,,,"AirGradient","AirGradient"
6139516,"São Paulo","um003",531,"particles/cm³","2026-06-18T04:00:00Z","2026-06-18T01:00:00-03:00","America/Sao_Paulo",-23.6473149,-46.6643635,,,,"AirGradient","AirGradient"
6139516,"São Paulo","um003",807,"particles/cm³","2026-06-18T05:00:00Z","2026-06-18T02:00:00-03:00","America/Sao_Paulo",-23.6473149,-46.6643635,,,,"AirGradient","AirGradient"
6139516,"São Paulo","um003",640,"particles/cm³","2026-06-18T06:00:00Z","2026-06-18T03:00:00-03:00","America/Sao_Paulo",-23.6473149,-46.6643635,,,,"AirGradient","AirGradient"
6139516,"São Paulo","um003",644,"particles/cm³","2026-06-18T07:00:00Z","2026-06-18T04:00:00-03:00","America/Sao_Paulo",-23.6473149,-46.6643635,,,,"AirGradient","AirGradient"
6139516,"São Paulo","um003",545,"particles/cm³","2026-06-18T08:00:00Z","2026-06-18T05:00:00-03:00","America/Sao_Paulo",-23.6473149,-46.6643635,,,,"AirGradient","AirGradient"
6139516,"São Paulo","um003",548,"particles/cm³","2026-06-18T09:00:00Z","2026-06-18T06:00:00-03:00","America/Sao_Paulo",-23.6473149,-46.6643635,,,,"AirGradient","AirGradient"
6139516,"São Paulo","um003",649,"particles/cm³","2026-06-18T10:00:00Z","2026-06-18T07:00:00-03:00","America/Sao_Paulo",-23.6473149,-46.6643635,,,,"AirGradient","AirGradient"
6139516,"São Paulo","um003",746,"particles/cm³","2026-06-18T11:00:00Z","2026-06-18T08:00:00-03:00","America/Sao_Paulo",-23.6473149,-46.6643635,,,,"AirGradient","AirGradient"
6139516,"São Paulo","um003",533,"particles/cm³","2026-06-18T12:00:00Z","2026-06-18T09:00:00-03:00","America/Sao_Paulo",-23.6473149,-46.6643635,,,,"AirGradient","AirGradient"
6139516,"São Paulo","um003",347,"particles/cm³","2026-06-18T13:00:00Z","2026-06-18T10:00:00-03:00","America/Sao_Paulo",-23.6473149,-46.6643635,,,,"AirGradient","AirGradient"
6139516,"São Paulo","um003",250,"particles/cm³","2026-06-18T14:00:00Z","2026-06-18T11:00:00-03:00","America/Sao_Paulo",-23.6473149,-46.6643635,,,,"AirGradient","AirGradient"
6139516,"São Paulo","um003",124,"particles/cm³","2026-06-18T15:00:00Z","2026-06-18T12:00:00-03:00","America/Sao_Paulo",-23.6473149,-46.6643635,,,,"AirGradient","AirGradient"
6139516,"São Paulo","um003",129,"particles/cm³","2026-06-18T16:00:00Z","2026-06-18T13:00:00-03:00","America/Sao_Paulo",-23.6473149,-46.6643635,,,,"AirGradient","AirGradient"
6139516,"São Paulo","um003",181,"particles/cm³","2026-06-18T17:00:00Z","2026-06-18T14:00:00-03:00","America/Sao_Paulo",-23.6473149,-46.6643635,,,,"AirGradient","AirGradient"
6139516,"São Paulo","um003",184,"particles/cm³","2026-06-18T18:00:00Z","2026-06-18T15:00:00-03:00","America/Sao_Paulo",-23.6473149,-46.6643635,,,,"AirGradient","AirGradient"
6139516,"São Paulo","um003",162,"particles/cm³","2026-06-18T19:00:00Z","2026-06-18T16:00:00-03:00","America/Sao_Paulo",-23.6473149,-46.6643635,,,,"AirGradient","AirGradient"
6139516,"São Paulo","um003",264,"particles/cm³","2026-06-18T20:00:00Z","2026-06-18T17:00:00-03:00","America/Sao_Paulo",-23.6473149,-46.6643635,,,,"AirGradient","AirGradient"
6139516,"São Paulo","um003",378,"particles/cm³","2026-06-18T21:00:00Z","2026-06-18T18:00:00-03:00","America/Sao_Paulo",-23.6473149,-46.6643635,,,,"AirGradient","AirGradient"
6139516,"São Paulo","um003",569,"particles/cm³","2026-06-18T22:00:00Z","2026-06-18T19:00:00-03:00","America/Sao_Paulo",-23.6473149,-46.6643635,,,,"AirGradient","AirGradient"
6139516,"São Paulo","um003",405,"particles/cm³","2026-06-18T23:00:00Z","2026-06-18T20:00:00-03:00","America/Sao_Paulo",-23.6473149,-46.6643635,,,,"AirGradient","AirGradient"
6139516,"São Paulo","um003",404,"particles/cm³","2026-06-19T00:00:00Z","2026-06-18T21:00:00-03:00","America/Sao_Paulo",-23.6473149,-46.6643635,,,,"AirGradient","AirGradient"
6139516,"São Paulo","um003",353,"particles/cm³","2026-06-19T01:00:00Z","2026-06-18T22:00:00-03:00","America/Sao_Paulo",-23.6473149,-46.6643635,,,,"AirGradient","AirGradient"
6139516,"São Paulo","um003",402,"particles/cm³","2026-06-19T02:00:00Z","2026-06-18T23:00:00-03:00","America/Sao_Paulo",-23.6473149,-46.6643635,,,,"AirGradient","AirGradient"
6139516,"São Paulo","um003",527,"particles/cm³","2026-06-19T03:00:00Z","2026-06-19T00:00:00-03:00","America/Sao_Paulo",-23.6473149,-46.6643635,,,,"AirGradient","AirGradient"
6139516,"São Paulo","um003",468,"particles/cm³","2026-06-19T04:00:00Z","2026-06-19T01:00:00-03:00","America/Sao_Paulo",-23.6473149,-46.6643635,,,,"AirGradient","AirGradient"
6139516,"São Paulo","um003",678,"particles/cm³","2026-06-19T05:00:00Z","2026-06-19T02:00:00-03:00","America/Sao_Paulo",-23.6473149,-46.6643635,,,,"AirGradient","AirGradient"
6139516,"São Paulo","um003",909,"particles/cm³","2026-06-19T06:00:00Z","2026-06-19T03:00:00-03:00","America/Sao_Paulo",-23.6473149,-46.6643635,,,,"AirGradient","AirGradient"
6139516,"São Paulo","um003",872,"particles/cm³","2026-06-19T07:00:00Z","2026-06-19T04:00:00-03:00","America/Sao_Paulo",-23.6473149,-46.6643635,,,,"AirGradient","AirGradient"
6139516,"São Paulo","um003",1041,"particles/cm³","2026-06-19T08:00:00Z","2026-06-19T05:00:00-03:00","America/Sao_Paulo",-23.6473149,-46.6643635,,,,"AirGradient","AirGradient"
6139516,"São Paulo","um003",1095,"particles/cm³","2026-06-19T09:00:00Z","2026-06-19T06:00:00-03:00","America/Sao_Paulo",-23.6473149,-46.6643635,,,,"AirGradient","AirGradient"
6139516,"São Paulo","um003",1219,"particles/cm³","2026-06-19T10:00:00Z","2026-06-19T07:00:00-03:00","America/Sao_Paulo",-23.6473149,-46.6643635,,,,"AirGradient","AirGradient"
6139516,"São Paulo","um003",1214,"particles/cm³","2026-06-19T11:00:00Z","2026-06-19T08:00:00-03:00","America/Sao_Paulo",-23.6473149,-46.6643635,,,,"AirGradient","AirGradient"
6139516,"São Paulo","um003",1224,"particles/cm³","2026-06-19T12:00:00Z","2026-06-19T09:00:00-03:00","America/Sao_Paulo",-23.6473149,-46.6643635,,,,"AirGradient","AirGradient"
6139516,"São Paulo","um003",1041,"particles/cm³","2026-06-19T13:00:00Z","2026-06-19T10:00:00-03:00","America/Sao_Paulo",-23.6473149,-46.6643635,,,,"AirGradient","AirGradient"
6139516,"São Paulo","um003",983,"particles/cm³","2026-06-19T14:00:00Z","2026-06-19T11:00:00-03:00","America/Sao_Paulo",-23.6473149,-46.6643635,,,,"AirGradient","AirGradient"
6139516,"São Paulo","um003",876,"particles/cm³","2026-06-19T15:00:00Z","2026-06-19T12:00:00-03:00","America/Sao_Paulo",-23.6473149,-46.6643635,,,,"AirGradient","AirGradient"
6139516,"São Paulo","um003",785,"particles/cm³","2026-06-19T16:00:00Z","2026-06-19T13:00:00-03:00","America/Sao_Paulo",-23.6473149,-46.6643635,,,,"AirGradient","AirGradient"
6139516,"São Paulo","um003",424,"particles/cm³","2026-06-19T17:00:00Z","2026-06-19T14:00:00-03:00","America/Sao_Paulo",-23.6473149,-46.6643635,,,,"AirGradient","AirGradient"
6139516,"São Paulo","um003",348,"particles/cm³","2026-06-19T18:00:00Z","2026-06-19T15:00:00-03:00","America/Sao_Paulo",-23.6473149,-46.6643635,,,,"AirGradient","AirGradient"
6139516,"São Paulo","um003",320,"particles/cm³","2026-06-19T19:00:00Z","2026-06-19T16:00:00-03:00","America/Sao_Paulo",-23.6473149,-46.6643635,,,,"AirGradient","AirGradient"
6139516,"São Paulo","um003",317,"particles/cm³","2026-06-19T20:00:00Z","2026-06-19T17:00:00-03:00","America/Sao_Paulo",-23.6473149,-46.6643635,,,,"AirGradient","AirGradient"
6139516,"São Paulo","um003",431,"particles/cm³","2026-06-19T21:00:00Z","2026-06-19T18:00:00-03:00","America/Sao_Paulo",-23.6473149,-46.6643635,,,,"AirGradient","AirGradient"
6139516,"São Paulo","um003",530,"particles/cm³","2026-06-19T22:00:00Z","2026-06-19T19:00:00-03:00","America/Sao_Paulo",-23.6473149,-46.6643635,,,,"AirGradient","AirGradient"
6139516,"São Paulo","um003",633,"particles/cm³","2026-06-19T23:00:00Z","2026-06-19T20:00:00-03:00","America/Sao_Paulo",-23.6473149,-46.6643635,,,,"AirGradient","AirGradient"
6139516,"São Paulo","um003",935,"particles/cm³","2026-06-20T00:00:00Z","2026-06-19T21:00:00-03:00","America/Sao_Paulo",-23.6473149,-46.6643635,,,,"AirGradient","AirGradient"
6139516,"São Paulo","um003",1477,"particles/cm³","2026-06-20T01:00:00Z","2026-06-19T22:00:00-03:00","America/Sao_Paulo",-23.6473149,-46.6643635,,,,"AirGradient","AirGradient"
6139516,"São Paulo","um003",1437,"particles/cm³","2026-06-20T02:00:00Z","2026-06-19T23:00:00-03:00","America/Sao_Paulo",-23.6473149,-46.6643635,,,,"AirGradient","AirGradient"
6139516,"São Paulo","um003",1617,"particles/cm³","2026-06-20T03:00:00Z","2026-06-20T00:00:00-03:00","America/Sao_Paulo",-23.6473149,-46.6643635,,,,"AirGradient","AirGradient"
6139516,"São Paulo","um003",2213,"particles/cm³","2026-06-20T04:00:00Z","2026-06-20T01:00:00-03:00","America/Sao_Paulo",-23.6473149,-46.6643635,,,,"AirGradient","AirGradient"
6139516,"São Paulo","um003",2177,"particles/cm³","2026-06-20T05:00:00Z","2026-06-20T02:00:00-03:00","America/Sao_Paulo",-23.6473149,-46.6643635,,,,"AirGradient","AirGradient"
6139516,"São Paulo","um003",1432,"particles/cm³","2026-06-20T06:00:00Z","2026-06-20T03:00:00-03:00","America/Sao_Paulo",-23.6473149,-46.6643635,,,,"AirGradient","AirGradient"
6139516,"São Paulo","um003",1214,"particles/cm³","2026-06-20T07:00:00Z","2026-06-20T04:00:00-03:00","America/Sao_Paulo",-23.6473149,-46.6643635,,,,"AirGradient","AirGradient"
6139516,"São Paulo","um003",1139,"particles/cm³","2026-06-20T08:00:00Z","2026-06-20T05:00:00-03:00","America/Sao_Paulo",-23.6473149,-46.6643635,,,,"AirGradient","AirGradient"
6139516,"São Paulo","um003",1031,"particles/cm³","2026-06-20T09:00:00Z","2026-06-20T06:00:00-03:00","America/Sao_Paulo",-23.6473149,-46.6643635,,,,"AirGradient","AirGradient"
6139516,"São Paulo","um003",886,"particles/cm³","2026-06-20T10:00:00Z","2026-06-20T07:00:00-03:00","America/Sao_Paulo",-23.6473149,-46.6643635,,,,"AirGradient","AirGradient"
6139516,"São Paulo","um003",848,"particles/cm³","2026-06-20T11:00:00Z","2026-06-20T08:00:00-03:00","America/Sao_Paulo",-23.6473149,-46.6643635,,,,"AirGradient","AirGradient"
6139516,"São Paulo","um003",884,"particles/cm³","2026-06-20T12:00:00Z","2026-06-20T09:00:00-03:00","America/Sao_Paulo",-23.6473149,-46.6643635,,,,"AirGradient","AirGradient"
6139516,"São Paulo","um003",901,"particles/cm³","2026-06-20T13:00:00Z","2026-06-20T10:00:00-03:00","America/Sao_Paulo",-23.6473149,-46.6643635,,,,"AirGradient","AirGradient"
6139516,"São Paulo","um003",879,"particles/cm³","2026-06-20T14:00:00Z","2026-06-20T11:00:00-03:00","America/Sao_Paulo",-23.6473149,-46.6643635,,,,"AirGradient","AirGradient"
6139516,"São Paulo","um003",719,"particles/cm³","2026-06-20T15:00:00Z","2026-06-20T12:00:00-03:00","America/Sao_Paulo",-23.6473149,-46.6643635,,,,"AirGradient","AirGradient"
6139516,"São Paulo","um003",518,"particles/cm³","2026-06-20T16:00:00Z","2026-06-20T13:00:00-03:00","America/Sao_Paulo",-23.6473149,-46.6643635,,,,"AirGradient","AirGradient"
6139516,"São Paulo","um003",530,"particles/cm³","2026-06-20T17:00:00Z","2026-06-20T14:00:00-03:00","America/Sao_Paulo",-23.6473149,-46.6643635,,,,"AirGradient","AirGradient"
6139516,"São Paulo","um003",483,"particles/cm³","2026-06-20T18:00:00Z","2026-06-20T15:00:00-03:00","America/Sao_Paulo",-23.6473149,-46.6643635,,,,"AirGradient","AirGradient"
6139516,"São Paulo","um003",497,"particles/cm³","2026-06-20T19:00:00Z","2026-06-20T16:00:00-03:00","America/Sao_Paulo",-23.6473149,-46.6643635,,,,"AirGradient","AirGradient"
6139516,"São Paulo","um003",615,"particles/cm³","2026-06-20T20:00:00Z","2026-06-20T17:00:00-03:00","America/Sao_Paulo",-23.6473149,-46.6643635,,,,"AirGradient","AirGradient"
6139516,"São Paulo","um003",772,"particles/cm³","2026-06-20T21:00:00Z","2026-06-20T18:00:00-03:00","America/Sao_Paulo",-23.6473149,-46.6643635,,,,"AirGradient","AirGradient"
6139516,"São Paulo","um003",873,"particles/cm³","2026-06-20T22:00:00Z","2026-06-20T19:00:00-03:00","America/Sao_Paulo",-23.6473149,-46.6643635,,,,"AirGradient","AirGradient"
6139516,"São Paulo","um003",917,"particles/cm³","2026-06-20T23:00:00Z","2026-06-20T20:00:00-03:00","America/Sao_Paulo",-23.6473149,-46.6643635,,,,"AirGradient","AirGradient"
6139516,"São Paulo","um003",621,"particles/cm³","2026-06-21T00:00:00Z","2026-06-20T21:00:00-03:00","America/Sao_Paulo",-23.6473149,-46.6643635,,,,"AirGradient","AirGradient"
6139516,"São Paulo","um003",162,"particles/cm³","2026-06-21T01:00:00Z","2026-06-20T22:00:00-03:00","America/Sao_Paulo",-23.6473149,-46.6643635,,,,"AirGradient","AirGradient"
6139516,"São Paulo","um003",183,"particles/cm³","2026-06-21T02:00:00Z","2026-06-20T23:00:00-03:00","America/Sao_Paulo",-23.6473149,-46.6643635,,,,"AirGradient","AirGradient"
6139516,"São Paulo","um003",257,"particles/cm³","2026-06-21T03:00:00Z","2026-06-21T00:00:00-03:00","America/Sao_Paulo",-23.6473149,-46.6643635,,,,"AirGradient","AirGradient"
6139516,"São Paulo","um003",261,"particles/cm³","2026-06-21T04:00:00Z","2026-06-21T01:00:00-03:00","America/Sao_Paulo",-23.6473149,-46.6643635,,,,"AirGradient","AirGradient"
6139516,"São Paulo","um003",196,"particles/cm³","2026-06-21T05:00:00Z","2026-06-21T02:00:00-03:00","America/Sao_Paulo",-23.6473149,-46.6643635,,,,"AirGradient","AirGradient"
6139516,"São Paulo","um003",249,"particles/cm³","2026-06-21T06:00:00Z","2026-06-21T03:00:00-03:00","America/Sao_Paulo",-23.6473149,-46.6643635,,,,"AirGradient","AirGradient"
6139516,"São Paulo","um003",194,"particles/cm³","2026-06-21T07:00:00Z","2026-06-21T04:00:00-03:00","America/Sao_Paulo",-23.6473149,-46.6643635,,,,"AirGradient","AirGradient"
6139516,"São Paulo","um003",164,"particles/cm³","2026-06-21T08:00:00Z","2026-06-21T05:00:00-03:00","America/Sao_Paulo",-23.6473149,-46.6643635,,,,"AirGradient","AirGradient"
6139516,"São Paulo","um003",251,"particles/cm³","2026-06-21T09:00:00Z","2026-06-21T06:00:00-03:00","America/Sao_Paulo",-23.6473149,-46.6643635,,,,"AirGradient","AirGradient"
6139516,"São Paulo","um003",306,"particles/cm³","2026-06-21T10:00:00Z","2026-06-21T07:00:00-03:00","America/Sao_Paulo",-23.6473149,-46.6643635,,,,"AirGradient","AirGradient"
6139516,"São Paulo","um003",258,"particles/cm³","2026-06-21T11:00:00Z","2026-06-21T08:00:00-03:00","America/Sao_Paulo",-23.6473149,-46.6643635,,,,"AirGradient","AirGradient"
6139516,"São Paulo","um003",237,"particles/cm³","2026-06-21T12:00:00Z","2026-06-21T09:00:00-03:00","America/Sao_Paulo",-23.6473149,-46.6643635,,,,"AirGradient","AirGradient"
6139516,"São Paulo","um003",289,"particles/cm³","2026-06-21T13:00:00Z","2026-06-21T10:00:00-03:00","America/Sao_Paulo",-23.6473149,-46.6643635,,,,"AirGradient","AirGradient"
6139516,"São Paulo","um003",286,"particles/cm³","2026-06-21T14:00:00Z","2026-06-21T11:00:00-03:00","America/Sao_Paulo",-23.6473149,-46.6643635,,,,"AirGradient","AirGradient"
6139516,"São Paulo","um003",212,"particles/cm³","2026-06-21T15:00:00Z","2026-06-21T12:00:00-03:00","America/Sao_Paulo",-23.6473149,-46.6643635,,,,"AirGradient","AirGradient"
6139516,"São Paulo","um003",218,"particles/cm³","2026-06-21T16:00:00Z","2026-06-21T13:00:00-03:00","America/Sao_Paulo",-23.6473149,-46.6643635,,,,"AirGradient","AirGradient"
6139516,"São Paulo","um003",323,"particles/cm³","2026-06-21T17:00:00Z","2026-06-21T14:00:00-03:00","America/Sao_Paulo",-23.6473149,-46.6643635,,,,"AirGradient","AirGradient"
6139516,"São Paulo","um003",462,"particles/cm³","2026-06-21T18:00:00Z","2026-06-21T15:00:00-03:00","America/Sao_Paulo",-23.6473149,-46.6643635,,,,"AirGradient","AirGradient"
6139516,"São Paulo","um003",470,"particles/cm³","2026-06-21T19:00:00Z","2026-06-21T16:00:00-03:00","America/Sao_Paulo",-23.6473149,-46.6643635,,,,"AirGradient","AirGradient"
6139516,"São Paulo","um003",1224,"particles/cm³","2026-06-21T20:00:00Z","2026-06-21T17:00:00-03:00","America/Sao_Paulo",-23.6473149,-46.6643635,,,,"AirGradient","AirGradient"
6139516,"São Paulo","um003",1600,"particles/cm³","2026-06-21T21:00:00Z","2026-06-21T18:00:00-03:00","America/Sao_Paulo",-23.6473149,-46.6643635,,,,"AirGradient","AirGradient"
6139516,"São Paulo","um003",1517,"particles/cm³","2026-06-21T22:00:00Z","2026-06-21T19:00:00-03:00","America/Sao_Paulo",-23.6473149,-46.6643635,,,,"AirGradient","AirGradient"
6139516,"São Paulo","um003",1811,"particles/cm³","2026-06-21T23:00:00Z","2026-06-21T20:00:00-03:00","America/Sao_Paulo",-23.6473149,-46.6643635,,,,"AirGradient","AirGradient"
6139516,"São Paulo","um003",2347,"particles/cm³","2026-06-22T00:00:00Z","2026-06-21T21:00:00-03:00","America/Sao_Paulo",-23.6473149,-46.6643635,,,,"AirGradient","AirGradient"
6139516,"São Paulo","um003",2631,"particles/cm³","2026-06-22T01:00:00Z","2026-06-21T22:00:00-03:00","America/Sao_Paulo",-23.6473149,-46.6643635,,,,"AirGradient","AirGradient"
6139516,"São Paulo","um003",2811,"particles/cm³","2026-06-22T02:00:00Z","2026-06-21T23:00:00-03:00","America/Sao_Paulo",-23.6473149,-46.6643635,,,,"AirGradient","AirGradient"
6139516,"São Paulo","um003",2831,"particles/cm³","2026-06-22T03:00:00Z","2026-06-22T00:00:00-03:00","America/Sao_Paulo",-23.6473149,-46.6643635,,,,"AirGradient","AirGradient"
6139516,"São Paulo","um003",2752,"particles/cm³","2026-06-22T04:00:00Z","2026-06-22T01:00:00-03:00","America/Sao_Paulo",-23.6473149,-46.6643635,,,,"AirGradient","AirGradient"
6139516,"São Paulo","um003",2533,"particles/cm³","2026-06-22T05:00:00Z","2026-06-22T02:00:00-03:00","America/Sao_Paulo",-23.6473149,-46.6643635,,,,"AirGradient","AirGradient"
6139516,"São Paulo","um003",2111,"particles/cm³","2026-06-22T06:00:00Z","2026-06-22T03:00:00-03:00","America/Sao_Paulo",-23.6473149,-46.6643635,,,,"AirGradient","AirGradient"
6139516,"São Paulo","um003",2260,"particles/cm³","2026-06-22T07:00:00Z","2026-06-22T04:00:00-03:00","America/Sao_Paulo",-23.6473149,-46.6643635,,,,"AirGradient","AirGradient"
6139516,"São Paulo","um003",1512,"particles/cm³","2026-06-22T08:00:00Z","2026-06-22T05:00:00-03:00","America/Sao_Paulo",-23.6473149,-46.6643635,,,,"AirGradient","AirGradient"
6139516,"São Paulo","um003",1214,"particles/cm³","2026-06-22T09:00:00Z","2026-06-22T06:00:00-03:00","America/Sao_Paulo",-23.6473149,-46.6643635,,,,"AirGradient","AirGradient"
6139516,"São Paulo","um003",1367,"particles/cm³","2026-06-22T10:00:00Z","2026-06-22T07:00:00-03:00","America/Sao_Paulo",-23.6473149,-46.6643635,,,,"AirGradient","AirGradient"
6139516,"São Paulo","um003",1211,"particles/cm³","2026-06-22T11:00:00Z","2026-06-22T08:00:00-03:00","America/Sao_Paulo",-23.6473149,-46.6643635,,,,"AirGradient","AirGradient"
6139516,"São Paulo","um003",1291,"particles/cm³","2026-06-22T12:00:00Z","2026-06-22T09:00:00-03:00","America/Sao_Paulo",-23.6473149,-46.6643635,,,,"AirGradient","AirGradient"
6139516,"São Paulo","um003",1250,"particles/cm³","2026-06-22T13:00:00Z","2026-06-22T10:00:00-03:00","America/Sao_Paulo",-23.6473149,-46.6643635,,,,"AirGradient","AirGradient"
6139516,"São Paulo","um003",1025,"particles/cm³","2026-06-22T14:00:00Z","2026-06-22T11:00:00-03:00","America/Sao_Paulo",-23.6473149,-46.6643635,,,,"AirGradient","AirGradient"
6139516,"São Paulo","um003",713,"particles/cm³","2026-06-22T15:00:00Z","2026-06-22T12:00:00-03:00","America/Sao_Paulo",-23.6473149,-46.6643635,,,,"AirGradient","AirGradient"
6139516,"São Paulo","um003",266,"particles/cm³","2026-06-22T16:00:00Z","2026-06-22T13:00:00-03:00","America/Sao_Paulo",-23.6473149,-46.6643635,,,,"AirGradient","AirGradient"
6139516,"São Paulo","um003",182,"particles/cm³","2026-06-22T17:00:00Z","2026-06-22T14:00:00-03:00","America/Sao_Paulo",-23.6473149,-46.6643635,,,,"AirGradient","AirGradient"
6139516,"São Paulo","um003",166,"particles/cm³","2026-06-22T18:00:00Z","2026-06-22T15:00:00-03:00","America/Sao_Paulo",-23.6473149,-46.6643635,,,,"AirGradient","AirGradient"
6139516,"São Paulo","um003",175,"particles/cm³","2026-06-22T19:00:00Z","2026-06-22T16:00:00-03:00","America/Sao_Paulo",-23.6473149,-46.6643635,,,,"AirGradient","AirGradient"
6139516,"São Paulo","um003",152,"particles/cm³","2026-06-22T20:00:00Z","2026-06-22T17:00:00-03:00","America/Sao_Paulo",-23.6473149,-46.6643635,,,,"AirGradient","AirGradient"
6139516,"São Paulo","um003",213,"particles/cm³","2026-06-22T21:00:00Z","2026-06-22T18:00:00-03:00","America/Sao_Paulo",-23.6473149,-46.6643635,,,,"AirGradient","AirGradient"
6139516,"São Paulo","um003",255,"particles/cm³","2026-06-22T22:00:00Z","2026-06-22T19:00:00-03:00","America/Sao_Paulo",-23.6473149,-46.6643635,,,,"AirGradient","AirGradient"
6139516,"São Paulo","um003",322,"particles/cm³","2026-06-22T23:00:00Z","2026-06-22T20:00:00-03:00","America/Sao_Paulo",-23.6473149,-46.6643635,,,,"AirGradient","AirGradient"
6139516,"São Paulo","um003",405,"particles/cm³","2026-06-23T00:00:00Z","2026-06-22T21:00:00-03:00","America/Sao_Paulo",-23.6473149,-46.6643635,,,,"AirGradient","AirGradient"
6139516,"São Paulo","um003",418,"particles/cm³","2026-06-23T01:00:00Z","2026-06-22T22:00:00-03:00","America/Sao_Paulo",-23.6473149,-46.6643635,,,,"AirGradient","AirGradient"
6139516,"São Paulo","um003",354,"particles/cm³","2026-06-23T02:00:00Z","2026-06-22T23:00:00-03:00","America/Sao_Paulo",-23.6473149,-46.6643635,,,,"AirGradient","AirGradient"
6139516,"São Paulo","um003",392,"particles/cm³","2026-06-23T03:00:00Z","2026-06-23T00:00:00-03:00","America/Sao_Paulo",-23.6473149,-46.6643635,,,,"AirGradient","AirGradient"
6139516,"São Paulo","um003",284,"particles/cm³","2026-06-23T04:00:00Z","2026-06-23T01:00:00-03:00","America/Sao_Paulo",-23.6473149,-46.6643635,,,,"AirGradient","AirGradient"
6139516,"São Paulo","um003",274,"particles/cm³","2026-06-23T05:00:00Z","2026-06-23T02:00:00-03:00","America/Sao_Paulo",-23.6473149,-46.6643635,,,,"AirGradient","AirGradient"
6139516,"São Paulo","um003",339,"particles/cm³","2026-06-23T06:00:00Z","2026-06-23T03:00:00-03:00","America/Sao_Paulo",-23.6473149,-46.6643635,,,,"AirGradient","AirGradient"
6139516,"São Paulo","um003",526,"particles/cm³","2026-06-23T07:00:00Z","2026-06-23T04:00:00-03:00","America/Sao_Paulo",-23.6473149,-46.6643635,,,,"AirGradient","AirGradient"
6139516,"São Paulo","um003",568,"particles/cm³","2026-06-23T08:00:00Z","2026-06-23T05:00:00-03:00","America/Sao_Paulo",-23.6473149,-46.6643635,,,,"AirGradient","AirGradient"
6139516,"São Paulo","um003",505,"particles/cm³","2026-06-23T09:00:00Z","2026-06-23T06:00:00-03:00","America/Sao_Paulo",-23.6473149,-46.6643635,,,,"AirGradient","AirGradient"
6139516,"São Paulo","um003",455,"particles/cm³","2026-06-23T10:00:00Z","2026-06-23T07:00:00-03:00","America/Sao_Paulo",-23.6473149,-46.6643635,,,,"AirGradient","AirGradient"
6139516,"São Paulo","um003",789,"particles/cm³","2026-06-23T11:00:00Z","2026-06-23T08:00:00-03:00","America/Sao_Paulo",-23.6473149,-46.6643635,,,,"AirGradient","AirGradient"
6139516,"São Paulo","um003",1391,"particles/cm³","2026-06-23T12:00:00Z","2026-06-23T09:00:00-03:00","America/Sao_Paulo",-23.6473149,-46.6643635,,,,"AirGradient","AirGradient"
6139516,"São Paulo","um003",601,"particles/cm³","2026-06-23T13:00:00Z","2026-06-23T10:00:00-03:00","America/Sao_Paulo",-23.6473149,-46.6643635,,,,"AirGradient","AirGradient"
6139516,"São Paulo","um003",856,"particles/cm³","2026-06-23T14:00:00Z","2026-06-23T11:00:00-03:00","America/Sao_Paulo",-23.6473149,-46.6643635,,,,"AirGradient","AirGradient"
6139516,"São Paulo","um003",845,"particles/cm³","2026-06-23T15:00:00Z","2026-06-23T12:00:00-03:00","America/Sao_Paulo",-23.6473149,-46.6643635,,,,"AirGradient","AirGradient"
6139516,"São Paulo","um003",761,"particles/cm³","2026-06-23T16:00:00Z","2026-06-23T13:00:00-03:00","America/Sao_Paulo",-23.6473149,-46.6643635,,,,"AirGradient","AirGradient"
6139516,"São Paulo","um003",907,"particles/cm³","2026-06-23T17:00:00Z","2026-06-23T14:00:00-03:00","America/Sao_Paulo",-23.6473149,-46.6643635,,,,"AirGradient","AirGradient"
6139516,"São Paulo","um003",662,"particles/cm³","2026-06-23T18:00:00Z","2026-06-23T15:00:00-03:00","America/Sao_Paulo",-23.6473149,-46.6643635,,,,"AirGradient","AirGradient"
6139516,"São Paulo","um003",595,"particles/cm³","2026-06-23T19:00:00Z","2026-06-23T16:00:00-03:00","America/Sao_Paulo",-23.6473149,-46.6643635,,,,"AirGradient","AirGradient"
6139516,"São Paulo","um003",130,"particles/cm³","2026-06-23T20:00:00Z","2026-06-23T17:00:00-03:00","America/Sao_Paulo",-23.6473149,-46.6643635,,,,"AirGradient","AirGradient"
6139516,"São Paulo","um003",67,"particles/cm³","2026-06-23T21:00:00Z","2026-06-23T18:00:00-03:00","America/Sao_Paulo",-23.6473149,-46.6643635,,,,"AirGradient","AirGradient"
6139516,"São Paulo","um003",62,"particles/cm³","2026-06-23T22:00:00Z","2026-06-23T19:00:00-03:00","America/Sao_Paulo",-23.6473149,-46.6643635,,,,"AirGradient","AirGradient"
6139516,"São Paulo","um003",61,"particles/cm³","2026-06-23T23:00:00Z","2026-06-23T20:00:00-03:00","America/Sao_Paulo",-23.6473149,-46.6643635,,,,"AirGradient","AirGradient"
6139516,"São Paulo","um003",57,"particles/cm³","2026-06-24T00:00:00Z","2026-06-23T21:00:00-03:00","America/Sao_Paulo",-23.6473149,-46.6643635,,,,"AirGradient","AirGradient"
6139516,"São Paulo","um003",47,"particles/cm³","2026-06-24T01:00:00Z","2026-06-23T22:00:00-03:00","America/Sao_Paulo",-23.6473149,-46.6643635,,,,"AirGradient","AirGradient"
6139516,"São Paulo","um003",58,"particles/cm³","2026-06-24T02:00:00Z","2026-06-23T23:00:00-03:00","America/Sao_Paulo",-23.6473149,-46.6643635,,,,"AirGradient","AirGradient"
6139516,"São Paulo","um003",108,"particles/cm³","2026-06-24T03:00:00Z","2026-06-24T00:00:00-03:00","America/Sao_Paulo",-23.6473149,-46.6643635,,,,"AirGradient","AirGradient"
6139516,"São Paulo","um003",81,"particles/cm³","2026-06-24T04:00:00Z","2026-06-24T01:00:00-03:00","America/Sao_Paulo",-23.6473149,-46.6643635,,,,"AirGradient","AirGradient"
6139516,"São Paulo","um003",37,"particles/cm³","2026-06-24T05:00:00Z","2026-06-24T02:00:00-03:00","America/Sao_Paulo",-23.6473149,-46.6643635,,,,"AirGradient","AirGradient"
6139516,"São Paulo","um003",31,"particles/cm³","2026-06-24T06:00:00Z","2026-06-24T03:00:00-03:00","America/Sao_Paulo",-23.6473149,-46.6643635,,,,"AirGradient","AirGradient"
6139516,"São Paulo","um003",23,"particles/cm³","2026-06-24T07:00:00Z","2026-06-24T04:00:00-03:00","America/Sao_Paulo",-23.6473149,-46.6643635,,,,"AirGradient","AirGradient"
6139516,"São Paulo","um003",18,"particles/cm³","2026-06-24T08:00:00Z","2026-06-24T05:00:00-03:00","America/Sao_Paulo",-23.6473149,-46.6643635,,,,"AirGradient","AirGradient"
6139516,"São Paulo","um003",21,"particles/cm³","2026-06-24T09:00:00Z","2026-06-24T06:00:00-03:00","America/Sao_Paulo",-23.6473149,-46.6643635,,,,"AirGradient","AirGradient"
6139516,"São Paulo","um003",40,"particles/cm³","2026-06-24T10:00:00Z","2026-06-24T07:00:00-03:00","America/Sao_Paulo",-23.6473149,-46.6643635,,,,"AirGradient","AirGradient"
6139516,"São Paulo","um003",154,"particles/cm³","2026-06-24T11:00:00Z","2026-06-24T08:00:00-03:00","America/Sao_Paulo",-23.6473149,-46.6643635,,,,"AirGradient","AirGradient"
6139516,"São Paulo","um003",136,"particles/cm³","2026-06-24T12:00:00Z","2026-06-24T09:00:00-03:00","America/Sao_Paulo",-23.6473149,-46.6643635,,,,"AirGradient","AirGradient"
6139516,"São Paulo","um003",88,"particles/cm³","2026-06-24T13:00:00Z","2026-06-24T10:00:00-03:00","America/Sao_Paulo",-23.6473149,-46.6643635,,,,"AirGradient","AirGradient"
6139516,"São Paulo","um003",162,"particles/cm³","2026-06-24T14:00:00Z","2026-06-24T11:00:00-03:00","America/Sao_Paulo",-23.6473149,-46.6643635,,,,"AirGradient","AirGradient"
6139516,"São Paulo","um003",68,"particles/cm³","2026-06-24T15:00:00Z","2026-06-24T12:00:00-03:00","America/Sao_Paulo",-23.6473149,-46.6643635,,,,"AirGradient","AirGradient"
6139516,"São Paulo","um003",94,"particles/cm³","2026-06-24T16:00:00Z","2026-06-24T13:00:00-03:00","America/Sao_Paulo",-23.6473149,-46.6643635,,,,"AirGradient","AirGradient"
6139516,"São Paulo","um003",92,"particles/cm³","2026-06-24T17:00:00Z","2026-06-24T14:00:00-03:00","America/Sao_Paulo",-23.6473149,-46.6643635,,,,"AirGradient","AirGradient"
6139516,"São Paulo","um003",157,"particles/cm³","2026-06-24T18:00:00Z","2026-06-24T15:00:00-03:00","America/Sao_Paulo",-23.6473149,-46.6643635,,,,"AirGradient","AirGradient"
6139516,"São Paulo","um003",111,"particles/cm³","2026-06-24T19:00:00Z","2026-06-24T16:00:00-03:00","America/Sao_Paulo",-23.6473149,-46.6643635,,,,"AirGradient","AirGradient"
6139516,"São Paulo","um003",108,"particles/cm³","2026-06-24T20:00:00Z","2026-06-24T17:00:00-03:00","America/Sao_Paulo",-23.6473149,-46.6643635,,,,"AirGradient","AirGradient"
6139516,"São Paulo","um003",138,"particles/cm³","2026-06-24T21:00:00Z","2026-06-24T18:00:00-03:00","America/Sao_Paulo",-23.6473149,-46.6643635,,,,"AirGradient","AirGradient"
6139516,"São Paulo","um003",231,"particles/cm³","2026-06-24T22:00:00Z","2026-06-24T19:00:00-03:00","America/Sao_Paulo",-23.6473149,-46.6643635,,,,"AirGradient","AirGradient"
6139516,"São Paulo","um003",292,"particles/cm³","2026-06-24T23:00:00Z","2026-06-24T20:00:00-03:00","America/Sao_Paulo",-23.6473149,-46.6643635,,,,"AirGradient","AirGradient"
6139516,"São Paulo","um003",318,"particles/cm³","2026-06-25T00:00:00Z","2026-06-24T21:00:00-03:00","America/Sao_Paulo",-23.6473149,-46.6643635,,,,"AirGradient","AirGradient"